codgeo;latitude;longitude;superficie;SEXE-AGE3_B_POP_ENS_ENS;densite;taux_cumu_1_inj
200000172;6557601;965024;115,130;27163;2,35933292799444e+02;0,569
200000438;6720287;317100;327,170;35445;1,08338172815356e+02;0,601
200000545;6822642;751848;105,090;18432;1,75392520696546e+02;0,576
200000628;6353222;837136;150,580;23896;1,58693053526365e+02;0,533
200000800;6723462;629474;342,570;10548;3,07907872843506e+01;0,707
200000925;6682848;866901;195,180;22004;1,12736960754176e+02;0,694
200000933;6706394;653115;974,560;14597;1,49780413725168e+01;0,721
200004802;6285572;1000962;408,000;28088;6,88431372549020e+01;0,531
200005932;6737402;620802;417,260;15402;3,69122369745482e+01;0,722
200005957;6813763;968641;328,960;13052;3,96765564202335e+01;0,615
200006682;6656547;835217;558,810;51395;9,19722266960148e+01;0,707
200006716;6821854;738015;295,850;16830;5,68869359472706e+01;0,619
200006930;6403932;761329;262,270;5186;1,97735158424524e+01;0,655
200006971;6796608;544761;281,570;18261;6,48542103207018e+01;0,703
200007052;6598049;607091;286,360;5663;1,97758066769102e+01;0,705
200007177;6651820;684706;254,210;4879;1,91927933598206e+01;0,627
200010650;6670850;889353;426,580;54595;1,27983027802522e+02;0,649
200010700;6942990;524487;575,940;77906;1,35267562593326e+02;0,681
200011773;6571678;952292;77,820;90378;1,16137239784117e+03;0,472
200011781;6654081;697909;290,550;9663;3,32576148683531e+01;0,664
200013050;6881863;1049016;197,820;17388;8,78980891719745e+01;0,692
200015162;6146523;1229325;474,660;6011;1,26638014578856e+01;0,597
200016905;6434787;823871;223,850;6682;2,98503462139826e+01;0,623
200017341;6297876;728078;554,650;14702;2,65068060939331e+01;0,557
200017846;6810120;635717;473,100;54337;1,14853096596914e+02;0,584
200018083;7065490;616346;248,380;23225;9,35059183509139e+01;0,703
200018166;6471618;931178;647,350;101729;1,57146829381324e+02;0,685
200018406;6692638;606226;492,320;33569;6,81853266168346e+01;0,665
200018521;6612356;607468;280,170;5996;2,14012920726702e+01;0,676
200022986;6297083;766604;576,580;48811;8,46560754795518e+01;0,679
200023075;6693957;989828;385,240;18604;4,82919738344928e+01;0,534
200023125;6849827;677113;67,550;45787;6,77823834196891e+02;0,649
200023240;6796348;669930;223,920;29749;1,32855484101465e+02;0,625
200023299;6492842;976550;164,130;9185;5,59617376469871e+01;0,634
200023307;6365382;515034;355,820;47719;1,34109943229723e+02;0,603
200023372;6546792;998328;350,180;13069;3,73208064424011e+01;0,642
200023414;6925529;557757;664,140;492681;7,41833047249074e+02;0,657
200023620;6279106;542931;237,810;22069;9,28009755687313e+01;0,638
200023737;6378989;574859;594,330;41607;7,00065620110040e+01;0,646
200023778;6633022;329873;293,900;49545;1,68577747533175e+02;0,735
200023794;6453290;417376;205,140;20052;9,77478794969289e+01;0,615
200023919;6787631;678035;337,610;18716;5,54367465418678e+01;0,623
200026573;6588519;917862;350,840;20262;5,77528217991107e+01;0,609
200027027;6730399;294569;351,650;27767;7,89620361154557e+01;0,672
200027076;6637921;647654;361,670;8109;2,24209915115990e+01;0,641
200027100;6239813;965430;431,180;44109;1,02298344079039e+02;0,607
200027183;6181083;688245;646,660;268445;4,15125413664058e+02;0,598
200027217;6422924;557062;234,430;16023;6,83487608241266e+01;0,635
200027308;6741213;863932;765,480;8330;1,08820609290902e+01;0,666
200029734;6485474;456909;617,080;19917;3,22762040578207e+01;0,651
200029999;6555354;886322;170,430;14620;8,57830194214634e+01;0,633
200030195;6319562;1037769;1463,730;540281;3,69112472928750e+02;0,574
200030385;6720723;569141;793,360;105286;1,32708984571947e+02;0,649
200030435;6291421;434956;302,400;12846;4,24801587301587e+01;0,712
200030526;6800824;1039538;185,770;20254;1,09027291812456e+02;0,663
200030633;7000875;732112;374,460;64565;1,72421620466806e+02;0,636
200030658;6421449;909848;635,520;10103;1,58972180261833e+01;0,618
200030674;6379395;477860;671,550;60213;8,96627205718115e+01;0,622
200032514;6671574;692786;278,000;5508;1,98129496402878e+01;0,661
200033025;6850227;864311;400,610;34458;8,60138289109109e+01;0,703
200033090;6876269;681346;144,610;24840;1,71772353225918e+02;0,622
200033116;6555399;975953;202,330;46089;2,27791232145505e+02;0,572
200033173;6846213;626566;85,050;25178;2,96037624926514e+02;0,715
200033181;6815452;589923;863,730;136243;1,57737950516944e+02;0,675
200033298;6788605;446887;691,370;27189;3,93262652414771e+01;0,671
200033579;7020049;684660;307,750;108347;3,52061738424045e+02;0,685
200033827;6123236;1223258;649,560;12971;1,99689020259868e+01;0,567
200033868;6761766;982457;194,170;15114;7,78390070556729e+01;0,627
200034023;6287206;601164;260,480;28727;1,10284858722359e+02;0,625
200034031;6309062;652596;340,980;6415;1,88134201419438e+01;0,651
200034049;6301606;634840;264,670;11098;4,19314618203801e+01;0,624
200034056;6287286;623903;397,310;14424;3,63041453776648e+01;0,647
200034064;6333372;613049;258,650;4522;1,74830852503383e+01;0,611
200034098;6561850;982543;350,140;12145;3,46861255497801e+01;0,616
200034130;6865696;619862;95,870;22004;2,29519140502764e+02;0,715
200034197;6426782;472261;265,410;12020;4,52884216872009e+01;0,616
200034205;6160934;1232484;185,420;10666;5,75234602524000e+01;0,559
200034270;6818861;1028542;191,660;24254;1,26547010330794e+02;0,675
200034379;6328993;811179;479,390;28454;5,93545964663426e+01;0,636
200034411;6316970;780017;452,730;21879;4,83268173083295e+01;0,582
200034601;6332330;748759;430,190;5396;1,25432948232176e+01;0,565
200034635;6848471;1037642;137,260;25709;1,87301471659624e+02;0,746
200034692;6342823;826276;633,260;74411;1,17504658434134e+02;0,562
200034700;6307914;936185;843,800;62425;7,39808011377104e+01;0,548
200034718;6844457;811333;526,710;24070;4,56987716200566e+01;0,649
200034726;6300547;528757;428,310;11209;2,61702972146343e+01;0,671
200034825;6563081;612179;482,450;28734;5,95585034718624e+01;0,694
200034833;6412616;525615;668,240;18694;2,79749790494433e+01;0,649
200034874;6870166;897884;430,560;5986;1,39028242289112e+01;0,625
200034882;6537565;982873;435,680;44857;1,02958593463092e+02;0,639
200034957;6300200;572176;162,330;26724;1,64627610423212e+02;0,625
200035087;6307022;851574;258,830;59572;2,30158791484758e+02;0,566
200035103;6831852;503393;282,030;7630;2,70538595184909e+01;0,668
200035111;6838258;487513;349,760;11971;3,42263266239707e+01;0,680
200035129;6352250;797375;321,780;19164;5,95562185344024e+01;0,588
200035137;6597909;568647;514,000;6677;1,29902723735409e+01;0,722
200035202;6560682;794427;280,130;23382;8,34683896762218e+01;0,664
200035319;6271394;1003386;352,520;114875;3,25868035856122e+02;0,590
200035327;6393805;560509;249,720;5357;2,14520262694218e+01;0,654
200035442;7002529;689904;427,550;27349;6,39667875102327e+01;0,681
200035459;6344298;512034;483,130;96339;1,99405956988802e+02;0,622
200035533;6428186;455913;238,070;14518;6,09820640987945e+01;0,684
200035541;6332757;447927;1068,950;10804;1,01071144581131e+01;0,718
200035632;6290119;455101;280,160;6806;2,42932609937179e+01;0,692
200035707;6234639;616381;486,960;15786;3,24174470182356e+01;0,592
200035715;6235625;653185;1067,600;113464;1,06279505432746e+02;0,628
200035723;6332758;887527;404,080;9392;2,32429221936250e+01;0,547
200035731;6552894;775963;694,800;100288;1,44340817501439e+02;0,685
200035756;6262421;487235;384,100;7235;1,88362405623536e+01;0,688
200035764;6770606;608587;401,020;16797;4,18856914867089e+01;0,691
200035772;6822333;932225;350,590;14370;4,09880487178756e+01;0,705
200035814;6853827;442673;572,740;53786;9,39099766036945e+01;0,694
200035848;6653571;563057;275,990;5821;2,10913438892714e+01;0,728
200035855;6248325;609970;496,780;27116;5,45835178549861e+01;0,610
200035863;6221042;672674;823,590;33336;4,04764506611299e+01;0,597
200035970;6891432;623500;242,860;24859;1,02359384007247e+02;0,668
200036069;6827005;517393;405,960;13670;3,36732683022958e+01;0,685
200036077;6245929;988593;433,950;57333;1,32118907708261e+02;0,605
200036135;6626118;663623;382,960;18315;4,78248381031962e+01;0,664
200036150;6749697;914639;491,940;8517;1,73130869618246e+01;0,692
200036465;6752580;1007843;157,610;37251;2,36349216420278e+02;0,616
200036473;6521767;421513;476,430;59760;1,25432907247654e+02;0,661
200036499;6180821;1224331;182,370;23897;1,31035806327795e+02;0,547
200036523;6390428;517539;676,550;17048;2,51984332274037e+01;0,638
200036549;6705745;894790;499,630;20494;4,10183535816504e+01;0,664
200036572;6349344;526991;169,400;5244;3,09563164108619e+01;0,631
200037059;6985055;698427;466,200;27253;5,84577434577435e+01;0,700
200037133;6835151;722160;604,930;34587;5,71752103549171e+01;0,635
200038958;6104939;1198242;658,080;12721;1,93304765378070e+01;0,634
200038990;6799992;322020;332,710;26473;7,95677917706111e+01;0,639
200039022;6784298;385213;880,010;81205;9,22773604845400e+01;0,648
200039055;6691187;832287;319,570;10812;3,38329630440905e+01;0,688
200039063;6707923;838893;426,030;6997;1,64237260286834e+01;0,716
200039204;6266500;403959;733,890;53184;7,24686260883784e+01;0,664
200039519;6360690;563871;350,420;7733;2,20678043490668e+01;0,626
200039642;6748833;781285;791,700;15835;2,00012631047114e+01;0,679
200039709;6724888;777621;528,830;7247;1,37038367717414e+01;0,704
200039758;6710347;763338;726,110;18786;2,58721130407239e+01;0,674
200039808;6371952;809384;414,610;15245;3,67694942234871e+01;0,612
200039824;6398227;798480;266,950;9576;3,58718861209964e+01;0,573
200039832;6368992;789214;331,100;9264;2,79794623980670e+01;0,582
200039857;6300564;1009001;491,640;100188;2,03783256041006e+02;0,562
200039865;6893689;930280;306,180;221484;7,23378404859886e+02;0,654
200039907;6881233;940615;249,650;16331;6,54155818145404e+01;0,715
200039915;6280744;1021102;97,520;158111;1,62131870385562e+03;0,594
200039931;6328448;1017734;880,320;9677;1,09925936023264e+01;0,538
200039949;6907017;932094;126,570;51925;4,10247293987517e+02;0,641
200040038;6644798;856631;318,730;12111;3,79976782856964e+01;0,675
200040095;6449003;501609;287,340;18927;6,58697013990395e+01;0,665
200040111;6485432;917793;356,140;17045;4,78603919806818e+01;0,639
200040137;6817255;811389;442,720;9344;2,11058908565233e+01;0,700
200040178;6881219;1060737;119,900;16214;1,35229357798165e+02;0,663
200040202;6282114;936849;649,410;22218;3,42125929690026e+01;0,505
200040210;6294859;966941;557,660;9165;1,64347451852383e+01;0,569
200040244;6642905;429027;1248,250;73739;5,90739034648508e+01;0,642
200040251;6816958;715334;423,280;23292;5,50274050274050e+01;0,647
200040277;6848588;576339;1063,770;114862;1,07976348270773e+02;0,612
200040293;6600897;822475;450,750;13915;3,08707709373267e+01;0,697
200040350;6525745;907789;543,660;33923;6,23974542912850e+01;0,632
200040384;6441289;476040;237,610;12106;5,09490341315601e+01;0,622
200040392;6450056;522287;1018,430;103757;1,01879363333759e+02;0,677
200040400;6469548;494733;685,850;19607;2,85878836480280e+01;0,686
200040418;6354656;544514;452,020;8440;1,86717401884872e+01;0,594
200040426;6964196;729685;329,160;15998;4,86025033418398e+01;0,701
200040442;6305156;876928;360,890;54879;1,52065726398626e+02;0,544
200040459;6389168;846726;382,660;66944;1,74943814352166e+02;0,594
200040475;6768484;465496;463,730;18323;3,95122161602657e+01;0,678
200040491;6460829;848765;423,660;47239;1,11502147948827e+02;0,591
200040509;6401122;873179;236,660;15673;6,62258091777233e+01;0,541
200040558;6666799;582975;506,300;11078;2,18803081177168e+01;0,691
200040566;6544565;810775;560,060;50616;9,03760311395208e+01;0,633
200040574;6536209;827579;244,710;53136;2,17138653916881e+02;0,673
200040590;6547287;826987;167,860;72677;4,32961992136304e+02;0,616
200040624;6313137;892036;640,330;29137;4,55030999640810e+01;0,577
200040657;6427426;924273;675,890;18956;2,80459838139342e+01;0,610
200040681;6370477;853280;373,120;22800;6,11063464837050e+01;0,579
200040715;6453863;914606;542,540;445059;8,20324768680650e+02;0,655
200040764;6069383;1214761;588,460;21003;3,56914658600415e+01;0,524
200040772;6762239;562219;387,570;9220;2,37892509740176e+01;0,691
200040798;6487753;985148;430,850;9134;2,11999535801323e+01;0,633
200040814;6505118;578105;328,630;9110;2,77211453610443e+01;0,693
200040830;6426492;569233;326,740;9630;2,94729754544898e+01;0,633
200040889;6406034;506806;267,800;8416;3,14264376400299e+01;0,630
200040905;6330231;632203;485,060;29773;6,13800354595308e+01;0,632
200040947;7073682;667572;636,890;102391;1,60767165444582e+02;0,693
200040954;7089931;656605;450,720;53584;1,18885339013135e+02;0,704
200041010;6493974;944226;315,630;37100;1,17542692392992e+02;0,642
200041051;6413051;544558;256,120;9030;3,52569108230517e+01;0,645
200041150;6455001;555677;581,610;22357;3,84398480081154e+01;0,646
200041168;6434587;544968;482,250;15629;3,24085018144116e+01;0,609
200041283;6882122;1072527;149,270;18402;1,23279962484089e+02;0,647
200041317;6580900;430176;800,340;121220;1,51460629232576e+02;0,688
200041325;6866020;1066286;157,630;36688;2,32747573431453e+02;0,702
200041333;6619787;454509;826,400;37381;4,52335430784124e+01;0,672
200041366;6427493;841884;201,690;33809;1,67628538846745e+02;0,651
200041416;6639128;458773;196,260;6897;3,51421583613574e+01;0,675
200041440;6404472;553875;385,260;8561;2,22213570056585e+01;0,648
200041465;6426122;810143;488,930;12534;2,56355715542102e+01;0,613
200041499;6579504;400294;441,570;30188;6,83651516180900e+01;0,607
200041515;6869315;924334;269,280;40477;1,50315656565657e+02;0,663
200041523;6484075;433021;1747,170;68107;3,89813240840903e+01;0,644
200041556;6585264;619591;337,420;6635;1,96639203366724e+01;0,684
200041572;6480696;513441;402,810;11253;2,79362478587920e+01;0,665
200041614;6562615;405865;452,910;31958;7,05614802057804e+01;0,607
200041622;6970896;798096;433,120;9761;2,25364794975988e+01;0,676
200041630;6961573;831828;549,330;121469;2,21122094187465e+02;0,666
200041689;6544227;434457;1411,340;52173;3,69669959046013e+01;0,648
200041721;6760302;938852;430,930;17760;4,12131900772747e+01;0,679
200041762;6544762;393370;426,460;63220;1,48243680532758e+02;0,623
200041853;6715074;941482;238,800;6580;2,75544388609715e+01;0,642
200041861;6738260;949855;371,390;11053;2,97611675058564e+01;0,663
200041879;6744275;931856;367,150;13180;3,58981342775432e+01;0,678
200041887;6691089;909511;303,210;14340;4,72939546848719e+01;0,655
200041960;7045944;711051;312,350;95816;3,06758444053145e+02;0,720
200041994;6593893;454836;346,960;30803;8,87796864191838e+01;0,668
200042000;6795093;972949;221,560;15159;6,84193897815490e+01;0,632
200042174;6764525;227162;732,700;204107;2,78568308994131e+02;0,681
200042182;6817118;460029;546,930;16022;2,92944252463752e+01;0,709
200042190;7030278;727813;373,920;158837;4,24788724860933e+02;0,631
200042372;6277163;522232;403,920;10687;2,64582095464448e+01;0,659
200042414;6630745;873409;283,100;9875;3,48816672553868e+01;0,654
200042463;6253225;644488;297,560;5838;1,96195725231886e+01;0,618
200042497;6542569;841126;180,990;38587;2,13199624288635e+02;0,668
200042604;6869328;371613;286,110;44276;1,54751668938520e+02;0,731
200042620;6892264;814275;479,710;7712;1,60763794792687e+01;0,689
200042646;6284453;710236;459,460;20176;4,39124189265660e+01;0,613
200042653;6254119;698223;314,200;17810;5,66836409929981e+01;0,649
200042703;6887739;833863;833,950;11969;1,43521793872534e+01;0,735
200042729;6925774;388199;302,780;23039;7,60915516216395e+01;0,705
200042901;6363221;843569;289,330;42442;1,46690630076383e+02;0,555
200042935;6564105;899292;610,630;63099;1,03334261336652e+02;0,597
200042943;6218509;1222755;308,610;6766;2,19241113379346e+01;0,639
200042992;6839755;824740;288,260;5663;1,96454589606605e+01;0,708
200043016;6550402;480528;402,610;13841;3,43781823601003e+01;0,672
200043065;6706608;549156;253,100;27851;1,10039510075069e+02;0,682
200043081;6678652;487308;347,460;23447;6,74811489092270e+01;0,695
200043123;6743818;246576;524,400;87546;1,66945080091533e+02;0,684
200043156;6932805;792557;815,890;29904;3,66519996568165e+01;0,687
200043172;6457626;577489;807,960;107507;1,33059804940839e+02;0,676
200043263;7005010;769559;419,460;29788;7,10151146712440e+01;0,630
200043321;7016770;748986;468,300;48392;1,03335468716635e+02;0,683
200043354;6869827;392693;296,530;15669;5,28411965062557e+01;0,686
200043396;7017532;768862;345,480;125160;3,62278568947551e+02;0,583
200043404;6996057;779824;179,930;25055;1,39248596676485e+02;0,610
200043438;6865611;808019;492,060;9499;1,93045563549161e+01;0,703
200043495;6937737;745835;308,580;42622;1,38123015101432e+02;0,646
200043602;6159148;698723;294,860;55610;1,88597978701757e+02;0,653
200043628;6598468;498309;376,930;26673;7,07638022975088e+01;0,706
200043693;6932113;890415;243,670;15397;6,31879180859359e+01;0,628
200043776;6195815;627620;933,900;13844;1,48238569439983e+01;0,579
200043974;6384335;436094;826,010;38723;4,68795777290832e+01;0,628
200043982;6370994;449455;607,290;15722;2,58887846004380e+01;0,671
200043990;6768867;333374;503,880;43861;8,70465190124633e+01;0,623
200044014;6533050;632935;614,230;11915;1,93982710059750e+01;0,650
200044030;7033051;628847;501,980;29653;5,90720745846448e+01;0,706
200044048;7018344;700460;333,160;42277;1,26896986432945e+02;0,686
200044253;6813884;857967;698,050;12523;1,79399756464437e+01;0,633
200044394;6390897;457350;326,020;23860;7,31856941291945e+01;0,617
200044469;6217270;607621;336,990;10522;3,12234784414968e+01;0,609
200044618;7027832;708299;236,380;148983;6,30269058295964e+02;0,634
200046977;6521302;842463;537,240;1398892;2,60384930384930e+03;0,605
200048551;6760056;400356;646,220;28752;4,44925876636440e+01;0,664
200049187;6903301;871346;295,210;27727;9,39229700890891e+01;0,674
200049211;6165539;649891;785,910;20466;2,60411497499714e+01;0,569
200049484;6613335;649751;858,730;11721;1,36492261828514e+01;0,648
200054781;6859932;655704;814,890;7075028;8,68218777994576e+03;0,621
200054807;6268483;891573;3158,320;1889666;5,98313660427062e+02;0,534
200055481;6741867;581563;517,840;19756;3,81507801637571e+01;0,663
200055655;6881035;666651;342,210;354451;1,03577043335963e+03;0,511
200055887;6809453;435894;626,750;36727;5,85991224571201e+01;0,675
200056232;6844216;643328;186,930;314169;1,68067725886696e+03;0,635
200056380;6878859;650264;74,790;182585;2,44130231314347e+03;0,610
200057859;6834243;646757;133,420;201873;1,51306400839454e+03;0,584
200057958;6861017;672614;96,310;227943;2,36676357595265e+03;0,591
200058360;6809697;569017;455,910;21199;4,64982123664758e+01;0,681
200058477;6844178;661826;66,850;177020;2,64801795063575e+03;0,581
200058485;6878552;642448;86,910;278166;3,20062133241284e+03;0,600
200058519;6867205;635495;114,900;335109;2,91652741514360e+03;0,653
200058782;6853766;625743;120,070;228312;1,90149079703506e+03;0,600
200059228;6834854;663442;215,710;352123;1,63239070974920e+03;0,521
200059392;6478758;874961;658,050;54727;8,31654129625408e+01;0,643
200059400;6529872;535091;340,020;25692;7,55602611611082e+01;0,683
200059889;6876176;613346;508,480;417556;8,21184707363121e+02;0,571
200060010;6689534;397797;1318,210;119881;9,09422626136958e+01;0,641
200065563;6908777;474221;280,570;31223;1,11284171508002e+02;0,716
200065589;6896954;468485;167,120;18334;1,09705600765917e+02;0,685
200065597;6905066;454661;349,610;268470;7,67912817139098e+02;0,707
200065647;6713607;985180;449,860;140002;3,11212377184013e+02;0,590
200065787;6917295;525061;316,630;32961;1,04099422038341e+02;0,652
200065886;6503507;779691;1314,300;109787;8,35326789926197e+01;0,661
200065894;6516988;798098;555,610;63673;1,14600169183420e+02;0,669
200065928;6865668;231117;901,130;99520;1,10439115332971e+02;0,726
200066009;6749825;1025622;439,110;274066;6,24139737195691e+02;0,565
200066017;6903799;516515;408,820;20493;5,01271953426936e+01;0,641
200066025;6775341;1036549;328,910;33336;1,01352953695540e+02;0,644
200066033;6733451;1008742;230,280;22297;9,68256036129929e+01;0,625
200066041;6726159;1023225;433,300;47562;1,09766905146550e+02;0,616
200066058;6732074;1034372;270,000;80298;2,97400000000000e+02;0,594
200066108;6834798;869767;739,930;16555;2,23737380563026e+01;0,672
200066116;6902659;854332;494,380;7106;1,43735588009224e+01;0,699
200066124;6313417;607757;1186,470;74203;6,25409829157079e+01;0,610
200066132;6928740;858066;442,670;9663;2,18289018907990e+01;0,637
200066140;6871274;865291;663,900;6496;9,78460611537882e+00;0,702
200066157;6842803;890520;711,480;22271;3,13023556530050e+01;0,652
200066165;6886604;871314;350,690;9121;2,60087256551370e+01;0,680
200066173;6918966;883140;496,710;8242;1,65931831450947e+01;0,625
200066223;6229527;566517;384,520;10850;2,82169978154582e+01;0,559
200066231;6229867;586217;418,590;39515;9,44002484531403e+01;0,603
200066280;6787381;643059;491,180;29209;5,94669978419317e+01;0,627
200066322;6327657;546278;450,210;41411;9,19815197352347e+01;0,578
200066330;6679483;663471;693,230;26017;3,75301126610216e+01;0,676
200066348;6259680;683716;783,930;14630;1,86623805696937e+01;0,597
200066355;6263227;754769;374,770;125325;3,34405101795768e+02;0,619
200066363;6183625;599600;1090,460;7128;6,53669093776938e+00;0,668
200066371;6420815;598457;1261,540;45207;3,58347733722276e+01;0,636
200066389;6897149;401844;794,550;75972;9,56163866339437e+01;0,700
200066405;6918343;538374;341,260;40774;1,19480747816914e+02;0,682
200066413;6890113;528883;903,150;55048;6,09511155400543e+01;0,653
200066462;6858917;541399;709,080;38516;5,43182715631523e+01;0,664
200066512;6548171;571540;618,450;27811;4,49688737973967e+01;0,690
200066520;6516898;536159;421,800;11387;2,69962067330488e+01;0,685
200066553;6286575;676626;795,110;8007;1,00703047377092e+01;0,647
200066561;6285844;651631;464,450;12588;2,71030250834320e+01;0,660
200066587;6510788;813172;398,760;35088;8,79927776105928e+01;0,592
200066603;6482432;574861;255,650;7536;2,94778016819871e+01;0,740
200066637;6454985;700541;904,350;11555;1,27771327472770e+01;0,689
200066645;6496624;608998;516,500;5007;9,69409486931268e+00;0,723
200066652;6310626;560664;439,240;42008;9,56379200437119e+01;0,594
200066660;6430368;702196;1381,170;23447;1,69761868560713e+01;0,700
200066678;6413831;644353;1051,640;21207;2,01656460385683e+01;0,711
200066710;6882390;452246;356,710;24381;6,83496397633932e+01;0,672
200066728;6894366;447145;130,650;25392;1,94351320321470e+02;0,721
200066744;6496916;643874;1826,900;33330;1,82440199244622e+01;0,703
200066751;6445488;620385;653,930;11396;1,74269417215910e+01;0,722
200066769;6439205;600582;381,780;12997;3,40431662213840e+01;0,671
200066777;6780444;294878;733,070;42001;5,72946649023968e+01;0,642
200066785;6761549;304304;641,370;38981;6,07777102140730e+01;0,644
200066793;6533044;941446;537,600;203784;3,79062500000000e+02;0,617
200066801;6915292;415869;591,710;26680;4,50896554055196e+01;0,697
200066819;6241908;556972;410,840;30182;7,34641222860481e+01;0,616
200066827;6923969;503979;195,560;27283;1,39512170177951e+02;0,670
200066835;6841489;751536;763,440;21360;2,79786230745049e+01;0,652
200066850;6879622;756718;583,220;21104;3,61853160042523e+01;0,697
200066868;6822901;155132;282,660;22616;8,00113210217222e+01;0,709
200066876;6873791;793982;811,150;79518;9,80311902853973e+01;0,652
200066884;6326995;583255;337,550;22227;6,58480225151829e+01;0,574
200066892;6801352;820011;447,610;7674;1,71443890887156e+01;0,694
200066918;6337937;786474;925,240;129931;1,40429510181142e+02;0,582
200066926;6293068;505092;605,960;38936;6,42550663410126e+01;0,702
200066975;6901385;673463;197,720;24345;1,23128666801538e+02;0,674
200067023;6888735;377741;507,700;47841;9,42308449871972e+01;0,718
200067031;6913415;374893;488,960;21929;4,48482493455497e+01;0,711
200067049;6136029;1180643;923,250;7617;8,25020308692120e+00;0,640
200067064;6387078;640679;185,830;18735;1,00817951891514e+02;0,629
200067072;6862919;178780;248,650;31610;1,27126483008245e+02;0,744
200067080;6740869;757239;591,900;14934;2,52306132792701e+01;0,687
200067106;6250994;361651;2998,880;312278;1,04131542442512e+02;0,690
200067114;6742478;743526;437,290;68050;1,55617553568570e+02;0,680
200067122;6337617;561587;220,470;11008;4,99296956502018e+01;0,590
200067130;6728029;720300;1727,810;34228;1,98100485585799e+01;0,676
200067155;6316416;685676;431,910;13653;3,16107522400500e+01;0,655
200067163;6302528;684301;654,290;6285;9,60583227620780e+00;0,663
200067171;6403660;679750;863,360;10147;1,17529188287620e+01;0,722
200067189;6542716;612494;882,970;13563;1,53606577799925e+01;0,660
200067197;6829241;194795;396,880;7652;1,92803870187462e+01;0,625
200067205;6944781;372160;1421,290;179484;1,26282461707322e+02;0,702
200067213;6905495;771558;1436,810;295926;2,05960426221978e+02;0,656
200067221;6771585;263888;627,310;42823;6,82644944285919e+01;0,663
200067239;6272459;429214;524,710;28481;5,42795067751710e+01;0,693
200067247;6813042;174386;424,440;22927;5,40170577702384e+01;0,681
200067254;6250711;424670;343,860;161871;4,70746815564474e+02;0,670
200067262;6231929;405358;1070,480;32154;3,00369927509155e+01;0,644
200067288;6261576;386546;444,330;17445;3,92613598001485e+01;0,664
200067296;6259064;443404;583,420;34273;5,87449864591546e+01;0,682
200067304;6766468;751702;467,790;24133;5,15893884007781e+01;0,671
200067320;6383561;952854;243,990;7620;3,12307881470552e+01;0,561
200067346;6681683;324359;525,430;63534;1,20918105171003e+02;0,686
200067361;6394842;616844;1285,250;43563;3,38945730402645e+01;0,604
200067379;6856694;828573;452,350;11716;2,59002984414723e+01;0,685
200067429;6704098;734880;504,680;12187;2,41479749544266e+01;0,656
200067437;6338751;955325;1598,510;47382;2,96413535104566e+01;0,558
200067445;6387301;923094;717,720;9358;1,30385108398818e+01;0,588
200067452;6407045;995693;753,080;8031;1,06642056620811e+01;0,575
200067460;6806013;275980;1154,600;51230;4,43703447081240e+01;0,665
200067478;6383358;674081;645,860;19355;2,99677948781470e+01;0,689
200067486;6923630;951539;332,750;25187;7,56934635612322e+01;0,659
200067502;6886906;971753;347,610;52934;1,52279853859210e+02;0,653
200067544;6572864;642084;991,750;16589;1,67269977312831e+01;0,691
200067551;6585333;960717;238,740;88701;3,71538074893189e+02;0,527
200067593;6543797;650156;966,880;13476;1,39376137679960e+01;0,667
200067627;6514297;727704;270,340;25734;9,51912406599098e+01;0,684
200067635;6674800;369783;311,500;55455;1,78025682182986e+02;0,670
200067643;6826010;950413;271,800;16769;6,16961000735835e+01;0,681
200067650;6906657;957384;252,750;23116;9,14579624134520e+01;0,710
200067668;6768791;696356;500,000;20191;4,03820000000000e+01;0,636
200067676;6757094;672496;754,430;27555;3,65242633511393e+01;0,672
200067684;6872359;773175;587,940;47446;8,06987107527979e+01;0,685
200067692;6688294;746876;768,030;9718;1,26531515696001e+01;0,704
200067700;6637585;732781;530,330;20717;3,90643561556012e+01;0,706
200067742;6388793;973364;622,370;16499;2,65099538859521e+01;0,584
200067759;6973630;816375;414,630;24885;6,00173648795312e+01;0,693
200067767;6434947;882824;477,240;9600;2,01156650741765e+01;0,617
200067783;6872146;1023313;360,780;26627;7,38039802649814e+01;0,700
200067791;6211733;586573;447,520;31816;7,10940293171255e+01;0,625
200067817;6565068;824766;455,090;44277;9,72928431738777e+01;0,663
200067825;6378859;938873;349,890;50302;1,43765183343336e+02;0,601
200067841;6875562;1003308;384,190;24509;6,37939561154637e+01;0,686
200067866;6686860;375066;277,480;47805;1,72282687040507e+02;0,661
200067874;6864611;1045840;397,990;96736;2,43061383451846e+02;0,679
200067882;6646835;759009;1213,790;15432;1,27138961434845e+01;0,723
200067890;6675362;771895;972,760;12304;1,26485464040462e+01;0,695
200067908;6659921;734419;652,740;8580;1,31445904954499e+01;0,659
200067916;6696500;704847;718,430;25182;3,50514315938922e+01;0,680
200067924;6819108;1042994;272,170;47915;1,76048058198920e+02;0,689
200067932;6744505;268354;799,580;169785;2,12342729933215e+02;0,695
200067940;6209436;549587;1646,670;29928;1,81748619942065e+01;0,557
200067957;6897248;944664;255,780;19225;7,51622488075690e+01;0,719
200067965;6919378;685805;264,830;82870;3,12917720802024e+02;0,628
200067973;6909141;645961;306,800;60670;1,97750977835724e+02;0,634
200067981;6846654;240916;1123,860;73464;6,53675724734398e+01;0,701
200067999;6929589;636431;541,940;103191;1,90410377532568e+02;0,625
200068005;6945511;646874;398,090;21028;5,28222261297697e+01;0,667
200068047;6906938;658495;83,840;87036;1,03812022900763e+03;0,486
200068070;6667685;929090;655,860;25335;3,86286707529046e+01;0,634
200068088;6676146;716731;593,790;20033;3,37375166304586e+01;0,686
200068096;6406040;947528;794,930;11169;1,40502937365554e+01;0,619
200068104;6261612;942634;953,790;99179;1,03984105515889e+02;0,522
200068112;6856175;1024188;244,960;35772;1,46032005225343e+02;0,703
200068120;6796055;172188;479,440;100620;2,09869848156182e+02;0,662
200068146;6854129;994824;831,430;45555;5,47911429705447e+01;0,710
200068229;6361353;885919;1091,930;21127;1,93483098733435e+01;0,582
200068278;6725666;684894;550,870;18040;3,27481983045002e+01;0,682
200068294;6711075;962071;379,580;15958;4,20412034353759e+01;0,656
200068369;6803275;934818;476,280;19026;3,99470899470899e+01;0,655
200068377;6772893;966980;261,720;29357;1,12169494115849e+02;0,675
200068435;6813973;535999;390,360;11372;2,91320832052464e+01;0,675
200068443;6832093;432556;338,360;13200;3,90117035110533e+01;0,736
200068450;6856486;477071;721,260;33773;4,68250006932313e+01;0,709
200068468;6850474;521085;550,670;25823;4,68937839359326e+01;0,685
200068484;6370722;696628;741,410;14524;1,95897007054127e+01;0,691
200068500;7007081;715628;412,950;81739;1,97939217822981e+02;0,665
200068534;6964797;558306;476,300;37901;7,95737980264539e+01;0,715
200068542;6515610;882631;619,810;76630;1,23634662235201e+02;0,633
200068559;6810569;903706;730,580;23320;3,19198445071039e+01;0,658
200068567;6496371;895713;340,780;62888;1,84541346323141e+02;0,611
200068625;6326162;986100;1736,390;11443;6,59010936483163e+00;0,605
200068641;6266527;559430;321,430;121914;3,79286314283048e+02;0,631
200068658;6786196;859732;932,230;44753;4,80063932720466e+01;0,701
200068666;6829981;842850;942,720;57096;6,05651731160896e+01;0,658
200068674;6519767;924852;348,570;75876;2,17677941303038e+02;0,655
200068682;6795347;915241;416,400;17692;4,24879923150817e+01;0,633
200068757;6795781;952203;1126,930;111259;9,87275163497289e+01;0,658
200068765;6364129;924885;1493,850;25156;1,68397094755163e+01;0,567
200068773;6779259;919329;695,490;11987;1,72353304864196e+01;0,622
200068781;6435160;862108;909,780;223349;2,45497812658005e+02;0,610
200068799;6872413;419756;798,680;46853;5,86630440226374e+01;0,685
200068807;6251421;573561;315,250;32314;1,02502775574941e+02;0,619
200068815;6247852;542293;574,420;34793;6,05706625813864e+01;0,621
200068831;6347546;650696;582,940;17956;3,08024839606134e+01;0,659
200068856;6832219;535815;390,110;8220;2,10709799800056e+01;0,672
200068864;6845222;1027679;176,070;24606;1,39751235304140e+02;0,713
200068872;6608714;590463;455,010;19684;4,32605876793917e+01;0,697
200068880;6652846;614798;716,050;9870;1,37839536345227e+01;0,682
200068914;6512818;499842;446,460;21778;4,87792859382700e+01;0,686
200068922;6358947;493763;381,590;18341;4,80646767472942e+01;0,611
200068930;6373875;535290;453,010;24477;5,40319198251694e+01;0,611
200068948;6340225;486874;745,250;26189;3,51412277759141e+01;0,681
200068955;6728584;449826;445,970;27873;6,24997197120883e+01;0,669
200068963;6784408;491485;188,440;21296;1,13012099341966e+02;0,706
200068989;6828363;320070;955,530;97589;1,02130754659718e+02;0,668
200068997;6515160;965284;764,520;60956;7,97310730916130e+01;0,612
200069003;6778625;804351;815,480;18818;2,30759797910433e+01;0,706
200069029;7042463;608070;404,870;66119;1,63309210363820e+02;0,752
200069037;7065327;644526;547,630;105169;1,92043898252470e+02;0,691
200069052;6732869;993401;257,930;103016;3,99395184740046e+02;0,617
200069060;6743780;992232;174,270;15257;8,75480576117519e+01;0,639
200069086;6848384;257690;420,310;31277;7,44141229092812e+01;0,700
200069094;6437755;499282;391,760;14366;3,66704104553808e+01;0,635
200069102;6399035;745278;509,360;5312;1,04287733626512e+01;0,663
200069110;6505522;934724;523,150;135290;2,58606518207015e+02;0,640
200069128;6377739;762047;718,940;5507;7,65988816869280e+00;0,627
200069136;6348880;764508;618,990;5044;8,14875846136448e+00;0,545
200069144;6407380;709639;548,370;5086;9,27475974250962e+00;0,676
200069151;6353696;741429;909,430;6968;7,66194209559834e+00;0,578
200069169;6503605;680357;693,460;12594;1,81611051827070e+01;0,693
200069177;6507444;714117;308,840;40415;1,30860639813496e+02;0,717
200069185;6415828;726438;436,100;10644;2,44072460444852e+01;0,667
200069193;6552233;856641;635,250;39080;6,15190869736324e+01;0,669
200069227;6697502;682937;694,200;18476;2,66148084125612e+01;0,685
200069235;7049013;630021;423,870;15747;3,71505414395923e+01;0,683
200069250;6795856;779234;893,300;172329;1,92912795253554e+02;0,651
200069268;6372789;717776;583,750;7968;1,36496788008565e+01;0,646
200069300;6232602;457415;618,490;124774;2,01739720933241e+02;0,656
200069383;6364232;620044;670,300;27413;4,08966134566612e+01;0,619
200069391;6828747;295536;838,010;67695;8,07806589420174e+01;0,702
200069409;6834992;268282;605,230;151937;2,51040100457677e+02;0,710
200069417;6284070;373363;391,730;23776;6,06948663620351e+01;0,679
200069425;6848414;390520;1544,050;87773;5,68459570609760e+01;0,694
200069433;6836625;982287;449,860;11743;2,61036766994176e+01;0,661
200069441;6893747;1019223;601,880;34069;5,66043065062803e+01;0,675
200069458;6860988;500628;533,880;14554;2,72608076721361e+01;0,670
200069482;7018436;666541;557,860;33193;5,95005915462661e+01;0,707
200069516;6910672;440216;197,070;17138;8,69640229360126e+01;0,711
200069524;6890915;431781;422,920;24748;5,85169772060910e+01;0,677
200069532;6893198;497135;948,720;73740;7,77257778902100e+01;0,648
200069540;6699665;860441;125,920;15968;1,26810673443456e+02;0,734
200069565;6633411;949483;420,090;16099;3,83227403651599e+01;0,515
200069581;6398188;434757;311,230;32553;1,04594672750056e+02;0,641
200069599;6404443;455112;439,150;16543;3,76704998292155e+01;0,642
200069615;6634948;893045;434,050;19010;4,37967976039627e+01;0,630
200069623;6632079;926593;626,580;22675;3,61885154329854e+01;0,621
200069631;6299099;392481;312,870;18130;5,79473902898968e+01;0,706
200069649;6290626;416892;589,270;26045;4,41987543910262e+01;0,735
200069656;6351138;406558;1792,180;15679;8,74856320235691e+00;0,672
200069664;6792434;883413;829,710;10832;1,30551638524304e+01;0,682
200069672;7030744;648818;624,480;38158;6,11036382270049e+01;0,680
200069698;6602017;842430;218,310;15731;7,20580825431725e+01;0,677
200069722;6974994;602063;466,330;21523;4,61540111080136e+01;0,705
200069730;6939501;597651;612,180;29354;4,79499493612990e+01;0,692
200069748;6607198;437424;519,670;21480;4,13339234514211e+01;0,646
200069755;6568693;460370;1061,770;47614;4,48439869274890e+01;0,685
200069763;6625549;482435;562,260;41645;7,40671575427738e+01;0,668
200069821;6963083;515683;209,000;38635;1,84856459330144e+02;0,705
200069839;6969075;535171;390,930;27799;7,11099173765124e+01;0,702
200069847;6957160;544730;253,810;21005;8,27587565501753e+01;0,693
200069854;6610332;498309;1071,310;194068;1,81150180619989e+02;0,675
200069912;6836577;551144;316,510;7837;2,47606710688446e+01;0,675
200069953;6828708;601278;405,390;48574;1,19820419842621e+02;0,671
200069961;6780917;570258;771,290;40452;5,24471988486821e+01;0,698
200069995;6471364;398177;506,150;30210;5,96858638743456e+01;0,620
200070035;6572285;494319;825,840;27407;3,31868158481062e+01;0,686
200070043;6591170;530259;1998,570;39261;1,96445458502830e+01;0,708
200070068;6958268;584005;490,330;25133;5,12573165011319e+01;0,714
200070092;6435694;449572;571,830;91150;1,59400521133903e+02;0,635
200070100;6739728;652368;594,490;24609;4,13951454187623e+01;0,674
200070118;6559472;839672;157,840;20564;1,30283831728332e+02;0,675
200070126;6823740;770390;388,000;10177;2,62293814432990e+01;0,668
200070142;6921016;583522;275,950;20778;7,52962493205291e+01;0,664
200070159;6792772;609468;891,530;24522;2,75055242111875e+01;0,668
200070167;6812791;554726;349,430;14261;4,08121798357325e+01;0,661
200070183;6751524;598660;662,210;48768;7,36443122272391e+01;0,696
200070233;6662082;371500;288,840;48828;1,69048608226008e+02;0,695
200070282;6477666;475943;757,050;17807;2,35215639653920e+01;0,682
200070290;6920863;906358;211,920;23259;1,09753680634202e+02;0,589
200070308;6581467;835935;299,560;77947;2,60204967285352e+02;0,658
200070316;6616451;773197;866,420;22458;2,59204542831421e+01;0,736
200070324;6830363;968321;454,480;41143;9,05276359795810e+01;0,664
200070332;6750920;895667;809,420;15309;1,89135430308122e+01;0,687
200070340;6465804;996096;957,000;8601;8,98746081504702e+00;0,670
200070365;6200700;680480;564,120;22196;3,93462383889952e+01;0,590
200070373;6743379;511772;538,780;23861;4,42870930621033e+01;0,675
200070407;6489189;717851;1000,220;56671;5,66585351222731e+01;0,674
200070431;6455428;885989;595,790;44327;7,44003759713993e+01;0,623
200070449;6939433;571368;545,660;55020;1,00832019939156e+02;0,724
200070464;6467132;960979;334,440;14599;4,36520751106327e+01;0,658
200070506;6509769;554124;396,270;13049;3,29295682236859e+01;0,687
200070514;6512135;450136;746,780;69283;9,27756501245347e+01;0,648
200070530;6649345;799821;1256,310;35592;2,83305871958354e+01;0,691
200070548;6575546;799917;289,440;15116;5,22249861802101e+01;0,685
200070555;6572950;849278;212,870;22652;1,06412364353831e+02;0,665
200070563;6851465;912199;458,670;44276;9,65312752087557e+01;0,668
200070571;6667838;632239;209,110;6912;3,30543732963512e+01;0,700
200070589;6860278;941551;347,820;18746;5,38956931746306e+01;0,682
200070647;6419439;496795;579,550;60581;1,04531101716849e+02;0,619
200070662;6760454;353764;466,380;32157;6,89502122732536e+01;0,630
200070670;6837282;356164;326,750;23533;7,20214231063504e+01;0,654
200070688;6819991;371075;328,800;21997;6,69008515815085e+01;0,647
200070712;6528081;745096;624,740;37193;5,95335659634408e+01;0,665
200070720;6480180;383231;1112,410;26670;2,39749732562634e+01;0,679
200070738;6879432;913060;460,140;20000;4,34650323814491e+01;0,687
200070746;6892203;993956;341,710;64748;1,89482309560739e+02;0,629
200070753;6532049;710909;406,330;67153;1,65267147392513e+02;0,694
200070761;6492384;754078;1229,880;27563;2,24111295410934e+01;0,638
200070779;6831224;684746;366,400;39446;1,07658296943231e+02;0,640
200070787;6227175;483720;432,030;17755;4,10966831007106e+01;0,680
200070795;6246582;491019;332,790;6915;2,07788695573785e+01;0,665
200070803;6241039;473400;262,450;11103;4,23052009906649e+01;0,677
200070811;6210059;449338;1003,680;15327;1,52708034433286e+01;0,711
200070829;6215582;499441;306,880;7255;2,36411626694473e+01;0,653
200070845;6903951;909533;395,960;53076;1,34043842812405e+02;0,626
200070852;6550215;923719;273,690;20710;7,56695531440681e+01;0,534
200070894;6675892;847329;481,970;29743;6,17113098325622e+01;0,699
200070902;6686939;879799;385,220;23383;6,07003790042054e+01;0,650
200070910;6726251;856697;314,110;4962;1,57970137849798e+01;0,692
200070928;6970076;682243;294,100;18269;6,21183270996260e+01;0,677
200070936;7012167;619907;783,710;33085;4,22158706664455e+01;0,746
200070944;6997714;602105;190,040;22641;1,19138076194485e+02;0,716
200070951;7001345;648533;541,490;31249;5,77092836432806e+01;0,710
200070969;6961896;659784;387,780;21843;5,63283304966734e+01;0,699
200070977;6954210;677784;388,230;25626;6,60072637354146e+01;0,662
200070985;6965076;698480;259,300;20301;7,82915541843425e+01;0,671
200070993;6998319;612886;400,830;48903;1,22004340992441e+02;0,723
200071017;6703589;805584;763,050;15815;2,07260336806238e+01;0,638
200071025;6322607;914031;482,180;9811;2,03471732548011e+01;0,509
200071033;6342650;927377;307,250;5236;1,70414971521562e+01;0,530
200071041;6771165;776751;589,350;10491;1,78009671672181e+01;0,684
200071058;6267121;717358;354,750;27144;7,65158562367865e+01;0,631
200071066;6808503;994937;980,170;74926;7,64418417213341e+01;0,637
200071074;6880046;594009;141,700;22562;1,59223712067749e+02;0,640
200071082;6573917;668134;377,580;61151;1,61955082366651e+02;0,692
200071116;6621210;895173;197,230;34317;1,73994828372966e+02;0,643
200071140;6612516;724286;1339,960;64963;4,84812979491925e+01;0,686
200071157;6778534;982643;502,480;35583;7,08147587963700e+01;0,660
200071165;6617233;337464;116,160;53430;4,59969008264463e+02;0,734
200071173;6672634;807605;474,470;7129;1,50251859970072e+01;0,681
200071181;6972445;622394;896,910;38689;4,31358776242878e+01;0,722
200071199;6545378;722348;354,400;21194;5,98024830699774e+01;0,654
200071207;6677964;821209;498,150;8569;1,72016460905350e+01;0,668
200071215;6522622;671575;843,410;12711;1,50709619283622e+01;0,678
200071223;6990175;637229;314,930;28118;8,92833328041152e+01;0,717
200071298;6263272;595541;621,870;40145;6,45552929068776e+01;0,658
200071314;6294661;550177;378,710;33977;8,97177259644583e+01;0,601
200071363;6556901;740296;742,440;82759;1,11468940251064e+02;0,690
200071371;6589711;848823;259,790;25251;9,71977366334347e+01;0,668
200071389;6568942;713986;917,960;34033;3,70746002004445e+01;0,671
200071405;6392747;832574;283,440;22808;8,04685294947784e+01;0,548
200071413;6412306;827165;604,420;43642;7,22047582806658e+01;0,602
200071454;6874915;570059;660,850;110023;1,66487099947038e+02;0,621
200071470;6585950;750640;1094,500;24773;2,26340794883508e+01;0,689
200071496;6599510;704712;740,380;13767;1,85945055241903e+01;0,634
200071504;6805124;520128;364,660;12317;3,37766686776723e+01;0,679
200071512;6582838;687785;730,730;25858;3,53865312769422e+01;0,688
200071520;6850155;428715;367,130;15914;4,33470432816713e+01;0,701
200071538;6615512;856282;397,680;22278;5,60199155099578e+01;0,679
200071546;6663268;342287;350,760;24771;7,06209373930893e+01;0,625
200071553;6700941;427795;613,750;56389;9,18761710794297e+01;0,693
200071579;6614791;871513;512,920;28338;5,52483818139281e+01;0,669
200071587;6663991;542591;1819,500;51376;2,82363286617203e+01;0,683
200071595;6646979;910141;601,430;21840;3,63134529371664e+01;0,645
200071629;6655934;326697;444,870;47258;1,06228785937465e+02;0,684
200071645;6583239;819413;242,990;8020;3,30054734762747e+01;0,667
200071652;6835624;463679;232,530;4964;2,13477830817529e+01;0,678
200071678;6671740;418096;785,590;104382;1,32870835932229e+02;0,648
200071751;6577953;871747;1226,210;132682;1,08204956736611e+02;0,670
200071769;6935821;725122;278,930;17279;6,19474420105403e+01;0,652
200071777;6827466;789671;609,950;11729;1,92294450364784e+01;0,674
200071785;6948798;721097;385,710;55359;1,43524928054756e+02;0,639
200071819;6499059;517489;575,000;15143;2,63356521739130e+01;0,670
200071827;6508674;479023;644,790;141776;2,19879340560493e+02;0,655
200071843;6912773;600291;346,830;32298;9,31234322290459e+01;0,647
200071850;6781436;656501;433,900;26044;6,00230467849735e+01;0,642
200071868;6730782;421639;586,140;36259;6,18606476268468e+01;0,662
200071876;6688726;466194;1221,220;99236;8,12597238826747e+01;0,664
200071884;6596646;791321;944,990;40136;4,24724071154192e+01;0,714
200071892;6967710;718467;295,710;80689;2,72865307226675e+02;0,667
200071900;6606526;358253;506,780;34115;6,73171790520541e+01;0,691
200071918;6647836;376681;326,510;27946;8,55900278705093e+01;0,673
200071926;6215443;636288;807,180;27553;3,41348893679229e+01;0,615
200071934;6606615;405003;451,440;35052;7,76448697501329e+01;0,652
200071942;6569136;554491;1178,160;22793;1,93462687580634e+01;0,704
200071967;6590463;981462;321,740;41145;1,27882762479020e+02;0,542
200071983;6983296;744663;332,890;16751;5,03199255009162e+01;0,675
200071991;6912043;712091;538,290;29361;5,45449478905423e+01;0,637
200072007;6407262;784266;680,700;4863;7,14411635081534e+00;0,624
200072015;6463905;832000;319,200;48568;1,52155388471178e+02;0,627
200072023;6535108;478202;591,960;21979;3,71291979187783e+01;0,673
200072031;6888793;732236;889,100;54593;6,14025418962996e+01;0,627
200072049;6538854;513297;1324,720;35378;2,67060208949816e+01;0,684
200072056;6604087;885351;190,240;10556;5,54878048780488e+01;0,632
200072064;6694042;576861;732,610;47582;6,49486084001037e+01;0,663
200072072;6742383;547346;1032,190;53337;5,16736259797130e+01;0,711
200072080;6555581;681518;686,450;15841;2,30766989584092e+01;0,669
200072098;6545198;700330;428,760;19162;4,46916689989738e+01;0,661
200072106;6260625;461338;530,610;24238;4,56795009517348e+01;0,673
200072130;6874129;691785;214,900;106448;4,95337366216845e+02;0,581
200072304;6375237;990029;1022,820;7715;7,54287166852428e+00;0,575
200072312;6890954;584385;677,170;82564;1,21925070514051e+02;0,646
200072320;6264023;505027;519,570;10084;1,94083569105222e+01;0,690
200072346;6812499;671475;438,030;68480;1,56336323996073e+02;0,683
200072452;6816892;387889;489,150;55740;1,13952775222324e+02;0,661
200072460;7047913;668728;649,300;276759;4,26242106884337e+02;0,676
200072478;7080724;623114;191,890;25188;1,31262702590026e+02;0,675
200072544;6859290;721423;396,010;26563;6,70765889750259e+01;0,625
200072635;6203275;504812;654,590;15555;2,37629661314716e+01;0,669
200072643;6239176;517007;993,590;44164;4,44489175615697e+01;0,627
200072650;6687185;516121;487,900;52983;1,08593974175036e+02;0,699
200072668;6666105;506337;685,800;25101;3,66010498687664e+01;0,681
200072676;6802342;502479;601,750;27952;4,64511840465310e+01;0,673
200072684;6772207;510401;403,690;30968;7,67123287671233e+01;0,693
200072692;6762692;528487;401,130;15380;3,83416847406078e+01;0,696
200072700;6802742;482808;472,500;22929;4,85269841269841e+01;0,684
200072718;6785328;473079;418,200;18306;4,37733142037303e+01;0,700
200072726;6740960;368119;884,400;44421;5,02272727272727e+01;0,628
200072734;6705993;329913;313,290;39055;1,24660857352613e+02;0,638
200072825;6708167;876380;424,610;12604;2,96837097571890e+01;0,691
200072874;6845692;693286;334,300;28112;8,40921328148370e+01;0,642
200072882;6643824;350576;491,840;44292;9,00536759921926e+01;0,661
200072981;6707003;496065;761,490;33294;4,37221762597014e+01;0,678
200072999;6762054;879519;700,670;20920;2,98571367405483e+01;0,666
200073013;6888377;655703;122,410;32065;2,61947553304469e+02;0,657
200073096;6445053;843579;502,790;57777;1,14912786650490e+02;0,625
200073104;6183114;1193045;391,260;10522;2,68926033839391e+01;0,610
200073112;6737657;490832;545,540;22938;4,20464127286725e+01;0,667
200073120;6191671;1217641;389,120;7434;1,91046463815789e+01;0,612
200073138;6161866;1211412;909,760;6117;6,72375131902919e+00;0,596
200073146;6220877;527552;511,910;17716;3,46076458752515e+01;0,644
200073161;6703729;535847;213,330;39771;1,86429475460554e+02;0,695
200073237;6720873;517396;507,610;21596;4,25444731191269e+01;0,679
200073245;6396465;808845;318,090;39884;1,25385897073155e+02;0,592
200073252;6168841;1226409;234,490;12472;5,31877692012453e+01;0,527
200073260;6605421;383238;950,850;54862;5,76978492927381e+01;0,655
200073344;6835340;614782;636,150;79020;1,24215986795567e+02;0,673
200073393;6446527;739534;1091,050;16837;1,54319233765639e+01;0,647
200073401;6429445;784686;461,790;11171;2,41906494293943e+01;0,623
200073419;6449585;764560;1331,470;82673;6,20915229032573e+01;0,647
200073427;6466575;786108;351,570;30704;8,73339590977615e+01;0,633
200077014;6493164;845000;418,700;90357;2,15803678051111e+02;0,616
200083392;6782792;414963;694,990;113854;1,63821062173556e+02;0,666
200084952;6945859;501092;516,850;268912;5,20290219599497e+02;0,646
200085728;6466851;725722;425,950;16866;3,95961967367062e+01;0,665
200085751;6478544;849184;411,040;67971;1,65363468275594e+02;0,600
200089456;6903299;567996;514,180;103330;2,00960753043681e+02;0,635
200090504;6862823;703986;564,110;92149;1,63352892166421e+02;0,627
200090561;6679215;625900;509,040;38952;7,65205091937765e+01;0,672
200090579;6603005;903061;992,380;24791;2,49813579475604e+01;0,628
200090751;7091547;617516;185,830;104367;5,61626217510628e+02;0,651
200093201;7059539;702086;675,380;1174273;1,73868488850721e+03;0,623
240100610;6531084;860787;127,450;24747;1,94170262848176e+02;0,620
240100750;6578358;931899;404,200;96535;2,38829787234043e+02;0,473
240100800;6528538;852895;65,530;24062;3,67190599725317e+02;0,665
240100883;6535271;882607;713,160;78506;1,10081889057154e+02;0,629
240100891;6562428;914526;179,630;21898;1,21906140399711e+02;0,534
240200444;6975811;759862;728,670;26363;3,61796149148449e+01;0,669
240200469;6955972;750954;432,470;14496;3,35190880292275e+01;0,687
240200477;6920181;723818;181,430;52415;2,88899300005512e+02;0,655
240200493;6980305;718094;451,290;31173;6,90753174233863e+01;0,681
240200501;6919737;738428;397,360;20282;5,10418763841353e+01;0,681
240200519;6907329;727316;232,610;5649;2,42852843815829e+01;0,656
240200576;6933458;764765;571,400;20863;3,65120756037802e+01;0,677
240200584;6876002;723179;236,880;15713;6,63331644714623e+01;0,613
240200592;6927513;752807;179,450;5504;3,06714962385065e+01;0,667
240200600;6975329;779315;351,260;21171;6,02715936912828e+01;0,662
240200634;6957906;778590;258,400;6951;2,69001547987616e+01;0,682
240300491;6570231;749658;333,980;8476;2,53787651955207e+01;0,663
240300558;6614164;679915;495,800;7472;1,50705929810407e+01;0,681
240300566;6596276;669951;191,180;5544;2,89988492520138e+01;0,715
240300657;6592134;654803;381,380;7487;1,96313388221721e+01;0,676
240400440;6327569;924577;311,570;9916;3,18259139198254e+01;0,535
240500439;6432957;982213;877,230;19546;2,22814997207118e+01;0,635
240500462;6416459;978360;522,030;6623;1,26870103250771e+01;0,573
240600551;6320374;1060766;659,960;73935;1,12029516940421e+02;0,550
240600585;6299671;1024874;486,510;177077;3,63974019033524e+02;0,602
240600593;6311771;1049148;215,370;26950;1,25133491201189e+02;0,566
240700302;6380140;792706;279,540;8872;3,17378550475782e+01;0,552
240700617;6384668;801740;92,750;6111;6,58867924528302e+01;0,557
240700716;6451358;826345;148,160;5947;4,01390388768898e+01;0,623
240700815;6389958;820680;220,640;7768;3,52066715010877e+01;0,598
240700864;6366703;827204;263,270;18914;7,18425950545068e+01;0,557
240800821;6997115;826082;274,610;26654;9,70612869159899e+01;0,639
240800847;6948342;853652;527,270;20072;3,80677831092230e+01;0,650
240800862;6947014;810870;1017,880;21852;2,14681494871694e+01;0,689
240800920;6921736;829946;1198,070;17248;1,43964876843590e+01;0,695
240900431;6194536;584736;223,250;8384;3,75543113101904e+01;0,637
240900464;6203974;603983;330,880;14923;4,51009429400387e+01;0,600
241000223;6809223;794522;323,370;6840;2,11522404675758e+01;0,691
241000405;6791463;827253;352,270;11085;3,14673403923127e+01;0,695
241000447;6789863;755376;318,740;7803;2,44807680240949e+01;0,668
241000488;6809629;750918;440,520;8468;1,92227367656406e+01;0,675
241100593;6230840;696173;933,810;130390;1,39632259239031e+02;0,627
241200187;6362546;665338;207,050;55851;2,69746438058440e+02;0,687
241200542;6328306;664080;310,510;5313;1,71105600463753e+01;0,683
241200567;6338952;711252;516,630;29532;5,71627663898728e+01;0,653
241200625;6371051;645887;162,660;5577;3,42862412393951e+01;0,662
241200641;6378922;657366;415,350;11998;2,88864812808475e+01;0,681
241200658;6352968;674711;265,480;7899;2,97536537592286e+01;0,698
241200674;6373718;635285;187,250;6156;3,28758344459279e+01;0,637
241200765;6345018;684485;493,360;5346;1,08359007621210e+01;0,701
241200807;6353401;636128;262,810;5571;2,11978235226970e+01;0,612
241200906;6317037;713773;654,650;6079;9,28587795004965e+00;0,627
241200914;6331264;685709;443,500;5547;1,25073280721533e+01;0,634
241300375;6295487;847230;320,580;27840;8,68425977915029e+01;0,628
241300417;6290725;834470;1443,290;83669;5,79710245342239e+01;0,548
241400415;6919339;487637;119,280;20677;1,73348423876593e+02;0,732
241400514;6873540;466015;491,840;27858;5,66403708523097e+01;0,659
241400555;6914923;431288;200,270;29880;1,49198581914416e+02;0,727
241400860;6915916;452742;61,070;23771;3,89241853610611e+02;0,769
241400878;6910022;493894;320,160;19119;5,97170164917541e+01;0,684
241500230;6428229;657952;494,370;53247;1,07706778323927e+02;0,741
241500255;6464561;676107;458,580;6765;1,47520607091456e+01;0,693
241500271;6460432;651183;227,970;6689;2,93415800324604e+01;0,719
241501055;6473789;660230;328,610;8390;2,55317853991053e+01;0,714
241501089;6427794;671911;237,020;4908;2,07071133237701e+01;0,710
241501139;6447547;655210;643,820;8512;1,32210866391227e+01;0,728
241600303;6524647;463498;226,690;10019;4,41969209052009e+01;0,653
241700434;6569379;386374;332,230;171811;5,17144749119586e+02;0,667
241700459;6576021;360108;85,460;17336;2,02855136906155e+02;0,728
241700517;6531797;404620;273,110;17279;6,32675478744828e+01;0,642
241700624;6545686;367832;175,400;22092;1,25952109464082e+02;0,659
241700632;6508374;411260;265,330;14401;5,42758074850187e+01;0,635
241700640;6510765;392611;601,070;83171;1,38371570698920e+02;0,728
241700699;6528984;385914;160,840;15436;9,59711514548620e+01;0,659
241800374;6662628;673367;364,610;10774;2,95493815309509e+01;0,659
241800424;6642550;670105;338,520;7507;2,21759423372327e+01;0,658
241800432;6636838;690359;272,100;5146;1,89121646453510e+01;0,669
241800457;6652162;639485;234,580;11527;4,91388865205900e+01;0,666
241800507;6660975;652912;420,130;102679;2,44398162473520e+02;0,649
241900133;6474288;624655;474,320;10170;2,14412211165458e+01;0,708
241927201;6467239;605880;854,800;44544;5,21104351895180e+01;0,701
241927243;6484653;587566;337,820;9808;2,90332129536440e+01;0,694
242000354;6200190;1226447;69,270;61691;8,90587555940523e+02;0,605
242000495;6089520;1211609;684,410;8460;1,23610116742888e+01;0,575
242000503;6119317;1194036;382,830;8828;2,30598437948959e+01;0,604
242010056;6116520;1180765;271,640;87726;3,22949491974672e+02;0,614
242010130;6082901;1196087;528,830;11498;2,17423368568349e+01;0,586
242020071;6144928;1209913;361,650;9820;2,71533250380202e+01;0,642
242020105;6176717;1180550;566,150;12334;2,17857458270776e+01;0,586
242100154;6715115;856241;373,980;13631;3,64484731803840e+01;0,671
242100410;6691372;854572;240,310;253859;1,05638134076817e+03;0,677
242101434;6746186;823455;1818,990;19790;1,08796639893567e+01;0,660
242101442;6694232;790150;268,850;5301;1,97173144876325e+01;0,651
242101459;6713178;817193;316,030;7496;2,37192671581812e+01;0,672
242101491;6726695;800843;431,600;10583;2,45203892493049e+01;0,652
242101509;6664569;866939;381,750;20532;5,37838899803536e+01;0,669
242200715;6816311;236733;705,210;18327;2,59880035734037e+01;0,683
242300135;6576620;585402;274,170;10654;3,88591020169968e+01;0,705
242320000;6558256;594233;389,330;6924;1,77843988390312e+01;0,686
242320109;6582534;598761;341,330;7014;2,05490287991094e+01;0,718
242400752;6485580;537188;513,660;14154;2,75551921504497e+01;0,682
242400935;6457542;474665;243,720;6665;2,73469555227310e+01;0,642
242401024;6473217;549630;546,050;13680;2,50526508561487e+01;0,713
242500320;6661604;958585;198,850;7833;3,93915011315062e+01;0,541
242500338;6650310;954055;154,730;27449;1,77399340787178e+02;0,572
242500361;6687158;926510;519,960;194382;3,73840295407339e+02;0,651
242504116;6667898;973149;162,680;20756;1,27587902630932e+02;0,545
242504181;6681303;958854;645,050;26166;4,05642973412914e+01;0,588
242504355;6679589;979634;149,530;6688;4,47268106734435e+01;0,511
242504371;6695198;971325;230,490;5515;2,39272853486051e+01;0,610
242504447;6699443;948300;349,860;15991;4,57068541702395e+01;0,653
242504488;6655130;939244;205,380;6390;3,11130587204207e+01;0,567
242504496;6645453;942148;178,930;6040;3,37562175152294e+01;0,561
242600252;6405084;859945;593,710;30313;5,10569133078439e+01;0,584
242600492;6385103;865002;371,710;9461;2,54526378090447e+01;0,575
242600534;6396221;891393;1164,600;11688;1,00360638845956e+01;0,504
242700276;6877667;549555;260,150;18595;7,14779934653085e+01;0,665
242700607;6896758;551601;306,000;22495;7,35130718954248e+01;0,673
242852465;6790058;582455;341,410;12367;3,62233092176562e+01;0,703
242900074;6844578;131265;320,950;48396;1,50789842654619e+02;0,733
242900314;6838431;147497;218,190;210047;9,62679316192309e+02;0,691
242900553;6852759;147464;272,880;41207;1,51007768982703e+02;0,720
242900561;6807456;194604;409,530;14890;3,63587527165287e+01;0,660
242900629;6798245;138698;178,090;15333;8,60969172890112e+01;0,727
242900645;6799855;156059;106,500;18245;1,71314553990610e+02;0,723
242900660;6779981;174235;130,010;28102;2,16152603645873e+02;0,741
242900694;6776115;208876;607,510;55831;9,19013678787180e+01;0,660
242900702;6774704;158541;167,420;37372;2,23223031895831e+02;0,721
242900710;6788151;153824;211,850;18210;8,59570450790654e+01;0,673
242900744;6816249;212339;258,070;15394;5,96504824272484e+01;0,688
242900751;6847271;178026;406,660;33053;8,12792012983819e+01;0,695
242900769;6780382;189259;372,280;50575;1,35852046846460e+02;0,702
242900793;6857505;159545;203,290;27444;1,34999262137833e+02;0,731
242900801;6837622;166023;375,150;48743;1,29929361588698e+02;0,709
242900835;6852766;200530;653,200;64438;9,86497244335579e+01;0,725
243000270;6318766;744783;370,080;10014;2,70590142671855e+01;0,558
243000296;6303974;789336;194,730;23669;1,21547784111334e+02;0,600
243000569;6294858;797893;81,430;27069;3,32420483851160e+02;0,615
243000585;6299991;825962;205,400;31027;1,51056475170399e+02;0,561
243000593;6287901;803034;204,850;26997;1,31789113985843e+02;0,589
243000643;6308883;805881;792,600;257987;3,25494574817058e+02;0,589
243000650;6272285;797677;205,390;20414;9,93914017235503e+01;0,675
243000684;6317053;826863;255,880;25834;1,00961388150696e+02;0,602
243100518;6284096;573128;461,370;783353;1,69788456119817e+03;0,629
243100567;6263988;616535;353,900;21523;6,08166148629556e+01;0,635
243100633;6266628;580813;250,230;79426;3,17411980977501e+02;0,688
243100732;6290200;586221;210,030;21474;1,02242536780460e+02;0,677
243100773;6304419;583226;147,280;17638;1,19758283541553e+02;0,609
243100781;6280918;555208;100,000;40998;4,09980000000000e+02;0,637
243100815;6290183;578397;48,240;20286;4,20522388059701e+02;0,689
243200391;6314962;510162;686,830;19185;2,79326762080864e+01;0,680
243200409;6301973;453426;317,910;8568;2,69510238746815e+01;0,687
243200417;6317116;487905;499,670;14550;2,91192186843317e+01;0,696
243200425;6274925;483101;290,250;7698;2,65219638242894e+01;0,690
243200458;6311302;461131;536,400;13250;2,47017151379568e+01;0,701
243200508;6275956;467541;299,900;7116;2,37279093031010e+01;0,688
243200599;6265890;531720;327,940;9583;2,92218088674758e+01;0,635
243200607;6293674;481071;378,850;7019;1,85271215520655e+01;0,695
243300316;6426186;416309;576,420;801041;1,38968287012942e+03;0,650
243300563;6398032;373969;322,600;67563;2,09432734035958e+02;0,724
243300811;6466280;417320;253,030;15778;6,23562423428052e+01;0,593
243301165;6414453;404360;232,280;31474;1,35500258308937e+02;0,718
243301181;6452150;431712;212,530;20496;9,64381499082482e+01;0,554
243301215;6413500;435934;123,870;17446;1,40841204488577e+02;0,655
243301223;6444413;425806;156,250;35610;2,27904000000000e+02;0,593
243301249;6427657;429627;82,890;27520;3,32006273374352e+02;0,655
243301264;6405040;421036;330,840;44283;1,33850199492202e+02;0,661
243301355;6420346;430055;68,270;20074;2,94038377032371e+02;0,676
243301371;6414214;476576;222,670;16654;7,47922935285400e+01;0,610
243301389;6438162;392820;638,800;21512;3,36756418284283e+01;0,614
243301397;6435630;437149;133,370;17099;1,28207243008173e+02;0,644
243301405;6389023;398010;546,740;20363;3,72443940447013e+01;0,642
243301439;6411828;427747;87,380;21347;2,44300755321584e+02;0,685
243301447;6443864;410862;184,420;28899;1,56702093048476e+02;0,641
243301454;6418022;457480;228,690;19072;8,33967379421925e+01;0,636
243301504;6411126;383784;599,370;68432;1,14173215209303e+02;0,693
243400017;6282438;771389;439,280;481276;1,09560189400838e+03;0,600
243400355;6278712;732183;237,150;27932;1,17781994518237e+02;0,574
243400470;6279905;783024;152,990;44542;2,91143211974639e+02;0,681
243400488;6247072;711298;172,440;28235;1,63738111807005e+02;0,636
243400520;6291553;787642;149,930;50496;3,36797172013606e+02;0,594
243400694;6282384;744155;482,210;39499;8,19124447854669e+01;0,585
243400736;6315974;758567;241,980;13160;5,43846598892470e+01;0,593
243400769;6252957;722459;305,530;125648;4,11246031486270e+02;0,585
243400819;6259469;735628;388,590;79636;2,04935793509869e+02;0,611
243500139;6790367;348575;710,890;451762;6,35487909521867e+02;0,654
243500550;6794152;330517;196,370;25830;1,31537403880430e+02;0,672
243500618;6782105;326666;298,170;18588;6,23402756816581e+01;0,630
243500634;6765502;372095;373,940;26460;7,07600149756645e+01;0,656
243500659;6784345;366647;109,600;26507;2,41852189781022e+02;0,680
243500667;6807602;353735;299,810;36885;1,23027917681198e+02;0,651
243500725;6844812;325246;114,600;31274;2,72897033158813e+02;0,727
243500733;6819122;343322;417,160;35366;8,47780228209800e+01;0,636
243500741;6743938;323076;995,300;66478;6,67919220335577e+01;0,608
243500774;6801976;369377;253,960;26236;1,03307607497244e+02;0,657
243500782;6843270;339119;244,550;83853;3,42886935187078e+02;0,707
243600202;6678362;602449;249,400;6223;2,49518845228549e+01;0,685
243600236;6653673;626785;314,030;19822;6,31213578320543e+01;0,692
243600293;6655195;595237;302,790;6345;2,09551174081046e+01;0,688
243600301;6641063;583022;489,480;13590;2,77641578818338e+01;0,702
243600319;6616759;560863;841,420;17918;2,12949537686292e+01;0,681
243600327;6632649;604604;542,570;72983;1,34513518992941e+02;0,651
243600343;6637898;561323;477,270;4715;9,87910407107088e+00;0,687
243600350;6608097;627137;646,770;16365;2,53026578227191e+01;0,687
243700499;6722598;541150;352,540;16665;4,72712316332898e+01;0,667
243700754;6701711;521624;389,310;294220;7,55747347871876e+02;0,680
243700820;6691773;549927;328,830;21456;6,52495210291032e+01;0,676
243800604;6500665;875303;248,770;107395;4,31703983599309e+02;0,581
243800745;6446165;941650;834,130;10662;1,27821802356947e+01;0,668
243800935;6520431;866747;62,010;28608;4,61344944363812e+02;0,583
243800984;6480968;902286;373,890;93573;2,50268795635080e+02;0,662
243801024;6450041;902196;255,260;11839;4,63801614040586e+01;0,677
243801073;6481985;889300;155,330;22261;1,43314234211035e+02;0,657
243801255;6501200;861840;136,990;24695;1,80268632746916e+02;0,653
243900354;6601974;934257;98,900;7115;7,19413549039434e+01;0,504
243900420;6659995;904680;273,770;9084;3,31811374511451e+01;0,643
243900479;6607029;930749;148,020;9276;6,26672071341711e+01;0,521
243900560;6680074;902055;259,370;11659;4,49512279754790e+01;0,634
243900610;6612581;924786;129,280;5385;4,16537747524753e+01;0,578
243901089;6652677;883740;210,770;9181;4,35593300754377e+01;0,662
244000543;6351184;366511;361,180;12390;3,43042250401462e+01;0,721
244000659;6281582;347878;152,090;27605;1,81504372411072e+02;0,691
244000675;6298276;372578;345,120;55332;1,60326842837274e+02;0,702
244000691;6330962;388913;416,510;9379;2,25180667931142e+01;0,701
244000766;6313172;394056;599,690;17688;2,94952392069236e+01;0,701
244000774;6315151;436524;215,240;6277;2,91627950195131e+01;0,695
244000808;6319058;419474;481,650;53516;1,11109726980172e+02;0,696
244000824;6305332;429277;165,520;7659;4,62723537941034e+01;0,721
244000857;6325933;362069;611,400;11946;1,95387634936212e+01;0,708
244000865;6296665;351545;612,680;66974;1,09313181432395e+02;0,681
244000873;6369512;372983;740,210;29709;4,01359073776361e+01;0,692
244000881;6285664;399080;188,310;7610;4,04120864531889e+01;0,726
244100293;6768327;545061;295,870;6042;2,04211309020854e+01;0,706
244100780;6715929;608440;578,510;8680;1,50040621596861e+01;0,720
244100798;6723299;590316;440,210;20692;4,70048385997592e+01;0,703
244100806;6700987;628518;498,120;10681;2,14426242672448e+01;0,714
244200614;6530070;777388;170,670;5946;3,48391632975918e+01;0,674
244200622;6471163;817162;307,330;15237;4,95786288354537e+01;0,646
244200630;6539180;793036;251,070;13916;5,54267734098060e+01;0,641
244200770;6488312;811947;723,630;404607;5,59135193399942e+02;0,605
244200820;6534663;765011;258,290;5209;2,01672538619381e+01;0,668
244200895;6479871;832879;144,800;16792;1,15966850828729e+02;0,630
244300307;6456577;807284;212,300;8112;3,82100800753650e+01;0,639
244301016;6452946;788069;283,260;18043;6,36976629245216e+01;0,620
244301099;6476079;729706;152,770;9338;6,11245663415592e+01;0,647
244301107;6444938;800666;201,310;8106;4,02662560230490e+01;0,626
244301123;6418453;764794;370,700;5196;1,40167251146480e+01;0,631
244301131;6470876;799581;115,570;20506;1,77433590032015e+02;0,639
244400404;6689632;352253;533,970;656275;1,22904844841470e+03;0,649
244400438;6672547;352487;300,530;39540;1,31567563970319e+02;0,655
244400453;6718725;340013;214,310;16319;7,61467033736177e+01;0,614
244400503;6708284;354266;509,550;63280;1,24188009027573e+02;0,651
244400537;6726286;354315;275,650;15967;5,79249047705424e+01;0,604
244400552;6713490;382441;851,530;67534;7,93090084905993e+01;0,623
244400586;6695284;318722;223,060;30177;1,35286470008070e+02;0,667
244400610;6711902;291262;396,190;74669;1,88467654408238e+02;0,722
244400644;6705817;307504;333,940;125883;3,76962927472001e+02;0,649
244500203;6765074;678303;232,050;62240;2,68218056453351e+02;0,612
244500211;6735646;671791;362,690;24472;6,74736000441148e+01;0,655
244500419;6777268;680165;286,660;17282;6,02874485453150e+01;0,639
244500427;6754706;640336;551,620;42425;7,69098292302672e+01;0,681
244500468;6756590;620314;335,540;287019;8,55394289801514e+02;0,636
244500484;6771200;628821;209,270;17014;8,13016677020118e+01;0,691
244500542;6787890;629388;249,270;6890;2,76407108757572e+01;0,639
244600433;6377306;554149;369,090;14520;3,93399983743802e+01;0,649
244600482;6401962;574990;308,150;10085;3,27275677429823e+01;0,675
244600532;6365142;592287;444,810;8414;1,89159416380027e+01;0,615
244600573;6391731;588644;336,530;3912;1,16245208450955e+01;0,637
244700449;6402401;480200;227,330;5731;2,52100470681388e+01;0,642
244700464;6392370;491656;243,980;10412;4,26756291499303e+01;0,621
244701355;6360998;467641;698,650;12415;1,77699849710155e+01;0,671
244701405;6377503;498702;256,530;7318;2,85268779479983e+01;0,590
244800405;6381062;740520;213,390;15511;7,26885046159614e+01;0,653
244800470;6385413;722940;263,350;9653;3,66546421112588e+01;0,660
244900015;6716092;431625;640,130;299476;4,67836220767657e+02;0,678
244900809;6737591;398295;654,860;34506;5,26921784808967e+01;0,666
244900882;6713544;465526;738,160;35237;4,77362631407825e+01;0,663
245100615;6887969;775988;182,720;14696;8,04290718038529e+01;0,722
245100888;6861686;744951;290,720;7569;2,60353604843148e+01;0,628
245100979;6846310;768984;318,380;5885;1,84842012689239e+01;0,662
245200597;6773311;843893;694,700;7529;1,08377717000144e+01;0,685
245300223;6765839;438041;425,500;13880;3,26204465334900e+01;0,661
245300355;6802511;409147;485,080;20880;4,30444462769028e+01;0,656
245300389;6820408;416639;529,700;18792;3,54766849159902e+01;0,682
245300447;6754646;424745;338,190;30256;8,94645022029037e+01;0,705
245400171;6836930;928365;190,630;28560;1,49819021140429e+02;0,728
245400189;6838473;943474;138,260;29058;2,10169246347461e+02;0,704
245400262;6936260;901488;174,080;62095;3,56703814338235e+02;0,587
245400510;6825626;915214;375,180;11392;3,03640919025534e+01;0,674
245400601;6857397;930487;156,000;40353;2,58673076923077e+02;0,693
245400676;6846801;935642;142,850;257431;1,80210710535527e+03;0,668
245400759;6847516;958495;248,910;5926;2,38078020167932e+01;0,693
245500327;6872197;884046;247,830;8555;3,45196303918008e+01;0,647
245501176;6890553;893944;258,100;4797;1,85858194498256e+01;0,638
245501184;6861260;845854;184,150;7206;3,91311430898724e+01;0,725
245501242;6902589;889195;240,870;7625;3,16560800431768e+01;0,608
245501259;6937178;872486;244,570;7036;2,87688596311894e+01;0,550
245600440;6755219;234038;116,220;18022;1,55067974531062e+02;0,688
245600465;6710367;234046;86,880;5443;6,26496316758748e+01;0,653
245614383;6745888;293849;328,210;23677;7,21397885500137e+01;0,650
245614417;6793070;223720;770,220;24577;3,19090649424840e+01;0,648
245614433;6792735;259761;721,030;46307;6,42234026323454e+01;0,680
245700133;6888871;959484;260,490;24358;9,35083880379285e+01;0,685
245700372;6902550;985955;139,420;77140;5,53292210586716e+02;0,588
245700398;6896748;979373;74,180;31709;4,27460231868428e+02;0,598
245700695;6933159;931971;188,070;25985;1,38166640080821e+02;0,654
245700950;6858686;1009756;184,520;17490;9,47864730110557e+01;0,699
245701164;6904380;964725;47,630;17959;3,77052277976066e+02;0,631
245701206;6868601;965009;985,060;28853;2,92906015877205e+01;0,691
245701222;6918132;923327;86,500;70402;8,13895953757225e+02;0,563
245701271;6908580;923331;99,610;53941;5,41521935548640e+02;0,626
245701354;6918645;940133;224,370;34689;1,54606230779516e+02;0,648
245701362;6923359;925462;156,770;80039;5,10550487976016e+02;0,622
245701404;6932243;913558;73,010;28875;3,95493767976989e+02;0,595
245801063;6646011;714540;182,040;7186;3,94748406943529e+01;0,697
245804406;6656559;709184;247,440;65707;2,65547203362431e+02;0,671
245804497;6630940;714506;292,660;5437;1,85778719333014e+01;0,657
245900428;7101616;652654;296,260;195917;6,61300884358334e+02;0,659
245900758;7060042;680012;127,900;39349;3,07654417513683e+02;0,699
245901038;7013781;736170;117,650;14807;1,25856353591160e+02;0,682
245901152;7030058;717945;138,780;71066;5,12076668107797e+02;0,639
245901160;7030578;739467;263,770;192787;7,30890548583994e+02;0,627
246000129;6914272;661391;48,660;23745;4,87977805178792e+02;0,594
246000376;6920643;658999;157,190;37491;2,38507538647497e+02;0,652
246000566;6935481;663569;441,340;30161;6,83396021208139e+01;0,650
246000582;6906210;632987;203,530;38511;1,89215349088586e+02;0,591
246000707;6906795;618161;303,660;20380;6,71145359942040e+01;0,652
246000749;6923485;702464;211,570;16255;7,68303634730822e+01;0,672
246000756;6945575;701978;268,240;32668;1,21786459886669e+02;0,602
246000764;6895980;663696;150,040;44964;2,99680085310584e+02;0,697
246000772;6933321;692845;114,350;22878;2,00069960647136e+02;0,644
246000848;6946394;619482;627,630;32705;5,21087264789765e+01;0,660
246000855;6941139;685090;353,970;22074;6,23612170522926e+01;0,643
246000871;6898090;693159;618,260;55673;9,00478762979976e+01;0,622
246000897;6921958;674950;166,850;17966;1,07677554689841e+02;0,667
246000913;6924715;616680;247,000;18302;7,40971659919028e+01;0,654
246000921;6912839;670251;139,740;34240;2,45026477744382e+02;0,630
246100390;6856220;458574;255,840;5684;2,22170106316448e+01;0,688
246100663;6821551;481423;430,130;55924;1,30016506637528e+02;0,684
246200299;7037217;698044;112,590;126509;1,12362554400924e+03;0,623
246200364;7037272;685560;240,530;241703;1,00487673055336e+03;0,640
246200380;7082155;607994;185,510;22197;1,19653927012021e+02;0,712
246200729;7067533;604219;206,610;112836;5,46130390590968e+02;0,712
246200844;7089519;635065;221,080;27630;1,24977383752488e+02;0,675
246201016;7068619;634226;272,320;24170;8,87558754406580e+01;0,692
246300701;6519836;708322;302,160;294127;9,73414747153826e+02;0,691
246300966;6489733;690810;597,620;9646;1,61406914092567e+01;0,693
246301097;6527074;730279;229,810;19089;8,30642704843131e+01;0,666
246400337;6224181;423053;620,400;9675;1,55947775628627e+01;0,673
246401756;6236075;435564;327,110;28715;8,77839258964874e+01;0,663
246500482;6223898;468414;391,410;16640;4,25129659436397e+01;0,667
246500573;6198613;483955;690,060;6918;1,00252151986784e+01;0,661
246600282;6169581;697527;41,670;23575;5,65754739620830e+02;0,661
246600373;6154615;682954;184,550;20468;1,10907613112978e+02;0,629
246600399;6152344;614865;442,640;8635;1,95079522862823e+01;0,613
246600415;6173182;669800;235,690;18398;7,80601637744495e+01;0,602
246600423;6185564;658549;371,560;6412;1,72569706103994e+01;0,595
246600449;6165252;681081;233,650;21708;9,29081960196876e+01;0,618
246600464;6162214;627110;356,430;5974;1,67606542659148e+01;0,639
246600548;6149626;665208;441,120;9677;2,19373413130214e+01;0,642
246700306;6823879;1010987;303,830;20883;6,87325148931969e+01;0,691
246700488;6841617;1045629;339,840;500510;1,47278130885122e+03;0,619
246700744;6829139;1025978;135,420;18028;1,33126569192143e+02;0,715
246700777;6812689;1017978;116,680;10789;9,24665752485430e+01;0,689
246700843;6858706;1052546;80,720;17393;2,15473240832507e+02;0,726
246700926;6888336;1060659;130,790;15888;1,21477177154217e+02;0,682
246700959;6861620;1035444;119,370;16064;1,34573175839826e+02;0,723
246700967;6806203;1029467;170,330;36854;2,16368226384078e+02;0,686
246701064;6836930;1029720;161,510;40422;2,50275524735311e+02;0,700
246701080;6827756;1034321;67,950;18452;2,71552612214864e+02;0,714
246701098;6879563;1038898;184,150;23387;1,26999728482216e+02;0,695
246800205;6762236;998668;167,300;12336;7,37358039450090e+01;0,621
246800395;6804562;1013664;103,300;9458;9,15585672797677e+01;0,625
246800445;6768416;1026855;137,060;15767;1,15037209981030e+02;0,624
246800494;6775246;1018793;115,560;13121;1,13542748355832e+02;0,694
246800551;6790373;1012153;180,420;16377;9,07715330894579e+01;0,668
246800569;6765429;1013039;189,890;38067;2,00468692400864e+02;0,629
246800577;6796819;1021653;166,510;18286;1,09819230076272e+02;0,692
246800585;6778032;1006887;195,620;16237;8,30027604539413e+01;0,639
246800676;6749169;1000120;160,620;16083;1,00130743369443e+02;0,642
246800726;6784748;1024681;244,260;113621;4,65164169327766e+02;0,635
246900575;6514522;858898;141,980;41259;2,90597267220735e+02;0,684
246900625;6525194;824180;184,190;38057;2,06618166024214e+02;0,657
246900724;6515645;829143;106,680;30231;2,83380202474691e+02;0,645
246900740;6505069;829378;144,460;28915;2,00159213623148e+02;0,662
246900757;6508301;836998;48,930;31267;6,39014919272430e+02;0,666
246900765;6503916;845500;76,390;26182;3,42741196491687e+02;0,661
247000011;6730258;936061;145,380;32203;2,21509148438575e+02;0,674
247000367;6727549;923919;284,860;7631;2,67885979077442e+01;0,680
247000623;6725580;903712;552,630;9527;1,72393825887122e+01;0,661
247000664;6735101;964560;204,260;19616;9,60344658768237e+01;0,641
247000698;6709813;914217;241,600;6148;2,54470198675497e+01;0,649
247000706;6706181;928483;292,970;12818;4,37519199918080e+01;0,639
247000714;6723025;960964;206,450;7856;3,80527972874788e+01;0,657
247000722;6727706;978709;153,120;21051;1,37480407523511e+02;0,644
247000755;6751190;955459;153,780;14950;9,72168032253869e+01;0,668
247000821;6739060;977849;153,060;11856;7,74598196785574e+01;0,629
247000854;6752961;968856;349,110;8472;2,42674228753115e+01;0,656
247100290;6626332;808729;742,070;93072;1,25422129987737e+02;0,674
247100589;6637285;835927;554,260;113869;2,05443293761051e+02;0,669
247100639;6576784;777683;224,360;6140;2,73667320377964e+01;0,684
247100647;6643968;872723;243,400;6539;2,68652423993426e+01;0,663
247103765;6613864;837588;258,540;11224;4,34130115262629e+01;0,697
247103864;6575196;787692;197,110;5164;2,61985693267719e+01;0,663
247104094;6621753;826097;316,760;11480;3,62419497411289e+01;0,681
247200090;6752300;454363;367,460;28611;7,78615359494911e+01;0,647
247200132;6771064;489289;268,050;205811;7,67808244730461e+02;0,670
247200348;6742711;471236;342,800;27002;7,87689614935823e+01;0,655
247200421;6762101;502223;177,880;17508;9,84259051045649e+01;0,715
247200447;6754098;494442;149,410;19509;1,30573589451844e+02;0,703
247200629;6759194;479479;286,190;30433;1,06338446486600e+02;0,711
247200686;6785061;524207;455,060;28659;6,29785083285721e+01;0,697
247300015;6495722;971118;79,520;7233;9,09582494969819e+01;0,609
247300254;6505820;1001388;610,710;15576;2,55047403841430e+01;0,610
247300262;6512677;915772;126,320;7226;5,72039265357821e+01;0,643
247300361;6478591;957041;274,520;7408;2,69852834037593e+01;0,633
247300452;6461223;973363;326,180;5426;1,66349868170949e+01;0,654
247300528;6499754;910792;70,990;12251;1,72573601915763e+02;0,627
247300668;6500333;916353;86,040;5977;6,94676894467689e+01;0,648
247300676;6494868;957291;165,140;6856;4,15162892091559e+01;0,612
247300817;6501995;989226;271,510;9655;3,55603845162241e+01;0,621
247400047;6575154;964125;79,070;8012;1,01327937270773e+02;0,548
247400112;6553851;940490;116,730;15921;1,36391673091750e+02;0,540
247400567;6544681;934365;67,570;15490;2,29243747225100e+02;0,599
247400583;6564102;951158;98,970;19917;2,01242800848742e+02;0,530
247400617;6537268;960304;348,380;18548;5,32407141626959e+01;0,625
247400666;6566643;963854;134,600;19416;1,44249628528975e+02;0,556
247400682;6578395;979114;308,930;12803;4,14430453500793e+01;0,628
247400690;6561140;934815;150,750;47231;3,13306799336650e+02;0,476
247400724;6556965;955968;93,730;28038;2,99135815640670e+02;0,571
247400740;6536603;928715;161,420;31499;1,95136909924421e+02;0,567
247400773;6522681;953338;152,520;15166;9,94361395226855e+01;0,640
247600505;6953576;512652;146,040;15059;1,03115584771296e+02;0,696
247600588;6993610;589740;215,350;36979;1,71715811469700e+02;0,716
247600604;6972290;586201;195,330;5255;2,69031894742231e+01;0,714
247600620;6948468;537829;163,360;26418;1,61716454456415e+02;0,712
247600646;6943879;550641;88,790;25183;2,83624282013740e+02;0,680
247600729;6979016;577653;330,820;23598;7,13318420893537e+01;0,727
247600786;6978245;562098;130,660;46223;3,53765498239706e+02;0,729
247700032;6802434;687143;219,700;38818;1,76686390532544e+02;0,669
247700057;6827400;673352;154,300;131924;8,54983797796500e+02;0,560
247700065;6882100;701921;235,040;17546;7,46511232130701e+01;0,594
247700107;6806315;699153;273,020;43461;1,59186140209508e+02;0,537
247700339;6862383;686024;69,340;50922;7,34381309489472e+02;0,646
247700594;6862832;679563;105,730;106750;1,00964721460323e+03;0,632
247700644;6844970;671277;49,550;27752;5,60080726538850e+02;0,626
247700701;6830767;699088;293,680;27809;9,46915009534187e+01;0,598
247800550;6860002;599405;292,940;29583;1,00986550146788e+02;0,684
247800584;6856174;634874;120,980;267033;2,20724913208795e+03;0,674
247800618;6858050;613261;229,920;49962;2,17301670146138e+02;0,691
247900798;6656861;456820;464,510;35665;7,67798325116790e+01;0,665
248000499;6980438;666073;247,470;26646;1,07673657413020e+02;0,734
248000531;6975040;647887;352,710;180905;5,12900116242806e+02;0,676
248000747;6993283;673346;462,770;28302;6,11578105754478e+01;0,723
248100158;6272704;622509;373,720;22863;6,11768168682436e+01;0,647
248100430;6270818;646119;408,360;78101;1,91255264962288e+02;0,656
248100497;6322292;650586;259,170;5564;2,14685341667631e+01;0,641
248100737;6313101;631782;211,640;82218;3,88480438480439e+02;0,663
248100745;6265865;661908;159,320;5052;3,17097665076575e+01;0,658
248200016;6335860;531369;343,670;18750;5,45581517153083e+01;0,627
248200057;6344825;582778;393,320;20279;5,15585274077087e+01;0,590
248200065;6314016;534458;380,090;10021;2,63648083348681e+01;0,676
248200099;6324122;565940;282,650;78048;2,76129488767026e+02;0,596
248200107;6347196;605610;464,020;7683;1,65574759708633e+01;0,591
248300394;6238466;926364;358,670;61283;1,70861794964731e+02;0,624
248300410;6237916;945967;83,840;31456;3,75190839694656e+02;0,583
248300493;6281031;979670;922,170;107253;1,16305019681837e+02;0,533
248300543;6229364;942299;372,230;438985;1,17933804368267e+03;0,576
248300550;6255583;964274;451,020;43518;9,64879606225888e+01;0,523
248400053;6335989;867871;511,840;69812;1,36394185683026e+02;0,543
248400160;6346196;848817;143,980;19568;1,35907764967357e+02;0,570
248400236;6335713;847019;188,610;44804;2,37548380255554e+02;0,542
248400251;6320608;848163;302,890;192785;6,36485192644194e+02;0,549
248400285;6298539;904702;362,880;25106;6,91854056437390e+01;0,575
248400293;6326892;856426;155,670;49756;3,19624847433674e+02;0,551
248400319;6315980;864445;121,840;33564;2,75476034143139e+02;0,591
248400335;6350763;867649;275,820;16684;6,04887245304909e+01;0,589
248500191;6665663;302628;49,210;9305;1,89087583824426e+02;0,772
248500258;6648684;317068;184,680;19280;1,04396794455274e+02;0,721
248500340;6632269;388923;319,420;22705;7,10819610544111e+01;0,636
248500415;6622086;412973;318,010;15604;4,90676393824094e+01;0,648
248500464;6635685;406452;320,790;23197;7,23121044920353e+01;0,659
248500530;6624868;345350;226,660;18959;8,36451072090356e+01;0,653
248500563;6596007;415270;284,580;16191;5,68943706514864e+01;0,656
248500589;6626647;364527;501,500;97028;1,93475573280160e+02;0,653
248500621;6647005;393312;250,380;29869;1,19294672098410e+02;0,660
248500662;6658520;396834;198,800;27696;1,39315895372233e+02;0,678
248600413;6639825;513281;1135,690;84098;7,40501369211669e+01;0,642
248600447;6657248;478926;852,380;24434;2,86656186208029e+01;0,646
248700189;6493909;561614;337,890;12046;3,56506555387848e+01;0,735
248719262;6561386;565781;200,080;5166;2,58196721311475e+01;0,710
248719288;6521545;555123;157,100;16175;1,02959898154042e+02;0,692
248719312;6529004;565134;523,360;207385;3,96256878630388e+02;0,683
248719338;6510391;591201;232,490;5374;2,31149726869973e+01;0,712
248719353;6517940;602369;372,080;5632;1,51365297785422e+01;0,680
248719361;6527097;583514;323,480;11866;3,66823296648943e+01;0,701
248900334;6785010;723689;375,230;59228;1,57844522026490e+02;0,608
248900383;6760480;737722;64,480;15054;2,33467741935484e+02;0,620
248900524;6750722;725056;265,920;10386;3,90568592057762e+01;0,673
248900664;6788602;740105;402,770;8610;2,13769645206942e+01;0,624
248900748;6785058;708551;403,400;17470;4,33068914229053e+01;0,605
248900896;6801091;716747;371,160;24468;6,59230520530230e+01;0,614
248900938;6765945;724598;353,570;21038;5,95016545521396e+01;0,617
249000241;6722152;1001511;173,030;23579;1,36271166849679e+02;0,601
249100074;6837358;634278;119,380;26739;2,23982241581504e+02;0,698
249100157;6812938;656763;188,790;18553;9,82732136236030e+01;0,675
249100546;6824417;654520;194,050;60076;3,09590311775316e+02;0,644
249100553;6823975;642024;120,730;27504;2,27814130704879e+02;0,661
249100595;6825286;629921;144,140;26202;1,81781601221035e+02;0,656
249500109;6882006;630214;86,980;210633;2,42162566107151e+03;0,544
249500430;6891614;636374;120,260;19285;1,60360884749709e+02;0,689
249500455;6887275;644398;75,410;38783;5,14295186314812e+02;0,651
249500489;6894275;647473;48,990;38986;7,95795060216371e+02;0,560
249500513;6892199;607356;201,570;16699;8,28446693456368e+01;0,649
200018653;5392968;1967018;119,310;99685;8,35512530383036e+02;0,177
200041507;7197818;2728084;208,480;64239;3,08130276285495e+02;0,246
200044691;9060791;3327774;335,650;57173;1,70335170564576e+02;0,164
249710047;5286142;2056715;159,490;10655;6,68066963445984e+01;0,186
249710062;10766588;3834361;469,890;77398;1,64715146098023e+02;0,192
249710070;19466083;7054188;342,840;78479;2,28908528759771e+02;0,217
200027548;2209432;1095039;11920,360;29843;2,50353177253036e+00;0,251
249730037;3981059;1443556;41209,840;94677;2,29743672870363e+00;0,101
249730045;3202065;2062964;4859,800;144501;2,97339396682991e+01;0,249
249730052;1618113;1414303;25835,140;7107;2,75090438836407e-01;0,219
249740077;45897542;2031742;378,040;181704;4,80647550523754e+02;0,397
249740085;30593970;1422895;564,710;128965;2,28373855607303e+02;0,394
249740093;46011509;2150010;736,410;126877;1,72291250797789e+02;0,367
249740101;38356011;1636372;535,940;210928;3,93566444004926e+02;0,398
249740119;23050687;1039471;287,980;207487;7,20491006319883e+02;0,427
200041788;29387307;12678981;520,120;99009;1,90357994309006e+02;0,181
249720053;19275212;8661793;411,980;115068;2,79304820622360e+02;0,210
249720061;6480733;2839404;175,910;154706;8,79461088056392e+02;0,207
93053;NA;NA;504,000;44223;8,77440476190476e+01;0,511
91432;NA;NA;480,000;13453;2,80270833333333e+01;0,614
93079;NA;NA;230,000;13557;5,89434782608696e+01;0,447
94071;NA;NA;1041,000;26974;2,59116234390010e+01;0,652
91687;NA;NA;613,000;30706;5,00913539967374e+01;0,531
94075;NA;NA;563,000;11119;1,97495559502664e+01;0,612
92002;NA;NA;955,000;62858;6,58198952879581e+01;0,681
93064;NA;NA;591,000;46043;7,79069373942470e+01;0,542
94041;NA;NA;611,000;63309;1,03615384615385e+02;0,579
93031;NA;NA;458,000;54771;1,19587336244541e+02;0,476
94033;NA;NA;556,000;52256;9,39856115107914e+01;0,616
94018;NA;NA;185,000;30053;1,62448648648649e+02;0,683
94022;NA;NA;542,000;46154;8,51549815498155e+01;0,535
94034;NA;NA;355,000;28230;7,95211267605634e+01;0,562
92026;NA;NA;416,000;82198;1,97591346153846e+02;0,681
93070;NA;NA;431,000;50670;1,17563805104408e+02;0,563
92076;NA;NA;309,000;8660;2,80258899676375e+01;0,722
69205;NA;NA;376,000;5036;1,33936170212766e+01;0,670
69044;NA;NA;412,000;5119;1,24247572815534e+01;0,733
69290;NA;NA;2971,000;46510;1,56546617300572e+01;0,539
69194;NA;NA;833,000;6951;8,34453781512605e+00;0,723
69266;NA;NA;1494,000;150659;1,00842704149933e+02;0,580
69096;NA;NA;593,000;9675;1,63153456998314e+01;0,544
69279;NA;NA;1213,000;5989;4,93734542456719e+00;0,693
69199;NA;NA;601,000;19254;3,20366056572379e+01;0,422
69282;NA;NA;2337,000;34151;1,46131792896876e+01;0,585
69286;NA;NA;1455,000;30410;2,09003436426117e+01;0,532
69284;NA;NA;726,000;3186;4,38842975206612e+00;0,749
69256;NA;NA;2109,000;50823;2,40981507823613e+01;0,441
69143;NA;NA;546,000;7560;1,38461538461538e+01;0,641
69071;NA;NA;308,000;1175;3,81493506493507e+00;0,693
69207;NA;NA;542,000;3043;5,61439114391144e+00;0,624
69278;NA;NA;865,000;5490;6,34682080924855e+00;0,661
69088;NA;NA;232,000;7068;3,04655172413793e+01;0,645
93013;NA;NA;209,000;16139;7,72200956937799e+01;0,536
93014;NA;NA;396,000;28992;7,32121212121212e+01;0,415
93029;NA;NA;776,000;72109;9,29239690721650e+01;0,514
93073;NA;NA;2262,000;36230;1,60167992926614e+01;0,495
94079;NA;NA;431,000;28592;6,63387470997680e+01;0,601
92032;NA;NA;253,000;25342;1,00166007905138e+02;0,638
92019;NA;NA;637,000;34170;5,36420722135008e+01;0,629
93008;NA;NA;678,000;54272;8,00471976401180e+01;0,470
94002;NA;NA;367,000;44287;1,20673024523161e+02;0,580
92035;NA;NA;178,000;29430;1,65337078651685e+02;0,691
92063;NA;NA;1453,000;77986;5,36724019270475e+01;0,683
92064;NA;NA;751,000;30038;3,99973368841545e+01;0,697
92022;NA;NA;357,000;20702;5,79887955182073e+01;0,691
92004;NA;NA;482,000;85946;1,78311203319502e+02;0,617
13024;NA;NA;1445,000;2684;1,85743944636678e+00;0,582
13049;NA;NA;1950,000;1989;1,02000000000000e+00;0,577
13008;NA;NA;1260,000;560;4,44444444444444e-01;0,655
84089;NA;NA;5923,000;20397;3,44369407394901e+00;0,565
94001;NA;NA;114,000;5818;5,10350877192982e+01;0,589
94055;NA;NA;342,000;10403;3,04181286549708e+01;0,695
94044;NA;NA;692,000;27684;4,00057803468208e+01;0,511
91589;NA;NA;698,000;36734;5,26275071633238e+01;0,608
92075;NA;NA;155,000;27466;1,77200000000000e+02;0,714
92040;NA;NA;425,000;68260;1,60611764705882e+02;0,699
94069;NA;NA;146,000;14001;9,58972602739726e+01;0,654
92071;NA;NA;360,000;19606;5,44611111111111e+01;0,706
94077;NA;NA;842,000;21214;2,51947743467933e+01;0,556
93049;NA;NA;342,000;20915;6,11549707602339e+01;0,622
94081;NA;NA;1166,000;94649;8,11740994854202e+01;0,556
94046;NA;NA;533,000;55899;1,04876172607880e+02;0,669
92025;NA;NA;780,000;86052;1,10323076923077e+02;0,590
92060;NA;NA;341,000;29665;8,69941348973607e+01;0,679
92046;NA;NA;207,000;30711;1,48362318840580e+02;0,658
92020;NA;NA;292,000;37010;1,26746575342466e+02;0,621
94053;NA;NA;457,000;4622;1,01137855579869e+01;0,664
94047;NA;NA;336,000;4766;1,41845238095238e+01;0,657
93015;NA;NA;419,000;4866;1,16133651551313e+01;0,624
93046;NA;NA;736,000;45012;6,11576086956522e+01;0,539
93078;NA;NA;1037,000;37280;3,59498553519769e+01;0,464
93074;NA;NA;371,000;7003;1,88760107816712e+01;0,528
94058;NA;NA;396,000;33793;8,53358585858586e+01;0,683
94015;NA;NA;335,000;16919;5,05044776119403e+01;0,679
94048;NA;NA;460,000;4839;1,05195652173913e+01;0,669
94076;NA;NA;529,000;54964;1,03901701323251e+02;0,593
93059;NA;NA;340,000;30828;9,06705882352941e+01;0,451
95018;NA;NA;1738,000;110213;6,34136939010357e+01;0,504
92078;NA;NA;319,000;24023;7,53072100313480e+01;0,476
94068;NA;NA;1123,000;75298;6,70507569011576e+01;0,707
93051;NA;NA;1320,000;68126;5,16106060606061e+01;0,577
92023;NA;NA;876,000;52926;6,04178082191781e+01;0,665
93001;NA;NA;575,000;87572;1,52299130434783e+02;0,489
92072;NA;NA;394,000;23251;5,90126903553300e+01;0,698
93007;NA;NA;806,000;57150;7,09057071960298e+01;0,480
93030;NA;NA;386,000;10757;2,78678756476684e+01;0,423
93072;NA;NA;541,000;38666;7,14713493530499e+01;0,444
93071;NA;NA;728,000;51225;7,03640109890110e+01;0,463
94067;NA;NA;91,000;22248;2,44483516483516e+02;0,712
93027;NA;NA;750,000;43946;5,85946666666667e+01;0,489
93063;NA;NA;343,000;28536;8,31953352769679e+01;0,547
93010;NA;NA;547,000;54055;9,88208409506398e+01;0,477
94080;NA;NA;191,000;49635;2,59869109947644e+02;0,716
92062;NA;NA;319,000;44837;1,40554858934169e+02;0,677
93066;NA;NA;1237,000;112091;9,06151980598221e+01;0,490
92047;NA;NA;347,000;1792;5,16426512968300e+00;0,714
94042;NA;NA;228,000;19516;8,55964912280702e+01;0,674
92009;NA;NA;192,000;28468;1,48270833333333e+02;0,674
94011;NA;NA;549,000;18045;3,28688524590164e+01;0,534
91027;NA;NA;859,000;35101;4,08626309662398e+01;0,528
94059;NA;NA;432,000;20025;4,63541666666667e+01;0,633
94004;NA;NA;892,000;16487;1,84831838565022e+01;0,550
94054;NA;NA;668,000;23853;3,57080838323353e+01;0,498
94065;NA;NA;420,000;5705;1,35833333333333e+01;0,703
94028;NA;NA;1146,000;92265;8,05104712041885e+01;0,552
94037;NA;NA;118,000;18577;1,57432203389831e+02;0,598
94043;NA;NA;154,000;24850;1,61363636363636e+02;0,620
94073;NA;NA;644,000;29806;4,62826086956522e+01;0,600
94038;NA;NA;391,000;31417;8,03503836317136e+01;0,610
94003;NA;NA;233,000;21721;9,32231759656652e+01;0,616
92007;NA;NA;418,000;40812;9,76363636363636e+01;0,539
92033;NA;NA;271,000;17762;6,55424354243542e+01;0,710
92077;NA;NA;369,000;11050;2,99457994579946e+01;0,719
69202;NA;NA;683,000;22141;3,24172767203514e+01;0,693
69046;NA;NA;517,000;4552;8,80464216634429e+00;0,716
69275;NA;NA;1711,000;28604;1,67177089421391e+01;0,569
69149;NA;NA;439,000;26583;6,05535307517084e+01;0,616
93005;NA;NA;1622,000;86278;5,31923551171393e+01;0,495
94052;NA;NA;280,000;32922;1,17578571428571e+02;0,695
94074;NA;NA;533,000;14837;2,78367729831144e+01;0,436
93050;NA;NA;697,000;35680;5,11908177905308e+01;0,539
93055;NA;NA;501,000;59060;1,17884231536926e+02;0,563
94021;NA;NA;421,000;19863;4,71805225653207e+01;0,588
94078;NA;NA;808,000;34607;4,28304455445545e+01;0,470
92048;NA;NA;994,000;45748;4,60241448692153e+01;0,677
94017;NA;NA;1132,000;77039;6,80556537102474e+01;0,563
69069;NA;NA;471,000;11125;2,36199575371550e+01;0,667
69081;NA;NA;848,000;18587;2,19186320754717e+01;0,664
69250;NA;NA;842,000;4040;4,79809976247031e+00;0,710
69033;NA;NA;846,000;2803;3,31323877068558e+00;0,700
92044;NA;NA;241,000;65817;2,73099585062241e+02;0,696
93032;NA;NA;696,000;39618;5,69224137931034e+01;0,570
94070;NA;NA;998,000;4045;4,05310621242485e+00;0,684
93047;NA;NA;544,000;27201;5,00018382352941e+01;0,501
13043;NA;NA;857,000;9606;1,12088681446908e+01;0,518
13093;NA;NA;682,000;380;5,57184750733138e-01;0,618
13084;NA;NA;2561,000;5441;2,12456071846935e+00;0,588
13030;NA;NA;3960,000;5147;1,29974747474747e+00;0,524
92049;NA;NA;206,000;48734;2,36572815533981e+02;0,699
69117;NA;NA;572,000;3128;5,46853146853147e+00;0,678
69116;NA;NA;910,000;3648;4,00879120879121e+00;0,684
13025;NA;NA;1321,000;2307;1,74640423921272e+00;0,647
92073;NA;NA;379,000;48763;1,28662269129288e+02;0,670
13013;NA;NA;1311,000;1919;1,46376811594203e+00;0,563
94056;NA;NA;276,000;2672;9,68115942028986e+00;0,630
93077;NA;NA;404,000;30005;7,42698019801980e+01;0,569
92014;NA;NA;185,000;20769;1,12264864864865e+02;0,705
13119;NA;NA;371,000;6564;1,76927223719677e+01;0,610
13022;NA;NA;2599,000;7027;2,70373220469411e+00;0,672
13028;NA;NA;3197,000;35281;1,10356584297779e+01;0,558
13098;NA;NA;2111,000;5800;2,74751302700142e+00;0,554
13016;NA;NA;1270,000;6254;4,92440944881890e+00;0,563
13054;NA;NA;2351,000;32793;1,39485325393450e+01;0,506
13046;NA;NA;622,000;4253;6,83762057877814e+00;0,568
13014;NA;NA;19665,000;13520;6,87515891177218e-01;0,489
13029;NA;NA;1483,000;1370;9,23803101820634e-01;0,548
13063;NA;NA;2580,000;26668;1,03364341085271e+01;0,487
13095;NA;NA;2323,000;1243;5,35083943176926e-01;0,717
13106;NA;NA;1773,000;11058;6,23688663282572e+00;0,503
13048;NA;NA;8016,000;4423;5,51771457085828e-01;0,574
13021;NA;NA;1016,000;5756;5,66535433070866e+00;0,679
13031;NA;NA;299,000;3757;1,25652173913043e+01;0,531
13090;NA;NA;1757,000;123;7,00056915196357e-02;0,650
13050;NA;NA;6518,000;9799;1,50337526848727e+00;0,599
13102;NA;NA;469,000;6633;1,41428571428571e+01;0,505
13072;NA;NA;2476,000;3513;1,41882067851373e+00;0,600
13062;NA;NA;1885,000;4348;2,30663129973475e+00;0,608
13113;NA;NA;2056,000;8406;4,08852140077821e+00;0,642
13114;NA;NA;2631,000;5433;2,06499429874572e+00;0,654
13082;NA;NA;5822,000;4706;8,08313294400550e-01;0,641
13042;NA;NA;3294,000;6551;1,98876745598057e+00;0,606
13085;NA;NA;3089,000;5896;1,90870831984461e+00;0,574
13007;NA;NA;4462,000;12771;2,86216943074854e+00;0,542
13110;NA;NA;7007,000;10500;1,49850149850150e+00;0,553
13077;NA;NA;1178,000;16569;1,40653650254669e+01;0,430
13053;NA;NA;2863,000;6084;2,12504366049598e+00;0,554
69087;NA;NA;272,000;3053;1,12242647058824e+01;0,695
69233;NA;NA;261,000;1221;4,67816091954023e+00;0,668
13009;NA;NA;2292,000;836;3,64746945898778e-01;0,578
13012;NA;NA;1005,000;586;5,83084577114428e-01;0,639
13118;NA;NA;1262,000;3710;2,93977812995246e+00;0,661
13037;NA;NA;1430,000;8666;6,06013986013986e+00;0,591
13087;NA;NA;1952,000;4881;2,50051229508197e+00;0,551
13086;NA;NA;2397,000;8858;3,69545264914476e+00;0,561
13074;NA;NA;3511,000;5125;1,45969809171176e+00;0,558
13073;NA;NA;1326,000;5547;4,18325791855204e+00;0,551
13020;NA;NA;416,000;2162;5,19711538461539e+00;0,571
13101;NA;NA;591,000;3384;5,72588832487310e+00;0,581
13026;NA;NA;3279,000;17425;5,31412015858493e+00;0,485
13059;NA;NA;4169,000;3840;9,21084192852003e-01;0,579
13040;NA;NA;3006,000;10157;3,37890884896873e+00;0,562
13035;NA;NA;6889,000;6926;1,00537088111482e+00;0,605
13092;NA;NA;2676,000;8593;3,21113602391629e+00;0,555
13047;NA;NA;11417,000;43411;3,80231234124551e+00;0,517
13105;NA;NA;3065,000;6930;2,26101141924959e+00;0,521
13051;NA;NA;6916,000;8947;1,29366685945633e+00;0,576
13117;NA;NA;3669,000;33101;9,02180430635050e+00;0,517
13109;NA;NA;1085,000;2267;2,08940092165899e+00;0,649
13041;NA;NA;2713,000;21376;7,87910062661261e+00;0,537
13081;NA;NA;1762,000;12080;6,85584562996595e+00;0,571
13015;NA;NA;2193,000;14784;6,74145006839945e+00;0,637
13019;NA;NA;3669,000;9834;2,68029435813573e+00;0,637
13112;NA;NA;2515,000;8616;3,42584493041750e+00;0,652
13001;NA;NA;18748,000;143097;7,63265414977598e+00;0,614
13032;NA;NA;3413,000;7957;2,33138001757984e+00;0,631
13080;NA;NA;4487,000;5744;1,28014263427680e+00;0,592
13091;NA;NA;3676,000;5678;1,54461371055495e+00;0,655
13070;NA;NA;364,000;6446;1,77087912087912e+01;0,557
13005;NA;NA;5470,000;47208;8,63034734917733e+00;0,523
13002;NA;NA;5041,000;20860;4,13806784368181e+00;0,592
13107;NA;NA;3004,000;5699;1,89713715046605e+00;0,606
13075;NA;NA;857,000;11481;1,33967327887981e+01;0,583
13071;NA;NA;3371,000;21411;6,35152773657668e+00;0,567
13044;NA;NA;2765,000;5120;1,85171790235081e+00;0,578
13103;NA;NA;7040,000;45400;6,44886363636364e+00;0,562
13023;NA;NA;2316,000;4656;2,01036269430052e+00;0,573
13111;NA;NA;5436,000;1007;1,85246504782929e-01;0,639
13039;NA;NA;8780,000;15602;1,77699316628702e+00;0,512
13056;NA;NA;7647,000;48420;6,33189486072970e+00;0,522
13104;NA;NA;1194,000;7640;6,39865996649916e+00;0,658
13033;NA;NA;2602,000;5527;2,12413528055342e+00;0,587
13088;NA;NA;2311,000;5137;2,22284725227174e+00;0,544
13078;NA;NA;8300,000;8423;1,01481927710843e+00;0,397
83120;NA;NA;2692,000;5993;2,22622585438336e+00;0,530
13079;NA;NA;4089,000;1779;4,35069699192957e-01;0,584
69153;NA;NA;633,000;1355;2,14060031595577e+00;0,688
69072;NA;NA;1407,000;8675;6,16560056858564e+00;0,669
69163;NA;NA;1799,000;3480;1,93440800444691e+00;0,655
92024;NA;NA;308,000;62485;2,02873376623377e+02;0,590
69100;NA;NA;881,000;8695;9,86946651532350e+00;0,626
13115;NA;NA;1592,000;1937;1,21670854271357e+00;0,529
69089;NA;NA;825,000;14656;1,77648484848485e+01;0,667
69142;NA;NA;184,000;6431;3,49510869565217e+01;0,592
69293;NA;NA;512,000;2374;4,63671875000000e+00;0,697
69283;NA;NA;1166,000;13665;1,17195540308748e+01;0,617
69068;NA;NA;312,000;2472;7,92307692307692e+00;0,690
69152;NA;NA;447,000;10461;2,34026845637584e+01;0,536
69191;NA;NA;727,000;5721;7,86932599724897e+00;0,703
69292;NA;NA;190,000;6267;3,29842105263158e+01;0,616
69063;NA;NA;380,000;4181;1,10026315789474e+01;0,687
69168;NA;NA;138,000;1532;1,11014492753623e+01;0,641
69034;NA;NA;1038,000;42847;4,12784200385356e+01;0,675
69276;NA;NA;1052,000;9879;9,39068441064639e+00;0,543
69296;NA;NA;821,000;2939;3,57978075517661e+00;0,667
69003;NA;NA;261,000;2911;1,11532567049808e+01;0,656
69244;NA;NA;797,000;22403;2,81091593475533e+01;0,677
69040;NA;NA;256,000;5570;2,17578125000000e+01;0,656
69259;NA;NA;1545,000;67129;4,34491909385113e+01;0,439
69271;NA;NA;1157,000;10498;9,07346585998271e+00;0,671
69260;NA;NA;418,000;5001;1,19641148325359e+01;0,634
91479;NA;NA;610,000;7503;1,23000000000000e+01;0,606
93006;NA;NA;257,000;35442;1,37906614785992e+02;0,549
92051;NA;NA;373,000;59940;1,60697050938338e+02;0,740
92050;NA;NA;1224,000;96807;7,90906862745098e+01;0,546
93033;NA;NA;167,000;6878;4,11856287425150e+01;0,661
93062;NA;NA;223,000;14708;6,59551569506726e+01;0,633
91326;NA;NA;225,000;17007;7,55866666666667e+01;0,570
93045;NA;NA;126,000;23402;1,85730158730159e+02;0,638
92036;NA;NA;1166,000;47702;4,09108061749571e+01;0,484
93039;NA;NA;173,000;8012;4,63121387283237e+01;0,478
92012;NA;NA;617,000;121334;1,96651539708266e+02;0,709
94016;NA;NA;278,000;30884;1,11093525179856e+02;0,628
69127;NA;NA;536,000;3603;6,72201492537313e+00;0,659
69204;NA;NA;1290,000;21019;1,62937984496124e+01;0,645
69091;NA;NA;1748,000;20121;1,15108695652174e+01;0,475
94019;NA;NA;523,000;18142;3,46883365200765e+01;0,602
94060;NA;NA;939,000;11909;1,26826411075612e+01;0,608
93057;NA;NA;292,000;23960;8,20547945205479e+01;0,526
93061;NA;NA;70,000;17485;2,49785714285714e+02;0,594
93048;NA;NA;891,000;109914;1,23360269360269e+02;0,555
69029;NA;NA;1031,000;42216;4,09466537342386e+01;0,573
69085;NA;NA;295,000;1464;4,96271186440678e+00;0,692
13060;NA;NA;2012,000;5796;2,88071570576541e+00;0,567
13099;NA;NA;4624,000;880;1,90311418685121e-01;0,544
13069;NA;NA;1907,000;10404;5,45568956476141e+00;0,612
13003;NA;NA;1685,000;2516;1,49317507418398e+00;0,556
69273;NA;NA;1190,000;11108;9,33445378151261e+00;0,602
13210;NA;NA;10,000;57093;5,70930000000000e+03;0,514
13212;NA;NA;14,000;61325;4,38035714285714e+03;0,579
13214;NA;NA;16,000;61965;3,87281250000000e+03;0,358
13213;NA;NA;28,000;91674;3,27407142857143e+03;0,465
13211;NA;NA;33,000;57372;1,73854545454545e+03;0,517
69382;NA;NA;3,000;30733;1,02443333333333e+04;0,687
69385;NA;NA;6,000;49755;8,29250000000000e+03;0,656
69381;NA;NA;1,510;29523;1,95516556291391e+04;0,660
69389;NA;NA;7,000;51102;7,30028571428571e+03;0,576
69384;NA;NA;2,930;35878;1,22450511945392e+04;0,681
69388;NA;NA;6,000;85170;1,41950000000000e+04;0,577
69383;NA;NA;6,000;102238;1,70396666666667e+04;0,650
69386;NA;NA;3,000;52411;1,74703333333333e+04;0,717
75116;NA;NA;16,000;166014;1,03758750000000e+04;0,737
75115;NA;NA;8,000;232144;2,90180000000000e+04;0,719
75114;NA;NA;5,000;136596;2,73192000000000e+04;0,705
75107;NA;NA;4,000;50196;1,25490000000000e+04;0,754
75106;NA;NA;2,150;40525;1,88488372093023e+04;0,761
75105;NA;NA;2,540;58379;2,29838582677165e+04;0,752
75104;NA;NA;1,600;28763;1,79768750000000e+04;0,735
75103;NA;NA;1,170;34020;2,90769230769231e+04;0,746
75111;NA;NA;3,000;145903;4,86343333333333e+04;0,728
75112;NA;NA;16,000;139665;8,72906250000000e+03;0,687
75117;NA;NA;5,000;165859;3,31718000000000e+04;0,696
75108;NA;NA;3,000;36222;1,20740000000000e+04;0,721
75109;NA;NA;2,180;59835;2,74472477064220e+04;0,737
75110;NA;NA;2,890;88557;3,06425605536332e+04;0,703
75118;NA;NA;5,000;193665;3,87330000000000e+04;0,660
13216;NA;NA;16,000;16105;1,00656250000000e+03;0,387
13215;NA;NA;16,000;76610;4,78812500000000e+03;0,352
13209;NA;NA;63,000;76342;1,21177777777778e+03;0,578
13208;NA;NA;19,000;81276;4,27768421052632e+03;0,635
13202;NA;NA;4,000;24874;6,21850000000000e+03;0,465
75101;NA;NA;1,830;16093;8,79398907103825e+03;0,727
75102;NA;NA;0,990;21420;2,16363636363636e+04;0,742
69387;NA;NA;9,000;81825;9,09166666666667e+03;0,636
13207;NA;NA;5,000;34875;6,97500000000000e+03;0,629
13201;NA;NA;1,778;40283;2,26563554555681e+04;0,489
13203;NA;NA;2,600;50982;1,96084615384615e+04;0,362
13206;NA;NA;2,100;42241;2,01147619047619e+04;0,588
13205;NA;NA;2,240;45979;2,05263392857143e+04;0,567
13204;NA;NA;2,900;49281;1,69934482758621e+04;0,521
75113;NA;NA;7,000;180632;2,58045714285714e+04;0,686
75119;NA;NA;6,000;185513;3,09188333333333e+04;0,622
75120;NA;NA;5,000;195600;3,91200000000000e+04;0,649
