Variable,theme,OR,2.5 %,97.5 %,p,id,inv_OR,inv_2.5 %,inv_97.5 %,is_OR_>1,max_OR-inv_OR
Overcrowding_rate,Logement,0.07319961570273406,0.05071934019737631,0.10344237616746166,1.6521531403020866e-76,41,13.661273906970106,9.66721799179392,19.716344812619024,FALSE,13.661273906970106
Unemployment_Benef,Revenus,0.07608252123096561,0.05059547918588092,0.11121374815006156,9.57677729458395e-66,17,13.143623316113239,8.99169407230743,19.76461170228541,FALSE,13.143623316113239
1564_Retired_amg_NW,Emploi,10.112490636465347,7.36001638932035,14.109845531276395,3.871911581273998e-65,36,0.09888760701483659,0.07087249805700309,0.13586926266238158,TRUE,10.112490636465347
HH_Moving_Time_gt30y,Logement,7.617482063378832,5.664702256732208,10.362189031192496,7.778646907647992e-54,20,0.13127697468531185,0.09650470542370702,0.17653178484562915,TRUE,7.617482063378832
Nb_Rooms_1ry_res,Logement,7.292442775556659,5.438908179728063,9.885386002992709,4.332476769438183e-52,6,0.13712826151366903,0.10115942864520003,0.1838604306149545,TRUE,7.292442775556659
HH_Moving_Time_2to4y,Logement,0.15289982440978112,0.11369960606543662,0.2036347282804436,1.4133262201278726e-47,16,6.540229878354453,4.9107537228267395,8.79510523039524,FALSE,6.540229878354453
Family_w_Children_amg_HH,Famille,0.15606518527009913,0.11620591012966447,0.2075745761116971,9.155390726746622e-47,48,6.407578975857546,4.817545668318716,8.605414293336574,FALSE,6.407578975857546
15+_MenOnWomen_NoDiploma,Formation,0.15606518527009913,0.11620591012966447,0.2075745761116971,9.155390726746622e-47,24,6.407578975857546,4.817545668318716,8.605414293336574,FALSE,6.407578975857546
NoChildFamily_HH,Famille,6.300778878526806,4.742707342903043,8.450663579359968,2.8757193581865168e-46,6,0.15871053710645555,0.11833390249286642,0.21085003305050934,TRUE,6.300778878526806
Family_wo_Children_amg_HH,Famille,6.300778878526806,4.742707342903043,8.450663579359968,2.8757193581865168e-46,50,0.15871053710645555,0.11833390249286642,0.21085003305050934,TRUE,6.300778878526806
15+_men_VocationalGraduate_amg_mWF,Formation,6.300778878526806,4.742707342903043,8.450663579359968,2.8757193581865168e-46,17,0.15871053710645555,0.11833390249286642,0.21085003305050934,TRUE,6.300778878526806
French_nlty_amg_Women,Immigration,6.146098953619285,4.473553728170203,8.544165859293916,2.8960881497409826e-36,7,0.16270483237357003,0.11703892649886356,0.2235359315577116,TRUE,6.146098953619285
Stranger_amg_Women,Immigration,0.1634319071605979,0.11756428765164156,0.22452578480572613,5.8264055515412995e-36,8,6.118756229267645,4.453831442412118,8.505984427542584,FALSE,6.118756229267645
1564_Retired_amg_WF,Emploi,6.053069100204585,4.566093535864948,8.096621436803424,1.1028952837305992e-44,31,0.16520544924329403,0.12350830624913145,0.2190055880689644,TRUE,6.053069100204585
80+_amg_Single,Famille,6.053069100204585,4.566093535864948,8.096621436803424,1.1028952837305992e-44,47,0.16520544924329403,0.12350830624913145,0.2190055880689644,TRUE,6.053069100204585
Interdecile_91_Ratio,Revenus,0.16522802735572695,0.11758670857364782,0.22843406470394148,7.776378767740754e-37,4,6.052241959211039,4.377630811306689,8.504362543438932,FALSE,6.052241959211039
Pop_per_1ry_res_Social,Logement,0.16800541219017254,0.12555882985871367,0.22276052214956218,1.49767767893706e-43,34,5.952189200119679,4.489125767664508,7.964394070295654,FALSE,5.952189200119679
French_nlty,Immigration,5.847276551337973,4.2684681645135605,8.09901543468898,1.0486999321752718e-34,1,0.17101978865206574,0.12347179827771278,0.23427608253321977,TRUE,5.847276551337973
Stranger,Immigration,0.17178267187393073,0.12402857869835501,0.23525826501154962,2.081749654482642e-34,2,5.821308919527624,4.250647686919338,8.062657901063757,FALSE,5.821308919527624
15+_women_OtherNoActivity_amg_wPOP,Population,0.17245399271694903,0.12926452751211526,0.22807512677246394,7.734201107185245e-43,55,5.79864800023107,4.3845201980207005,7.736074383641525,FALSE,5.79864800023107
French_nlty_amg_Men,Immigration,5.705783716644071,4.171797317489724,7.8892771049947,6.082767626593564e-34,4,0.17526076165189147,0.12675432573751277,0.2397048379621964,TRUE,5.705783716644071
Stranger_amg_Men,Immigration,0.17604207134033745,0.12732799696320085,0.24076458881218155,1.1994085956741834e-33,5,5.680460314891016,4.153434709537339,7.853732280803967,FALSE,5.680460314891016
Pop_NoChildFamily_HH,Famille,5.6298726645263875,4.252859504329352,7.516419593761261,6.105025185652824e-41,22,0.17762391080369574,0.13304206710732525,0.23513591243303805,TRUE,5.6298726645263875
SingleParent_HH,Famille,0.17927151503853456,0.13471226782956155,0.23662460822696657,2.509468526232791e-41,8,5.578131025361443,4.226103140721594,7.423228901952743,FALSE,5.578131025361443
Single_Parent_Family_amg_HH,Famille,0.17927151503853456,0.13471226782956155,0.23662460822696657,2.509468526232791e-41,49,5.578131025361443,4.226103140721594,7.423228901952743,FALSE,5.578131025361443
6074_Poverty,Revenus,0.1797644167778249,0.12986954451604593,0.24619910760797625,1.4213556446333204e-32,12,5.56283617149841,4.061753146531724,7.700034705800063,FALSE,5.56283617149841
WhiteCollar_HH,Famille,0.18469381056646111,0.13867958805521957,0.24398544066915867,1.8621861640481083e-39,14,5.4143666045601195,4.098605217005502,7.210866530709762,FALSE,5.4143666045601195
1ry_res_FreeAcc,Logement,0.19704297694312034,0.1488892477691353,0.2587983955835996,1.0796353288290085e-37,24,5.07503497721041,3.864011589967412,6.716401721302132,FALSE,5.07503497721041
1ry_res_Owner,Logement,4.9993482102664,3.8099659631978335,6.6078778155576705,2.870161580035635e-37,21,0.20002607498842595,0.15133451736132097,0.2624695363841692,TRUE,4.9993482102664
longitude,Geographie,0.2006001441274927,0.13631778069321943,0.2899622241211046,1.245737960011563e-21,2,4.98504128374127,3.44872509869542,7.335800178925162,FALSE,4.98504128374127
15+_VocationalGraduate_amg_WF,Formation,4.908310229461296,3.7439577209358843,6.480736353701904,1.4281772099372843e-36,10,0.20373610331263706,0.15430345340754117,0.26709703328327866,TRUE,4.908310229461296
30+_School,Formation,0.20444506886104538,0.1548307555258868,0.26803954766555094,2.6935544107898667e-36,7,4.891289408793065,3.730792745732283,6.458665118590123,FALSE,4.891289408793065
15+_OtherNoActivity_amg_POP,Population,0.20821101497761207,0.1578567138481526,0.27271365907610523,1.3091304423788542e-35,19,4.802819870541072,3.6668497037800867,6.334858845230566,FALSE,4.802819870541072
Immigrant_amg_Women,Immigration,0.21193806224570258,0.16091679779337487,0.27725876849790587,6.20643563793897e-35,9,4.718359644341217,3.6067389515493464,6.214391621712791,FALSE,4.718359644341217
15+_men_WhiteCollar_amg_mPOP,Population,0.21202091811281712,0.16088236666384972,0.2774966787886926,6.248840952799129e-35,34,4.716515751846223,3.603646733233435,6.2157215904799346,FALSE,4.716515751846223
Immigrant_amg_Men,Immigration,0.21965967842113546,0.16708830293351296,0.28684741005053493,1.337673173348358e-33,6,4.552496876931515,3.4861740596640787,5.984859397356592,FALSE,4.552496876931515
House_1ry_res,Logement,4.485387360244515,3.435980286281241,5.89464259867633,3.3253556174871217e-33,7,0.22294618495234853,0.16964556938949188,0.29103775827605205,TRUE,4.485387360244515
15+_women_Retired_amg_wPOP,Population,4.485387360244515,3.435980286281241,5.89464259867633,3.3253556174871217e-33,54,0.22294618495234853,0.16964556938949188,0.29103775827605205,TRUE,4.485387360244515
Flat_1ry_res,Logement,0.22371967813571123,0.17023686023113094,0.29204440267875337,6.105403305397276e-33,8,4.469879486387367,3.4241368464095934,5.8741684887884915,FALSE,4.469879486387367
15+_WhiteCollar_amg_POP,Population,0.22371967813571123,0.17023686023113094,0.29204440267875337,6.105403305397276e-33,16,4.469879486387367,3.4241368464095934,5.8741684887884915,FALSE,4.469879486387367
Pop_SingleParent_HH,Famille,0.2266987050889429,0.17219772389909493,0.29644311565810166,7.074104359930377e-32,24,4.411141208802495,3.373328463978686,5.807277688443685,FALSE,4.411141208802495
Immigrant,Immigration,0.22756356545152112,0.17341136324205353,0.29670857696700315,2.686597463721435e-32,3,4.394376569095524,3.3703103908290784,5.766634788541312,FALSE,4.394376569095524
Pop_WhiteCollar_HH,Famille,0.23493862692784817,0.17878586534209287,0.3067590929941075,1.3340725902416007e-30,30,4.256430766947102,3.2598870672081723,5.593283328559434,FALSE,4.256430766947102
2554_women_Workforce_rate,Emploi,4.254965851593244,3.2667270796421417,5.5765531164188475,2.8184122142523267e-31,11,0.23501951246578312,0.17932224066076508,0.30611678772673795,TRUE,4.254965851593244
Flats,Logement,0.23996628466902878,0.18323818215479432,0.31233014102526685,2.148592532619399e-30,5,4.167252084513625,3.2017403018401036,5.45737786874151,FALSE,4.167252084513625
HH_Moving_Time_5to9y,Logement,0.24415674613772212,0.18657989194772232,0.31755802316304765,8.91253214134464e-30,17,4.09572955004867,3.149030813454075,5.3596343612429,FALSE,4.09572955004867
Houses,Logement,4.039930519672234,3.1083966389925495,5.281709478308557,2.0447951024009738e-29,4,0.24752900950413662,0.18933264014366905,0.3217092656245138,TRUE,4.039930519672234
3039_Poverty,Revenus,0.24971856158298597,0.18586749824315188,0.3331368631547682,2.747174805003912e-24,9,4.004508089670707,3.0017692744360795,5.380176789660126,FALSE,4.004508089670707
15+_Retired_amg_POP,Population,3.9715332990866,3.0578478266270452,5.189028663473233,8.242554281229687e-29,18,0.25179192132922235,0.19271429488128097,0.32702739204097303,TRUE,3.9715332990866
15+_Single_amg_POP,Famille,0.2526613454295003,0.19340427437458177,0.3281522678816181,1.457075144345866e-28,37,3.957866995048629,3.047365805074225,5.170516542272581,FALSE,3.957866995048629
1524_men_Employed_rate_amg_WF,Emploi,3.9046397095069874,3.00840212818964,5.096911795400288,3.2669395327433666e-28,18,0.2561055755196075,0.19619723474564554,0.332402370889748,TRUE,3.9046397095069874
5059_Poverty,Revenus,0.256894932002865,0.1916099054407558,0.34200430965039225,1.1965343522202623e-23,11,3.892641992598155,2.9239397626954817,5.218936869154668,FALSE,3.892641992598155
4049_Poverty,Revenus,0.26040290934283533,0.19586346316940678,0.34394355482422834,1.916258785548173e-24,10,3.8402028707115665,2.9074538132021344,5.105597459670552,FALSE,3.8402028707115665
Retired_HH,Famille,3.833450008699309,2.9486858307945703,5.012245722352096,5.8841905269058886e-27,15,0.26086162535853713,0.19951136783667703,0.3391341286876039,TRUE,3.833450008699309
1564_NonWorking_amg_WF,Emploi,0.2658019390007343,0.2039576713481155,0.34453261237060795,8.487543098044003e-27,29,3.7621997934230174,2.902482853856275,4.902978119872713,FALSE,3.7621997934230174
2554_women_Employed_rate_amg_WF,Emploi,3.7125191164168103,2.865960690633476,4.8350316000921145,1.8398283161497548e-26,23,0.26935888237665534,0.20682388094029178,0.3489231388512051,TRUE,3.7125191164168103
HH_Moving_Time_lt2y,Logement,0.2702888629441671,0.20755109074895076,0.3501216041805528,3.1821939009818285e-26,15,3.699745483803258,2.856150514734629,4.81809079582038,FALSE,3.699745483803258
15+_men_Retired_amg_mPOP,Population,3.6511607208190195,2.820343123529074,4.752246716853464,6.822069813699847e-26,36,0.27388550558675007,0.21042678538838896,0.35456678716053086,TRUE,3.6511607208190195
Pop_Retired_HH,Famille,3.521786418805139,2.717875375315658,4.58837116422367,4.011066129450137e-24,31,0.28394680457064086,0.2179422640864746,0.3679344568489858,TRUE,3.521786418805139
5564_men_Workforce_rate,Emploi,0.2840869394319375,0.21854757597294047,0.3673022924414063,1.5192088135424491e-24,8,3.520049186349812,2.7225531138211574,4.575662738642388,FALSE,3.520049186349812
2554_amg_Single,Famille,0.28874020077940094,0.22230549720343398,0.3731774101590598,5.333995558218649e-24,45,3.463320996870835,2.6796906049960767,4.498314313320331,FALSE,3.463320996870835
2064_women_amg_wPOP,Population,0.28874020077940094,0.22230549720343398,0.3731774101590598,5.333995558218649e-24,46,3.463320996870835,2.6796906049960767,4.498314313320331,FALSE,3.463320996870835
1ry_res_bf_1919,Logement,3.418787919118849,2.6467381208268117,4.4368178093623,1.0949882595361841e-23,9,0.29250132610090007,0.22538676208201777,0.377823552746356,TRUE,3.418787919118849
90+_women_amg_wPOP,Population,3.418787919118849,2.6467381208268117,4.4368178093623,1.0949882595361841e-23,44,0.29250132610090007,0.22538676208201777,0.377823552746356,TRUE,3.418787919118849
15+_men_OtherNoActivity_amg_POP,Population,0.29351222412370775,0.22616800945412177,0.37909678763988786,1.8426720435008793e-23,37,3.4070131252132314,2.637848783223986,4.421491803432307,FALSE,3.4070131252132314
OtherNoFamily_HH,Famille,0.2935293823814661,0.22565904151217583,0.37995667426049323,4.8536147075108204e-23,4,3.406813968287563,2.6318790213286616,4.431464360119793,FALSE,3.406813968287563
2554_Employed_rate_amg_WF,Emploi,3.3635960833970295,2.605669119500879,4.363449116899997,3.742749182567169e-23,15,0.29730085753639607,0.22917650079312665,0.3837785820601627,TRUE,3.3635960833970295
noTransport_toWk,Activite,3.3635960833970295,2.605669119500879,4.363449116899997,3.742749182567169e-23,6,0.29730085753639607,0.22917650079312665,0.3837785820601627,TRUE,3.3635960833970295
15+_women_VocationalGraduate_amg_wWF,Formation,3.3635960833970295,2.605669119500879,4.363449116899997,3.742749182567169e-23,21,0.29730085753639607,0.22917650079312665,0.3837785820601627,TRUE,3.3635960833970295
2554_Unemployed_rate_amg_WF,Emploi,0.2983230368544249,0.22996732606906722,0.3850929266839976,6.263790866103335e-23,27,3.3520709984189994,2.5967758187898045,4.348443829362372,FALSE,3.3520709984189994
2554_amg_HH,Famille,0.2983230368544249,0.22996732606906722,0.3850929266839976,6.263790866103335e-23,41,3.3520709984189994,2.5967758187898045,4.348443829362372,FALSE,3.3520709984189994
0014_men_amg_mPOP,Population,0.2983230368544249,0.22996732606906722,0.3850929266839976,6.263790866103335e-23,20,3.3520709984189994,2.5967758187898045,4.348443829362372,FALSE,3.3520709984189994
Farmer_HH,Famille,3.3509561638597525,2.5902711663634865,4.356934785961645,1.6472676910521213e-22,9,0.2984222863865112,0.22951915718868948,0.3860599666111067,TRUE,3.3509561638597525
2554_Workforce_rate,Emploi,3.309589117957216,2.5652451194844006,4.289662989549225,1.2589313635703137e-22,3,0.3021523108636615,0.2331185462439053,0.3898262947289007,TRUE,3.309589117957216
1564_Employed_rate_amg_WF,Emploi,3.309589117957216,2.5652451194844006,4.289662989549225,1.2589313635703137e-22,13,0.3021523108636615,0.2331185462439053,0.3898262947289007,TRUE,3.309589117957216
7589_women_amg_wPOP,Population,3.309589117957216,2.5652451194844006,4.289662989549225,1.2589313635703137e-22,43,0.3021523108636615,0.2331185462439053,0.3898262947289007,TRUE,3.309589117957216
1564_Unemployed_rate_amg_WF,Emploi,0.30319067390569254,0.2339201372271358,0.39115980411867524,2.0953334954099662e-22,25,3.2982544849352786,2.5564998997100603,4.2749632924035215,FALSE,3.2982544849352786
Pop_Farmer_HH,Famille,3.2962626120325176,2.549448158959953,4.282036108316673,5.50012970471393e-22,25,0.3033738866404783,0.23353376167421291,0.3922417470955557,TRUE,3.2962626120325176
-30_Poverty,Revenus,0.3054468997511873,0.2159391865834239,0.4290452171395323,4.701254290396917e-13,8,3.273891471200349,2.3307566663184223,4.6309334392795325,FALSE,3.273891471200349
1564_women_Employed_rate_amg_WF,Emploi,3.256680623674729,2.5254830986494454,4.218709181749219,4.167500939156856e-22,21,0.3070611200651397,0.23703933049619844,0.39596384570333126,TRUE,3.256680623674729
80+_amg_15+POP,Famille,3.256680623674729,2.5254830986494454,4.218709181749219,4.167500939156856e-22,36,0.3070611200651397,0.23703933049619844,0.39596384570333126,TRUE,3.256680623674729
65+_women_amg_wPOP,Population,3.256680623674729,2.5254830986494454,4.218709181749219,4.167500939156856e-22,47,0.3070611200651397,0.23703933049619844,0.39596384570333126,TRUE,3.256680623674729
2554_amg_15+POP,Famille,0.3081158543365366,0.23786583488742824,0.3973191374700414,6.8980763621059e-22,34,3.2455324382878383,2.5168684457727686,4.204050575288617,FALSE,3.2455324382878383
0014_amg_POP,Population,0.3081158543365366,0.23786583488742824,0.3973191374700414,6.8980763621059e-22,1,3.2455324382878383,2.5168684457727686,4.204050575288617,FALSE,3.2455324382878383
1529_amg_POP,Population,0.3081158543365366,0.23786583488742824,0.3973191374700414,6.8980763621059e-22,2,3.2455324382878383,2.5168684457727686,4.204050575288617,FALSE,3.2455324382878383
0019_men_amg_mPOP,Population,0.3081158543365366,0.23786583488742824,0.3973191374700414,6.8980763621059e-22,27,3.2455324382878383,2.5168684457727686,4.204050575288617,FALSE,3.2455324382878383
3044_women_amg_wPOP,Population,0.3081158543365366,0.23786583488742824,0.3973191374700414,6.8980763621059e-22,40,3.2455324382878383,2.5168684457727686,4.204050575288617,FALSE,3.2455324382878383
0014_women_amg_wPOP,Population,0.3130993082662008,0.24181850750727873,0.4035241038732014,2.235081477130737e-21,38,3.1938748301219113,2.4781667077668006,4.135332776255349,FALSE,3.1938748301219113
15+_men_amg_empWF,Emploi,3.1540395598052307,2.4485558562540763,4.08082878685017,4.354474862183634e-21,51,0.31705372777941704,0.2450482615743015,0.40840399758323265,TRUE,3.1540395598052307
15+_men_Farmers_amg_mPOP,Population,3.1540395598052307,2.4485558562540763,4.08082878685017,4.354474862183634e-21,30,0.31705372777941704,0.2450482615743015,0.40840399758323265,TRUE,3.1540395598052307
15+_women_amg_empWF,Emploi,0.31814177708367436,0.2458880676522841,0.40980644667041494,7.128205234078038e-21,52,3.1432527006253266,2.4401763518479878,4.066891124680856,FALSE,3.1432527006253266
Pensions_Annuities,Revenus,3.1328330574463243,2.429978715924011,4.056803779515454,1.4765580555777266e-20,19,0.3191999004297832,0.24649947454925716,0.41152623825338536,TRUE,3.1328330574463243
1524_Employed_rate_amg_WF,Emploi,3.1042498801084797,2.411039709862783,4.014258086814176,1.374622857754559e-20,14,0.3221390154213534,0.24911203474553553,0.4147588262065215,TRUE,3.1042498801084797
1564_men_Employed_rate_amg_WF,Emploi,3.1042498801084797,2.411039709862783,4.014258086814176,1.374622857754559e-20,17,0.3221390154213534,0.24911203474553553,0.4147588262065215,TRUE,3.1042498801084797
1524_Unemployed_rate_amg_WF,Emploi,0.323244013662412,0.2499693556263572,0.4161721261626796,2.2377875302649495e-20,26,3.0936381115610545,2.4028519382605285,4.000490370086622,FALSE,3.0936381115610545
0019_amg_POP,Population,0.323244013662412,0.2499693556263572,0.4161721261626796,2.2377875302649495e-20,9,3.0936381115610545,2.4028519382605285,4.000490370086622,FALSE,3.0936381115610545
0019_women_amg_wPOP,Population,0.323244013662412,0.2499693556263572,0.4161721261626796,2.2377875302649495e-20,45,3.0936381115610545,2.4028519382605285,4.000490370086622,FALSE,3.0936381115610545
1564_Farmers_amg_WF,Emploi,3.0554443595193566,2.374406655143587,3.948899882400681,4.271853845484999e-20,39,0.327284637628717,0.25323508566443154,0.4211578491972881,TRUE,3.0554443595193566
1564_Farmers_amg_EmpWF,Emploi,3.0554443595193566,2.374406655143587,3.948899882400681,4.271853845484999e-20,45,0.327284637628717,0.25323508566443154,0.4211578491972881,TRUE,3.0554443595193566
6074_amg_POP,Population,3.0554443595193566,2.374406655143587,3.948899882400681,4.271853845484999e-20,5,0.327284637628717,0.25323508566443154,0.4211578491972881,TRUE,3.0554443595193566
1564_OtherInactive_amg_NW,Emploi,0.32840678258037853,0.2541011333569447,0.4226420138391788,6.915746618846613e-20,37,3.045004101750691,2.366068604766099,3.935440927747714,FALSE,3.045004101750691
Pop_Other_HH,Famille,0.329039184918197,0.254039784356235,0.4243148731907959,1.791478998690409e-19,32,3.039151705437794,2.3567403906446227,3.9363913118337392,FALSE,3.039151705437794
5579_amg_15+POP,Famille,3.007596874800591,2.338218059155447,3.8849097937618526,1.306963497063636e-19,35,0.33249136823441533,0.2574062341436442,0.42767610834431546,TRUE,3.007596874800591
15+_Farmers_amg_POP,Population,3.007596874800591,2.338218059155447,3.8849097937618526,1.306963497063636e-19,12,0.33249136823441533,0.2574062341436442,0.42767610834431546,TRUE,3.007596874800591
6074_men_amg_mPOP,Population,3.007596874800591,2.338218059155447,3.8849097937618526,1.306963497063636e-19,24,0.33249136823441533,0.2574062341436442,0.42767610834431546,TRUE,3.007596874800591
Pop_per_1ry_res_Tenant,Logement,0.3336308603455541,0.2582907854415229,0.4291410640911232,2.1041177603939748e-19,33,2.9973246448612763,2.3302361010776202,3.871605401217072,FALSE,2.9973246448612763
1564_IntermediateProf_amg_WF,Emploi,0.3336308603455541,0.2582907854415229,0.4291410640911232,2.1041177603939748e-19,42,2.9973246448612763,2.3302361010776202,3.871605401217072,FALSE,2.9973246448612763
latitude,Geographie,2.989295089456218,2.138943266615906,4.219073491816428,6.899160129934949e-12,1,0.3345270273005767,0.23701886253928994,0.46752058159173787,TRUE,2.989295089456218
1ry_res_Carpark,Logement,2.960682200882069,2.3028024383813785,3.8222584925685292,3.9368912376235417e-19,25,0.3377599931874054,0.2616254243255033,0.43425349189003465,TRUE,2.960682200882069
7589_amg_POP,Population,2.960682200882069,2.3028024383813785,3.8222584925685292,3.9368912376235417e-19,6,0.3377599931874054,0.2616254243255033,0.43425349189003465,TRUE,2.960682200882069
90+_amg_POP,Population,2.960682200882069,2.3028024383813785,3.8222584925685292,3.9368912376235417e-19,7,0.3377599931874054,0.2616254243255033,0.43425349189003465,TRUE,2.960682200882069
5579_amg_HH,Famille,2.914675972707078,2.2681271553688167,3.7611691976886577,1.1676545015767835e-18,42,0.3430913107885626,0.2658747712319158,0.440892388961937,TRUE,2.914675972707078
6074_women_amg_wPOP,Population,2.914675972707078,2.2681271553688167,3.7611691976886577,1.1676545015767835e-18,42,0.3430913107885626,0.2658747712319158,0.440892388961937,TRUE,2.914675972707078
Pop_per_1ry_res,Logement,0.34426610949188474,0.2668103768075712,0.4423968113284532,1.85899467953162e-18,30,2.9047297204942346,2.2604141223286525,3.7479801646591104,FALSE,2.9047297204942346
2529_School,Formation,0.34426610949188474,0.2668103768075712,0.4423968113284532,1.85899467953162e-18,6,2.9047297204942346,2.2604141223286525,3.7479801646591104,FALSE,2.9047297204942346
3044_amg_POP,Population,0.34426610949188474,0.2668103768075712,0.4423968113284532,1.85899467953162e-18,3,2.9047297204942346,2.2604141223286525,3.7479801646591104,FALSE,2.9047297204942346
15+_women_HighSchoolGraduate_amg_wWF,Formation,0.34967889564782373,0.2711560914069792,0.4491481856348616,5.398969951940649e-18,22,2.8597665242203862,2.226436690569107,3.6879127251436006,FALSE,2.8597665242203862
1529_men_amg_mPOP,Population,0.34967889564782373,0.2711560914069792,0.4491481856348616,5.398969951940649e-18,21,2.8597665242203862,2.226436690569107,3.6879127251436006,FALSE,2.8597665242203862
80+_amg_HH,Famille,2.8252954778700943,2.200494319194705,3.6419575571119105,9.807514430520853e-18,43,0.3539452803548428,0.27457760951860316,0.454443345423387,TRUE,2.8252954778700943
65+_amg_POP,Population,2.8252954778700943,2.200494319194705,3.6419575571119105,9.807514430520853e-18,11,0.3539452803548428,0.27457760951860316,0.454443345423387,TRUE,2.8252954778700943
D1_st_Living,Revenus,2.814112087961992,2.1898544239025983,3.630271343698502,1.9011868918961642e-17,1,0.35535187254186806,0.27546150282562765,0.45665135959945374,TRUE,2.814112087961992
Other_HH,Famille,0.3562903820034746,0.2758490017946606,0.4583812294214887,3.9222747026316603e-17,16,2.8066993960848703,2.181590204428909,3.6251717189261052,FALSE,2.8066993960848703
2554_men_Employed_rate_amg_WF,Emploi,2.7818764640666975,2.167607090732045,3.5838388696828876,2.7777697112263525e-17,19,0.35946959288700614,0.27903040185745964,0.46133822143120956,TRUE,2.7818764640666975
Wk_Res_Country-Region,Activite,2.7818764640666975,2.167607090732045,3.5838388696828876,2.7777697112263525e-17,4,0.35946959288700614,0.27903040185745964,0.46133822143120956,TRUE,2.7818764640666975
65+_men_amg_mPOP,Population,2.7818764640666975,2.167607090732045,3.5838388696828876,2.7777697112263525e-17,29,0.35946959288700614,0.27903040185745964,0.46133822143120956,TRUE,2.7818764640666975
1564_OtherInactive_amg_WF,Emploi,0.3606989243658007,0.279989604159426,0.4629104245351586,4.3487965400539837e-17,32,2.7723952927174684,2.1602451511092484,3.5715611763592494,FALSE,2.7723952927174684
Poverty,Revenus,0.36365268045901017,0.2815092475760094,0.4679652460420961,1.532645822635843e-16,14,2.7498766095654203,2.1369108250189255,3.5522811723262953,FALSE,2.7498766095654203
1564_HihgQualWorkers_amg_WF,Emploi,0.3663078598161847,0.2844934777093062,0.46990674913498987,1.2062772223035917e-16,41,2.7299441527184416,2.12808179886927,3.5150190719725187,FALSE,2.7299441527184416
Social_Benef,Revenus,0.366530561824605,0.2836199710521983,0.47172995535310536,2.363528184396268e-16,21,2.7282854532564946,2.119856898321132,3.525844799610239,FALSE,2.7282854532564946
5564_Employed_rate_amg_WF,Emploi,2.6974745257521673,2.103651925814104,3.4715379014275123,2.1287821469004176e-16,16,0.37071712464871515,0.28805677149277137,0.47536381267685446,TRUE,2.6974745257521673
15+_MenOnWomen_VocationalGraduate,Formation,2.6974745257521673,2.103651925814104,3.4715379014275123,2.1287821469004176e-16,25,0.37071712464871515,0.28805677149277137,0.47536381267685446,TRUE,2.6974745257521673
5564_Unemployed_rate_amg_WF,Emploi,0.3719838938631941,0.2890445729677984,0.4769834140942775,3.29553123248576e-16,28,2.6882884353261107,2.0965089570228668,3.4596740209732535,FALSE,2.6882884353261107
1524_amg_HH,Famille,0.3719838938631941,0.2890445729677984,0.4769834140942775,3.29553123248576e-16,40,2.6882884353261107,2.0965089570228668,3.4596740209732535,FALSE,2.6882884353261107
1529_women_amg_wPOP,Population,0.3719838938631941,0.2890445729677984,0.4769834140942775,3.29553123248576e-16,39,2.6882884353261107,2.0965089570228668,3.4596740209732535,FALSE,2.6882884353261107
Res_Abroad_2017,Immigration,0.3728810373041229,0.2805395780751591,0.4933140456302598,4.4702361064706187e-13,10,2.681820473440694,2.0271062801838458,3.5645594352897003,FALSE,2.681820473440694
75+_Poverty,Revenus,0.37514175994192367,0.2689527776748143,0.5199999452142334,6.531816490680338e-10,13,2.6656589769019896,1.9230771256870278,3.7181248271363128,FALSE,2.6656589769019896
ChildFamily_HH,Famille,0.37772790727426125,0.29364513904990963,0.4841539356905367,8.868071120308798e-16,7,2.6474083083141604,2.0654587854867374,3.4054709818643865,FALSE,2.6474083083141604
15+_HSG+5+_amg_WF,Formation,0.37772790727426125,0.29364513904990963,0.4841539356905367,8.868071120308798e-16,14,2.6474083083141604,2.0654587854867374,3.4054709818643865,FALSE,2.6474083083141604
3044_men_amg_mPOP,Population,0.38354079504518535,0.29829736288550723,0.4914403673617065,2.3506234608863607e-15,22,2.607284578116883,2.034834878071762,3.35235950571853,FALSE,2.607284578116883
Housing_Benef,Revenus,0.3849242519336643,0.29847121419458233,0.49453052201403347,4.639589355263624e-15,24,2.5979137323161816,2.022119880341021,3.350406848105861,FALSE,2.5979137323161816
2554_men_Workforce_rate,Emploi,2.5766630945359283,2.011930883451498,3.311430614826993,4.032389316981347e-15,7,0.3880988562767868,0.30198428302331964,0.4970349668694805,TRUE,2.5766630945359283
7589_men_amg_mPOP,Population,2.5766630945359283,2.011930883451498,3.311430614826993,4.032389316981347e-15,25,0.3880988562767868,0.30198428302331964,0.4970349668694805,TRUE,2.5766630945359283
90+_men_amg_mPOP,Population,2.5766630945359283,2.011930883451498,3.311430614826993,4.032389316981347e-15,26,0.3880988562767868,0.30198428302331964,0.4970349668694805,TRUE,2.5766630945359283
15+_SinglePerson_HH,Famille,0.3894234666880143,0.30302236968764096,0.4987599385568335,6.137781799706363e-15,17,2.5678986644149715,2.004972578378106,3.3000863963634495,FALSE,2.5678986644149715
15+_women_WhiteCollar_amg_wPOP,Population,0.3894234666880143,0.30302236968764096,0.4987599385568335,6.137781799706363e-15,52,2.5678986644149715,2.004972578378106,3.3000863963634495,FALSE,2.5678986644149715
1564_BlueCollar_amg_WF,Emploi,2.537861764161684,1.9823602803371767,3.2601529953314827,1.0431456232980297e-14,43,0.3940324938582002,0.30673407089544363,0.5044491709801164,TRUE,2.537861764161684
15+_women_Farmers_amg_wPOP,Population,2.537861764161684,1.9823602803371767,3.2601529953314827,1.0431456232980297e-14,48,0.3940324938582002,0.30673407089544363,0.5044491709801164,TRUE,2.537861764161684
1524_amg_15+POP,Famille,0.39537684652597654,0.3077817865896369,0.50621454102795,1.5788403541034612e-14,33,2.5292325759250023,1.9754470070522652,3.2490551539142642,FALSE,2.5292325759250023
2064_amg_POP,Population,0.39537684652597654,0.3077817865896369,0.50621454102795,1.5788403541034612e-14,10,2.5292325759250023,1.9754470070522652,3.2490551539142642,FALSE,2.5292325759250023
PublicTrans_toWk,Activite,0.4014018739956135,0.31260330869764047,0.5137127001102015,4.0011691720771496e-14,11,2.4912688873269384,1.9466133498071592,3.1989424685431938,FALSE,2.4912688873269384
Activity_Income,Revenus,0.40283044838329696,0.3133218352818491,0.5161737496341369,5.2638764565672546e-14,15,2.4824339967680165,1.9373321497050138,3.191606480603079,FALSE,2.4824339967680165
Self-Employment,Revenus,2.47359841612153,1.9339140598160642,3.173382928175913,5.075144117662973e-14,18,0.40426934035959905,0.3151211255096807,0.5170860591887473,TRUE,2.47359841612153
5564_women_Employed_rate_amg_WF,Emploi,2.46235699827696,1.9246981730687192,3.160389373893627,6.675899911858881e-14,24,0.40611495437085376,0.3164167074666472,0.5195619832722188,TRUE,2.46235699827696
Family_Benef,Revenus,0.4115562516455372,0.31986240627818535,0.5277013247554885,2.9295680138890054e-13,22,2.42980150587355,1.8950113503379058,3.1263442666979024,FALSE,2.42980150587355
1564_BlueCollar_amg_EmpWF,Emploi,2.4256201999258167,1.8965728394199322,3.1120488266497945,1.6517266145897633e-13,49,0.4122656960189329,0.3213317192958464,0.5272668569406754,TRUE,2.4256201999258167
Salary_Income,Revenus,0.4123896413169654,0.32102409390012954,0.5280657638804876,2.0742653118977507e-13,16,2.424891170414713,1.8937035278551422,3.1150309867741566,FALSE,2.424891170414713
1ry_res_Tenant,Logement,0.41367070700710173,0.32240620736225684,0.529047901863071,2.457776260872979e-13,22,2.41738170738503,1.890188008455275,3.1016772542359776,FALSE,2.41738170738503
1564_WhiteCollar_amg_EmpWF,Emploi,0.41367070700710173,0.32240620736225684,0.529047901863071,2.457776260872979e-13,50,2.41738170738503,1.890188008455275,3.1016772542359776,FALSE,2.41738170738503
15+_Married_amg_POP,Famille,2.354098182792959,1.841995740597257,3.0179101183822987,9.67384180989998e-13,38,0.42479111844586526,0.3313551301309244,0.5428894204042815,TRUE,2.354098182792959
5564_Workforce_rate,Emploi,0.42623779543083157,0.33249155813734593,0.5447289253890956,1.4231766396279307e-12,4,2.346108230475485,1.8357754717829753,3.007595157008224,FALSE,2.346108230475485
15+_nonMarried_amg_POP,Famille,0.42623779543083157,0.33249155813734593,0.5447289253890956,1.4231766396279307e-12,39,2.346108230475485,1.8357754717829753,3.007595157008224,FALSE,2.346108230475485
Pop_per_1ry_res_Owner,Logement,0.43263570366250215,0.33759415820745126,0.5527328042021488,3.3500984305081666e-12,32,2.311413486067939,1.8091924206370678,2.962136564535874,FALSE,2.311413486067939
5564_men_Employed_rate_amg_WF,Emploi,2.2850777351608613,1.789225167602033,2.9271549507220698,5.343320669887718e-12,20,0.43762187369507743,0.3416286519964788,0.5589011478863929,TRUE,2.2850777351608613
1564_NonWorking_amg_POP,Emploi,0.43911123139106545,0.3427816274897809,0.5608130395905906,7.77163059957962e-12,38,2.2773273114242345,1.783125443605998,2.917309213224423,FALSE,2.2773273114242345
1524_men_Workforce_rate,Emploi,2.251469586590954,1.7633859519153117,2.8828406078930895,1.228648832071042e-11,6,0.44415434521331576,0.34688008669714326,0.5670908282522293,TRUE,2.251469586590954
Pop_OtherNoFamily_HH,Famille,0.4486771036801235,0.34970545740501735,0.5739680479402395,4.108098443927733e-11,20,2.228774305169208,1.74225726255779,2.859549311642091,FALSE,2.228774305169208
Intermediate_HH,Famille,0.4554590038990786,0.35513176251477585,0.5824570585280783,9.182693090521193e-11,12,2.195587289831209,1.716864763433532,2.815856269568097,FALSE,2.195587289831209
1524_women_Employed_rate_amg_WF,Emploi,2.1859891212690146,1.7131334979392854,2.7971410054292023,6.219944201484831e-11,22,0.45745881819369627,0.35750789754932527,0.5837256706514069,TRUE,2.1859891212690146
0205_School,Formation,2.1859891212690146,1.7131334979392854,2.7971410054292023,6.219944201484831e-11,1,0.45745881819369627,0.35750789754932527,0.5837256706514069,TRUE,2.1859891212690146
1517_School,Formation,2.1859891212690146,1.7131334979392854,2.7971410054292023,6.219944201484831e-11,4,0.45745881819369627,0.35750789754932527,0.5837256706514069,TRUE,2.1859891212690146
1ry_res,Logement,0.4590141642503477,0.35872691509593496,0.585705235519688,8.892461736307785e-11,1,2.1785820087560457,1.7073434542764743,2.7876358252420737,FALSE,2.1785820087560457
Poverty_amg_Tenants,Revenus,0.4612206509070235,0.35852904316512685,0.5916195102724952,2.600977318721952e-10,7,2.1681596390652245,1.6902755616348895,2.7891743195248826,FALSE,2.1681596390652245
Pop_per_1ry_res_FreeAcc,Logement,0.4658108932074927,0.3641870064066998,0.5942052355275121,1.9467483079951705e-10,35,2.146793934152493,1.6829202104088483,2.7458420602828055,FALSE,2.146793934152493
FreeAcc_Occupancy,Logement,0.4658108932074927,0.3641870064066998,0.5942052355275121,1.9467483079951705e-10,40,2.146793934152493,1.6829202104088483,2.7458420602828055,FALSE,2.146793934152493
1524_Workforce_rate,Emploi,2.1227366300154946,1.6645403684707825,2.714184285166295,2.972462224199502e-10,2,0.47109000045507327,0.3684348205334669,0.6007664451651014,TRUE,2.1227366300154946
15+_HighSchoolGraduate_amg_WF,Formation,0.47269069517147766,0.36968971756155644,0.6028220132168434,4.201043772629137e-10,11,2.1155483072016694,1.6588644377196728,2.7049710946680348,FALSE,2.1155483072016694
Pop_ChildFamily_HH,Famille,0.47631353754129074,0.37180670168282837,0.6085829072434152,9.392870126985989e-10,23,2.0994574396561463,1.6431614954969964,2.689569594829561,FALSE,2.0994574396561463
Vacant_Home,Logement,2.09191485000526,1.6408178125712283,2.6738176159447975,6.359837064869863e-10,3,0.4780309294125837,0.37399708717479163,0.609452184354922,TRUE,2.09191485000526
15+_women_BlueCollar_amg_wPOP,Population,2.09191485000526,1.6408178125712283,2.6738176159447975,6.359837064869863e-10,53,0.4780309294125837,0.37399708717479163,0.609452184354922,TRUE,2.09191485000526
Estate,Revenus,2.0543902204728406,1.610654250084631,2.626517024198446,2.2702971725006025e-9,20,0.48676244173798633,0.3807323504043068,0.6208657133878704,TRUE,2.0543902204728406
HighQualidied_HH,Famille,0.49065258758411506,0.38325103645676734,0.6265587602765409,4.115543708845116e-9,11,2.038101959114941,1.596019501121707,2.6092558267948873,FALSE,2.038101959114941
Pop_SingleWoman_HH,Famille,2.038101959114941,1.5960195011217073,2.609255826794887,4.115543708845116e-9,19,0.490652587584115,0.3832510364567674,0.6265587602765408,TRUE,2.038101959114941
2ry_res,Logement,2.031821256428545,1.5945250787168428,2.5953846064609594,2.7895500249364446e-9,2,0.4921692776055313,0.3852993492797162,0.6271459843107183,TRUE,2.031821256428545
1564_Student_amg_WF,Emploi,0.4938401103889557,0.38658592100309197,0.6292702480920278,3.874870537117506e-9,30,2.0249468987287917,1.5891423486682223,2.586747073988765,FALSE,2.0249468987287917
1ry_res_19-45,Logement,2.0025268552765265,1.5719452091930286,2.5571371528582696,5.719156442432098e-9,10,0.4993690832984665,0.3910623248667904,0.6361544881792404,TRUE,2.0025268552765265
1114_School,Formation,2.0025268552765265,1.5719452091930286,2.5571371528582696,5.719156442432098e-9,3,0.4993690832984665,0.3910623248667904,0.6361544881792404,TRUE,2.0025268552765265
1ry_res_Social,Logement,0.5010638762030448,0.3923924092626306,0.6383064031279568,7.898459420455248e-9,23,1.9957535306232546,1.566645728602439,2.5484692781880347,FALSE,1.9957535306232546
Wk_Res_County-Municipality,Activite,1.973719520475222,1.5497234522763954,2.519556931546405,1.1560899147410842e-8,2,0.5066576023726133,0.39689517925925144,0.6452764191773027,TRUE,1.973719520475222
1824_School,Formation,0.5083766529783066,0.39824552502739674,0.6474661805220491,1.58739920859318e-8,5,1.9670454851565968,1.5444822140265373,2.5110137770693255,FALSE,1.9670454851565968
Pop_SingleMan_HH,Famille,1.9499252712387143,1.5281713374188148,2.493895638811431,3.387639687479695e-8,18,0.5128401661078722,0.40097908847404345,0.6543768853099077,TRUE,1.9499252712387143
1ry_res_2car,Logement,1.945388733327757,1.5278544801881846,2.4825742065062313,2.304265000443909e-8,28,0.5140360807422858,0.40280769750174633,0.6545125946005217,TRUE,1.945388733327757
4559_men_amg_mPOP,Population,1.945388733327757,1.5278544801881846,2.4825742065062313,2.304265000443909e-8,23,0.5140360807422858,0.40280769750174633,0.6545125946005217,TRUE,1.945388733327757
Social_Minima,Revenus,0.5143798109040081,0.40188452317600243,0.6566575402726464,3.740866019426195e-8,23,1.9440887429903753,1.5228638044494192,2.488276960996722,FALSE,1.9440887429903753
0610_School,Formation,1.9175242661531078,1.5063545097529716,2.4464114051270913,4.528701473486287e-8,2,0.5215057862116012,0.4087619923224033,0.6638543540218769,TRUE,1.9175242661531078
15+_ManagersHigherIntellectProf_amg_POP,Population,0.5232742627786211,0.41015079620088585,0.6660944341516024,6.146488749935888e-8,14,1.911043731999991,1.5012886292522316,2.438127657590148,FALSE,1.911043731999991
Poverty_amg_Owners,Revenus,0.5309465759970361,0.4111323762804973,0.6838501668356285,4.635924970898972e-7,6,1.8834286634623336,1.4623086291362446,2.4323066187269684,FALSE,1.8834286634623336
1ry_res_06-15,Logement,0.5385432090519332,0.422358161987593,0.6852204929985041,2.2502709546896725e-7,14,1.8568612196604029,1.4593842569185729,2.3676587550576933,FALSE,1.8568612196604029
15+_HSG+4_amg_WF,Formation,0.5385432090519332,0.422358161987593,0.6852204929985041,2.2502709546896725e-7,13,1.8568612196604029,1.4593842569185729,2.3676587550576933,FALSE,1.8568612196604029
15+_women_HighEducation_amg_wWF,Formation,0.5385432090519332,0.422358161987593,0.6852204929985041,2.2502709546896725e-7,23,1.8568612196604029,1.4593842569185729,2.3676587550576933,FALSE,1.8568612196604029
15+_men_IntermediateProf_amg_mPOP,Population,0.5385432090519332,0.422358161987593,0.6852204929985041,2.2502709546896725e-7,33,1.8568612196604029,1.4593842569185729,2.3676587550576933,FALSE,1.8568612196604029
15+_MenOnWomen_HighSchoolGraduate,Formation,1.8366306679344555,1.44380865273907,2.341196324390709,3.1614948484410366e-7,26,0.5444752815353116,0.4271320561979131,0.6926125550659955,TRUE,1.8366306679344555
15+_HighEducation_amg_WF,Formation,0.546320242385112,0.4285822912810834,0.6949530511732255,4.216596199100506e-7,15,1.8304282404661112,1.4389461249386442,2.333274193413081,FALSE,1.8304282404661112
15+_IntermediateProf_amg_POP,Population,0.546320242385112,0.4285822912810834,0.6949530511732255,4.216596199100506e-7,15,1.8304282404661112,1.4389461249386442,2.333274193413081,FALSE,1.8304282404661112
15+_men_ManagersHigherIntellectProf_amg_mPOP,Population,0.546320242385112,0.4285822912810834,0.6949530511732255,4.216596199100506e-7,32,1.8304282404661112,1.4389461249386442,2.333274193413081,FALSE,1.8304282404661112
Pop_Family_HH,Famille,0.5598118173791198,0.4384600237311858,0.7133011045553257,1.56219553495829e-6,21,1.7863145595634555,1.4019324989317146,2.2807096334353325,FALSE,1.7863145595634555
1524_women_Workforce_rate,Emploi,1.7847917609308246,1.4036503516737227,2.2738545710245956,1.077357193154387e-6,10,0.5602894533076894,0.4397818632479215,0.71242813340772,TRUE,1.7847917609308246
Social_Occupancy,Logement,0.56218709146879,0.44122385765938077,0.7148605997651314,1.4202340533905338e-6,39,1.7787672736977373,1.3988741306046963,2.2664232285734363,FALSE,1.7787672736977373
15+_men_HighEducation_amg_mWF,Formation,0.56218709146879,0.44122385765938077,0.7148605997651314,1.4202340533905338e-6,19,1.7787672736977373,1.3988741306046963,2.2664232285734363,FALSE,1.7787672736977373
2064_men_amg_mPOP,Population,0.56218709146879,0.44122385765938077,0.7148605997651314,1.4202340533905338e-6,28,1.7787672736977373,1.3988741306046963,2.2664232285734363,FALSE,1.7787672736977373
15+_women_ManagersHigherIntellectProf_amh_wPOP,Population,0.56218709146879,0.44122385765938077,0.7148605997651314,1.4202340533905338e-6,50,1.7787672736977373,1.3988741306046963,2.2664232285734363,FALSE,1.7787672736977373
Tax,Revenus,1.7700078293420436,1.3911329181221064,2.256382889252083,1.7272717880882972e-6,25,0.5649692523516832,0.4431871934339421,0.7188385717663143,TRUE,1.7700078293420436
1564_men_Unemplyed_amg_WF,Emploi,1.7595253628370613,1.3840487061585758,2.2412790284025585,1.94808395664882e-6,33,0.5683350869052541,0.4461738084939547,0.7225179255255386,TRUE,1.7595253628370613
Pop_HighQualidied_HH,Famille,0.5762679549355936,0.45153882184249133,0.7339669150894872,5.005279769800118e-6,27,1.7353038485573342,1.3624592327544864,2.214648999436036,FALSE,1.7353038485573342
15+_BlueCollar_amg_POP,Population,1.7346612233875076,1.3647578124539528,2.208917850249444,3.474490716607733e-6,17,0.5764814400169531,0.4527103621744349,0.7327307386516538,TRUE,1.7346612233875076
1564_HihgQualWorkers_amg_EmpWF,Emploi,0.5784330034218739,0.4542351592335079,0.7351974489101872,4.527022385349948e-6,47,1.728808684988987,1.3601788220053541,2.2015028552334757,FALSE,1.728808684988987
1ry_res_3+car,Logement,1.7101911195031387,1.345730852252816,2.1773772879316593,6.112654509688897e-6,29,0.5847299688297585,0.45926813214347567,0.7430906398006358,TRUE,1.7101911195031387
1564_women_Workforce_rate,Emploi,1.7101911195031387,1.345730852252816,2.1773772879316593,6.112654509688897e-6,9,0.5847299688297585,0.45926813214347567,0.7430906398006358,TRUE,1.7101911195031387
5564_women_Workforce_rate,Emploi,0.5867090094064046,0.4608463811553681,0.7455624233586741,7.917879572110766e-6,12,1.7044224376437263,1.3412693138357397,2.1699204786917132,FALSE,1.7044224376437263
15+_women_IntermediateProf_amg_wPOP,Population,0.5867090094064046,0.4608463811553681,0.7455624233586741,7.917879572110766e-6,51,1.7044224376437263,1.3412693138357397,2.1699204786917132,FALSE,1.7044224376437263
1564_WhiteCollar_amg_WF,Emploi,0.5950890238847288,0.4675233004597823,0.7561028440332547,1.3660872685213457e-5,44,1.6804208443839557,1.322571403998076,2.13893082765406,FALSE,1.6804208443839557
15+_men_NoDiploma_amg_mWF,Formation,0.5950890238847288,0.4675233004597823,0.7561028440332547,1.3660872685213457e-5,16,1.6804208443839557,1.322571403998076,2.13893082765406,FALSE,1.6804208443839557
4559_amg_POP,Population,1.6624011905792142,1.3086582119318446,2.115498807113596,1.8161538397191895e-5,4,0.6015395114410257,0.4727017555563684,0.7641414625166317,TRUE,1.6624011905792142
1ry_res_0car,Logement,0.6035745620831228,0.474308660418663,0.7667475872961118,2.325100087794167e-5,26,1.6567961322768312,1.3042101684681375,2.1083317330055062,FALSE,1.6567961322768312
1ry_res_gt0car,Logement,1.639065963502725,1.2904686145544484,2.0854967184207256,3.067448436897153e-5,31,0.6101035725633488,0.4795020731354904,0.7749122983089856,TRUE,1.639065963502725
Pop_Intermediate_HH,Famille,0.6104587418219681,0.47883902153436586,0.7769430557661375,4.349313454320757e-5,28,1.6381123432116174,1.2870956147666546,2.088384519698612,FALSE,1.6381123432116174
1ry_res_1car,Logement,0.6121671670530386,0.48113367279403896,0.7775278839591868,3.9040843222905236e-5,27,1.633540728448377,1.2861275082611583,2.078424472335933,FALSE,1.633540728448377
1ry_res_46-70,Logement,0.6208684103028334,0.4881003225946613,0.7884284557627359,6.467435310571024e-5,11,1.610647253759041,1.2683459008751619,2.048759145833307,FALSE,1.610647253759041
1564_IntermediateProf_amg_EmpWF,Emploi,0.6208684103028334,0.4881003225946613,0.7884284557627359,6.467435310571024e-5,48,1.610647253759041,1.2683459008751619,2.048759145833307,FALSE,1.610647253759041
15+_women_amg_salWF,Emploi,1.5934779471298273,1.255008041680904,2.026429486775268,8.403436411647744e-5,57,0.627558104460247,0.49347880423480067,0.7968076432885983,TRUE,1.5934779471298273
15+_Women_amg_salWF,Activite,1.5934779471298273,1.255008041680904,2.026429486775268,8.403436411647744e-5,13,0.627558104460247,0.49347880423480067,0.7968076432885983,TRUE,1.5934779471298273
15+_men_amg_salWF,Emploi,0.6296798924447087,0.49515718265109093,0.7994964018742847,1.0570653330500117e-4,56,1.5881085167219446,1.2507873677175636,2.0195607274562004,FALSE,1.5881085167219446
15+_Men_amg_salWF,Activite,0.6296798924447087,0.49515718265109093,0.7994964018742847,1.0570653330500117e-4,12,1.5881085167219446,1.2507873677175636,2.0195607274562004,FALSE,1.5881085167219446
5579_amg_Single,Famille,1.5712109046261558,1.237599813032547,1.9978020631556053,1.3631847228379106e-4,46,0.6364517946353827,0.5005500887412547,0.808015635966892,TRUE,1.5712109046261558
1ry_res_71-90,Logement,0.6386032438571555,0.5022193388019452,0.8107332135218168,1.7047093801279668e-4,12,1.5659175076531284,1.2334513787291508,1.991161874382458,FALSE,1.5659175076531284
1ry_res_91-05,Logement,0.6386032438571555,0.5022193388019452,0.8107332135218168,1.7047093801279668e-4,13,1.5659175076531284,1.2334513787291508,1.991161874382458,FALSE,1.5659175076531284
1564_Workforce_rate,Emploi,1.52769645279087,1.2036947690727733,1.941694885444898,3.446489862988949e-4,1,0.6545802984442043,0.5150139743870579,0.8307753972963737,TRUE,1.52769645279087
15+_women_amg_FullTimeWF,Emploi,1.52769645279087,1.2036947690727733,1.941694885444898,3.446489862988949e-4,61,0.6545802984442043,0.5150139743870579,0.8307753972963737,TRUE,1.52769645279087
15+_men_amg_FullTimeWF,Emploi,0.6567922289247471,0.5167567314872671,0.8335798222163686,4.259654646166247e-4,60,1.5225515101436689,1.199645160965082,1.9351465381436257,FALSE,1.5225515101436689
15+_men_HighSchoolGraduate_amg_mWF,Formation,0.6567922289247471,0.5167567314872671,0.8335798222163686,4.259654646166247e-4,18,1.5225515101436689,1.199645160965082,1.9351465381436257,FALSE,1.5225515101436689
D9_st_Living,Revenus,0.6576474997378212,0.5168376305527514,0.835623122190715,4.092174159491242e-4,3,1.5205714313498668,1.1967117393524795,1.9348436353802496,FALSE,1.5205714313498668
Owners_Occupancy,Logement,1.5064358352699072,1.1871074944712459,1.9142804724466471,5.372143889408813e-4,37,0.6638185155897003,0.5223894901471242,0.842383697059729,TRUE,1.5064358352699072
SinglePerson_HH,Famille,1.5034497916285512,1.1823730981797513,1.914389200602676,7.388236426508766e-4,1,0.6651369440922869,0.5223598209210469,0.8457567256388762,TRUE,1.5034497916285512
15+_Salaried_amg_empWF,Emploi,0.6660612783533297,0.5241673851633097,0.8452279917700793,6.600804575751043e-4,53,1.5013633617499136,1.1831127337676035,1.9077875280020327,FALSE,1.5013633617499136
Motorbike_toWk,Activite,0.6660612783533297,0.5241673851633097,0.8452279917700793,6.600804575751043e-4,9,1.5013633617499136,1.1831127337676035,1.9077875280020327,FALSE,1.5013633617499136
15+_NonSalaried_amg_empWF,Emploi,1.4854977564319831,1.1707396729506785,1.8874561510136354,8.263991602385037e-4,54,0.6731750321871235,0.5298136327368252,0.8541608549743992,TRUE,1.4854977564319831
Men,Population,1.4648760126298164,1.1546440641060944,1.8608778448435,0.0012546675934657114,8,0.6826516315225557,0.5373807865846778,0.8660677615609472,TRUE,1.4648760126298164
1524_amg_Single,Famille,0.6849572736876686,0.5392001473845772,0.8689983085347548,0.0015236527775921405,44,1.4599450774735283,1.1507502260690603,1.8545988995933331,FALSE,1.4599450774735283
15+_InterimContract_amg_salWF,Activite,1.4546090185149914,0.8490939136514535,2.507912610260992,0.15782325127635566,16,0.6874699574053919,0.39873797671759087,1.1777260252633166,TRUE,1.4546090185149914
HH_Moving_Time_20to29y,Logement,1.4445645518045145,1.1387743225715274,1.83476861007995,0.001880139166193432,19,0.6922501308444988,0.5450278550146032,0.8781371165288012,TRUE,1.4445645518045145
15+_men_BlueCollar_amg_mPOP,Population,1.4445645518045145,1.1387743225715274,1.83476861007995,0.001880139166193432,35,0.6922501308444988,0.5450278550146032,0.8781371165288012,TRUE,1.4445645518045145
Tenant_Occupancy,Logement,0.6945878330972203,0.546868936074811,0.881099385112521,0.0022698892495057574,38,1.4397027306696744,1.1349457472068203,1.8285917045820301,FALSE,1.4397027306696744
15+_SelfEmployed_amg_nonsalWF,Activite,0.6993095020214452,0.40561923012794415,1.1979799406442415,0.1974205475334073,19,1.4299819995429346,0.8347385177937343,2.4653663478542938,FALSE,1.4299819995429346
SingleWoman_HH,Famille,1.420425123357857,1.1176398784587525,1.807514115795813,0.0037320260567755234,3,0.7040145823639191,0.5532460251685059,0.8947425904120564,TRUE,1.420425123357857
Drive_toWk,Activite,1.4048490019461413,1.1077179775450816,1.783663900930329,0.004060590022113398,10,0.7118202729365912,0.5606437398202749,0.9027568571345158,TRUE,1.4048490019461413
BlueCollar_HH,Famille,1.4004533504223302,1.1020218890361875,1.781673812641418,0.005413259582313851,13,0.7140544879259514,0.5612699658628598,0.9074229921826559,TRUE,1.4004533504223302
1564_women_Unemplyed_amg_WF,Emploi,1.3854335270363578,1.0924843888269493,1.7588370343551865,0.005853080630009098,34,0.721795727102941,0.5685575073000516,0.915344887512531,TRUE,1.3854335270363578
4559_women_amg_wPOP,Population,1.3854335270363578,1.0924843888269493,1.7588370343551865,0.005853080630009098,41,0.721795727102941,0.5685575073000516,0.915344887512531,TRUE,1.3854335270363578
SingleMan_HH,Famille,1.3807833248281542,1.0866498315327542,1.756457507308865,0.007749957284148531,2,0.724226590818987,0.569327749654552,0.9202596558538717,TRUE,1.3807833248281542
15+_women_NoDiploma_amg_wWF,Formation,1.3663055551386738,1.0775038541091482,1.734367050333067,0.00832947648313016,20,0.7319007056942725,0.576579219380327,0.9280709263232971,TRUE,1.3663055551386738
15+_CertifGeneEducation_amg_WF,Formation,0.7343709412787505,0.5785799114300838,0.9311996286282861,0.009824250877751113,9,1.3617096535147661,1.0738835897873595,1.728369720836464,FALSE,1.3617096535147661
15+_SubsidizedWork_amg_salWF,Activite,1.360257564240859,0.7946376009170211,2.3407330317170616,0.24801709275075107,17,0.7351548899917981,0.4272165968736908,1.2584352903084228,TRUE,1.360257564240859
Median_st_Living,Revenus,1.3501145168403217,1.0654864264502442,1.7123884542799546,0.011836042978217628,2,0.7406779110414308,0.5839796440466494,0.9385384695435139,TRUE,1.3501145168403217
15+_ShortTermContract_amg_salWF,Activite,0.747806586229797,0.43463487107445936,1.2800743811480944,0.30264345130398945,15,1.3372441730443723,0.7812046039880147,2.3007817976682436,FALSE,1.3372441730443723
Family_HH,Famille,0.7662789614384187,0.6027273612486496,0.9733161140167591,0.02861633639784901,5,1.3050077717426203,1.0274154363612862,1.6591249448645145,FALSE,1.3050077717426203
Pop_BlueCollar_HH,Famille,1.2867629662739641,1.0131261042720547,1.6356953093994766,0.03842563453931771,29,0.7771439077825391,0.6113608043341131,0.9870439580850737,TRUE,1.2867629662739641
15+_men_amg_nonsalWF,Emploi,1.2747950611080534,1.0057674626064768,1.6170887460519707,0.040230102046722165,58,0.7844398135107291,0.6183952503790794,0.9942656102718513,TRUE,1.2747950611080534
1564_Student_amg_NW,Emploi,0.7870859088318917,0.6204787747727792,0.9976048519514569,0.04610190246371123,35,1.270509341838037,1.0024008985560344,1.6116586749743411,FALSE,1.270509341838037
15+_women_amg_nonsalWF,Emploi,0.7870859088318917,0.6204787747727792,0.9976048519514569,0.04610190246371123,59,1.270509341838037,1.0024008985560344,1.6116586749743411,FALSE,1.270509341838037
CraftsBusinessShopkeepers_HH,Famille,0.7881540936875608,0.6200826007913595,1.0009591181009259,0.050954632802891565,10,1.2687874211517054,0.9990418009251512,1.6126883720391183,FALSE,1.2687874211517054
1564_CraftsBusinessShopkeepers_amg_EmpWF,Emploi,1.2572838971818607,0.9920222013022298,1.5946755464435176,0.05310802796125501,46,0.7953653126723806,0.6270868091193994,1.0080419558022973,TRUE,1.2572838971818607
Wk_Res_Municipality,Activite,1.2572838971818607,0.9920222013022298,1.5946755464435176,0.05310802796125501,1,0.7953653126723806,0.6270868091193994,1.0080419558022973,TRUE,1.2572838971818607
Bike_toWk,Activite,1.2400252697363394,0.9784516449053778,1.5726333568067115,0.06925924757783379,8,0.8064351787061769,0.6358761218384277,1.0220229126363276,TRUE,1.2400252697363394
15+_women_CraftsBusinessShopkeeper_amg_wPOP,Population,1.2400252697363394,0.9784516449053778,1.5726333568067115,0.06925924757783379,49,0.8064351787061769,0.6358761218384277,1.0220229126363276,TRUE,1.2400252697363394
15+_HSG+2_amg_WF,Formation,0.8204091126740994,0.6469501871734122,1.0396691818892199,0.10054308560012527,12,1.2189040620727984,0.9618444188014349,1.545714059329817,FALSE,1.2189040620727984
15+_NoDiploma_amg_WF,Formation,0.8318127500729766,0.6560037687452783,1.0540677960783456,0.12729600885181186,8,1.2021936426344366,0.948705580153853,1.5243814862720597,FALSE,1.2021936426344366
densite,Geographie,0.8318127500729766,0.6560037687452783,1.0540677960783456,0.12729600885181186,3,1.2021936426344366,0.948705580153853,1.5243814862720597,FALSE,1.2021936426344366
15+_Employers_amg_nonsalWF,Activite,1.1904705900589978,0.6959777639653274,2.0422874833619766,0.5212490835991886,20,0.8400039516729612,0.48964702968938445,1.4368275134287458,TRUE,1.1904705900589978
Taxable_HH,Revenus,0.8462735311483235,0.6666987295103304,1.0735977399927032,0.15800219559907908,5,1.1816510421200133,0.9314475643426714,1.4999278620711773,FALSE,1.1816510421200133
HH_Moving_Time_10to19y,Logement,1.1734268325344355,0.9260740781393034,1.487581783879727,0.17777493076057832,18,0.8522048177815585,0.6722319477399915,1.0798272229034105,TRUE,1.1734268325344355
Pop_CraftsBusinessShopkeepers_HH,Famille,0.8573989606575866,0.6749883132652112,1.0885642769915846,0.2143377976014661,26,1.1663181854489826,0.9186412057941625,1.4815071318236108,FALSE,1.1663181854489826
15+_men_CraftsBusinessShopkeeper_amg_mPOP,Population,0.8789709217827594,0.6934571975606327,1.1136389009170464,0.2911951832574818,31,1.1376940638397517,0.897957137790833,1.4420500695900047,FALSE,1.1376940638397517
Wk_Dom_Com_Abroad,Activite,1.12591715077132,0.8886491803937594,1.4270542219759697,0.3192620297755838,5,0.8881648168472616,0.7007442216283489,1.1253034628996126,TRUE,1.12591715077132
1564_men_Workforce_rate,Emploi,1.0953454438772485,0.8645406298032762,1.3881549267078035,0.44630568465976383,5,0.9129539960108388,0.7203806871698643,1.1566836369825062,TRUE,1.0953454438772485
15+_FullTime_amg_empWF,Emploi,1.0953454438772485,0.8645406298032762,1.3881549267078035,0.44630568465976383,55,0.9129539960108388,0.7203806871698643,1.1566836369825062,TRUE,1.0953454438772485
15+_MenOnWomen_HighEducation,Formation,1.0953454438772485,0.8645406298032762,1.3881549267078035,0.44630568465976383,27,0.9129539960108388,0.7203806871698643,1.1566836369825062,TRUE,1.0953454438772485
Wk_Res_Region-County,Activite,1.0510920899278966,0.8296178454722909,1.3318338643349363,0.6817585686575743,3,0.9513914238176776,0.7508444009263567,1.205374264135691,TRUE,1.0510920899278966
15+_FullTime_amg_salWF,Emploi,0.9546013523253046,0.7533747175671548,1.2094355120097575,0.7249958057797962,62,1.0475577030810916,0.8268320138361641,1.3273607099920517,FALSE,1.0475577030810916
15+_PermanentContract_amg_salWF,Activite,0.9756798244597055,0.5698842641142896,1.6694816916980757,1,14,1.024926389713718,0.5989882997655832,1.7547422572795432,FALSE,1.024926389713718
15+_ApprenticeContract_amg_salWF,Activite,0.9756798244597055,0.5698842641142896,1.6694816916980757,1,18,1.024926389713718,0.5989882997655832,1.7547422572795432,FALSE,1.024926389713718
15+_caregivers_amg_nonsalWF,Activite,0.9756798244597055,0.5698842641142896,1.6694816916980757,1,21,1.024926389713718,0.5989882997655832,1.7547422572795432,FALSE,1.024926389713718
1ry_res_Occupancy,Logement,1.0225607001375538,0.8071271035606437,1.2956583144998095,0.8604990747481189,36,0.9779370553410482,0.7718084226442458,1.2389622348060139,TRUE,1.0225607001375538
1564_CraftsBusinessShopkeepers_amg_WF,Emploi,1.0225607001375538,0.8071271035606437,1.2956583144998095,0.8604990747481189,40,0.9779370553410482,0.7718084226442458,1.2389622348060139,TRUE,1.0225607001375538
Walk_toWk,Activite,1.0085939129085288,0.7960325566754065,1.2778774663380885,0.9532870965443102,7,0.9914793131323327,0.7825476435276851,1.2562300267924396,TRUE,1.0085939129085288
15+_CraftsBusinessShopkeeper_amg_POP,Population,1.0085939129085288,0.7960325566754065,1.2778774663380885,0.9532870965443102,13,0.9914793131323327,0.7825476435276851,1.2562300267924396,TRUE,1.0085939129085288
