codgeo,French_nlty,Stranger,Immigrant,French_nlty_amg_Men,Stranger_amg_Men,Immigrant_amg_Men,French_nlty_amg_Women,Stranger_amg_Women,Immigrant_amg_Women,Res_Abroad_2017,taux_cumu_1_inj
200000172,0,1,1,0,1,1,0,1,1,1,1
200000438,1,0,0,1,0,0,1,0,0,0,0
200000545,0,1,1,0,1,1,0,1,1,0,1
200000628,0,1,1,0,1,1,0,1,1,1,1
200000800,1,0,0,1,0,0,1,0,0,0,0
200000925,1,0,0,1,0,0,1,0,0,0,0
200000933,1,0,0,1,0,0,1,0,0,0,0
200004802,0,1,1,0,1,1,0,1,1,0,1
200005932,1,0,0,1,0,0,1,0,0,0,0
200005957,1,0,0,1,0,0,1,0,0,0,0
200006682,0,1,1,0,1,0,0,1,1,0,0
200006716,0,1,1,0,1,1,0,1,1,0,0
200006930,NA,NA,0,NA,NA,0,NA,NA,0,NA,0
200006971,1,0,0,1,0,0,1,0,0,0,0
200007052,NA,NA,0,NA,NA,0,NA,NA,0,NA,0
200007177,NA,NA,0,NA,NA,0,NA,NA,0,NA,0
200010650,0,1,1,0,1,1,0,1,1,1,0
200010700,1,0,0,1,0,0,1,0,0,0,0
200011773,0,1,1,0,1,1,0,1,1,1,1
200011781,NA,NA,0,NA,NA,0,NA,NA,0,NA,0
200013050,1,0,0,1,0,0,1,0,0,0,0
200015162,NA,NA,1,NA,NA,1,NA,NA,1,NA,0
200016905,NA,NA,0,NA,NA,0,NA,NA,0,NA,0
200017341,0,1,1,0,1,1,0,1,1,0,1
200017846,0,1,1,0,1,1,0,1,1,1,0
200018083,1,0,0,1,0,0,1,0,0,0,0
200018166,1,0,1,1,0,0,1,0,1,0,0
200018406,0,1,1,0,1,1,0,1,1,0,0
200018521,NA,NA,0,NA,NA,0,NA,NA,0,NA,0
200018653,0,1,1,0,1,1,0,1,1,0,1
200022986,1,0,0,1,0,0,1,0,1,1,0
200023075,1,0,1,1,0,0,1,0,1,1,1
200023125,0,1,1,0,1,1,0,1,1,0,0
200023240,0,1,1,0,1,1,0,1,1,0,0
200023299,NA,NA,1,NA,NA,1,NA,NA,1,NA,0
200023307,0,1,1,0,1,1,0,1,1,1,0
200023372,0,1,1,0,1,1,0,1,1,1,0
200023414,0,1,1,0,1,1,0,1,1,1,0
200023620,1,0,1,1,0,1,1,0,1,1,0
200023737,0,1,1,0,1,1,0,1,1,1,0
200023778,1,0,0,1,0,0,1,0,0,0,0
200023794,1,0,0,1,0,0,1,0,0,0,0
200023919,0,1,1,0,1,1,0,1,1,0,0
200026573,0,1,1,0,1,1,0,1,1,1,0
200027027,1,0,0,1,0,0,1,0,0,0,0
200027076,NA,NA,0,NA,NA,0,NA,NA,0,NA,0
200027100,0,1,1,0,1,1,0,1,1,1,0
200027183,0,1,1,0,1,1,0,1,1,1,0
200027217,0,1,1,0,1,1,0,1,1,1,0
200027308,NA,NA,0,NA,NA,0,NA,NA,0,NA,0
200027548,0,1,1,0,1,1,0,1,1,1,1
200029734,1,0,0,1,0,0,1,0,0,1,0
200029999,1,0,0,1,0,0,1,0,0,1,0
200030195,0,1,1,0,1,1,0,1,1,1,1
200030385,0,1,1,0,1,1,0,1,1,1,0
200030435,1,0,0,1,0,0,1,0,0,1,0
200030526,0,1,1,1,0,1,0,1,1,0,0
200030633,1,0,0,1,0,0,1,0,0,0,0
200030658,1,0,0,1,0,0,1,0,0,0,0
200030674,0,1,1,0,1,1,0,1,1,1,0
200032514,NA,NA,0,NA,NA,0,NA,NA,0,NA,0
200033025,1,0,0,1,0,1,1,0,0,0,0
200033090,1,0,1,0,1,1,1,0,1,0,0
200033116,0,1,1,0,1,1,0,1,1,1,1
200033173,0,1,1,0,1,1,0,1,1,1,0
200033181,0,1,1,0,1,1,0,1,1,1,0
200033298,1,0,0,1,0,0,1,0,0,0,0
200033579,1,0,0,1,0,0,1,0,0,1,0
200033827,0,1,1,0,1,1,0,1,1,1,1
200033868,0,1,1,0,1,1,0,1,1,0,0
200034023,1,0,0,1,0,0,1,0,0,1,0
200034031,NA,NA,0,NA,NA,0,NA,NA,0,NA,0
200034049,1,0,0,1,0,0,1,0,0,0,0
200034056,1,0,0,1,0,0,1,0,0,0,0
200034064,NA,NA,1,NA,NA,1,NA,NA,1,NA,0
200034098,0,1,1,0,1,0,0,1,1,1,0
200034130,0,1,1,0,1,1,0,1,1,1,0
200034197,0,1,1,0,1,1,0,1,1,1,0
200034205,0,1,1,0,1,1,0,1,1,1,1
200034270,1,0,1,1,0,0,1,0,1,0,0
200034379,0,1,1,0,1,1,0,1,1,1,0
200034411,0,1,1,0,1,1,0,1,1,1,0
200034601,NA,NA,0,NA,NA,0,NA,NA,1,NA,1
200034635,1,0,0,1,0,0,1,0,0,0,0
200034692,0,1,1,0,1,1,0,1,1,0,1
200034700,0,1,1,0,1,1,0,1,1,1,1
200034718,1,0,0,1,0,0,1,0,0,0,0
200034726,1,0,0,1,0,0,1,0,1,1,0
200034825,1,0,0,1,0,0,1,0,0,0,0
200034833,0,1,1,0,1,1,0,1,1,1,0
200034874,NA,NA,0,NA,NA,0,NA,NA,0,NA,0
200034882,0,1,1,0,1,1,0,1,1,1,0
200034957,1,0,1,1,0,1,1,0,1,0,0
200035087,0,1,1,0,1,1,0,1,1,1,1
200035103,NA,NA,0,NA,NA,0,NA,NA,0,NA,0
200035111,1,0,0,1,0,0,1,0,0,0,0
200035129,0,1,1,0,1,1,0,1,1,1,0
200035137,NA,NA,0,NA,NA,0,NA,NA,0,NA,0
200035202,1,0,0,1,0,0,1,0,0,0,0
200035319,0,1,1,0,1,1,0,1,1,1,0
200035327,NA,NA,1,NA,NA,1,NA,NA,1,NA,0
200035442,1,0,0,1,0,0,1,0,0,1,0
200035459,0,1,1,0,1,1,0,1,1,1,0
200035533,1,0,1,1,0,1,1,0,0,0,0
200035541,1,0,1,1,0,0,1,0,1,0,0
200035632,NA,NA,1,NA,NA,1,NA,NA,1,NA,0
200035707,0,1,1,0,1,1,0,1,1,1,0
200035715,0,1,1,0,1,1,0,1,1,1,0
200035723,NA,NA,1,NA,NA,1,NA,NA,1,NA,1
200035731,0,1,1,0,1,1,0,1,1,1,0
200035756,NA,NA,1,NA,NA,1,NA,NA,1,NA,0
200035764,1,0,0,1,0,0,1,0,0,0,0
200035772,1,0,0,1,0,0,1,0,0,1,0
200035814,1,0,0,1,0,0,1,0,0,0,0
200035848,NA,NA,0,NA,NA,0,NA,NA,0,NA,0
200035855,0,1,1,0,1,1,0,1,1,1,0
200035863,0,1,1,0,1,1,0,1,1,1,0
200035970,1,0,0,1,0,0,1,0,0,0,0
200036069,1,0,0,1,0,0,1,0,0,0,0
200036077,0,1,1,0,1,1,0,1,1,1,0
200036135,1,0,0,1,0,0,1,0,0,0,0
200036150,NA,NA,0,NA,NA,0,NA,NA,0,NA,0
200036465,0,1,1,0,1,1,0,1,1,0,0
200036473,1,0,0,1,0,0,1,0,0,0,0
200036499,0,1,1,0,1,1,0,1,1,1,1
200036523,0,1,1,0,1,1,0,1,1,1,0
200036549,1,0,0,1,0,0,1,0,0,0,0
200036572,NA,NA,0,NA,NA,0,NA,NA,0,NA,0
200037059,1,0,0,1,0,0,1,0,0,0,0
200037133,0,1,1,0,1,1,0,1,1,1,0
200038958,0,1,0,0,1,1,1,0,0,1,0
200038990,1,0,0,1,0,0,1,0,0,1,0
200039022,1,0,0,1,0,0,1,0,0,0,0
200039055,1,0,0,1,0,0,1,0,0,0,0
200039063,NA,NA,0,NA,NA,0,NA,NA,0,NA,0
200039204,1,0,1,1,0,1,0,1,1,1,0
200039519,NA,NA,1,NA,NA,1,NA,NA,1,NA,0
200039642,1,0,1,1,0,0,1,0,1,0,0
200039709,NA,NA,0,NA,NA,1,NA,NA,0,NA,0
200039758,1,0,1,1,0,1,1,0,0,0,0
200039808,1,0,0,1,0,0,1,0,0,1,0
200039824,NA,NA,0,NA,NA,0,NA,NA,0,NA,1
200039832,NA,NA,1,NA,NA,1,NA,NA,1,NA,1
200039857,0,1,1,0,1,1,0,1,1,1,1
200039865,0,1,1,0,1,1,0,1,1,1,0
200039907,1,0,0,1,0,0,1,0,0,0,0
200039915,0,1,1,0,1,1,0,1,1,1,0
200039931,NA,NA,1,NA,NA,1,NA,NA,1,NA,1
200039949,0,1,1,0,1,1,0,1,1,1,0
200040038,1,0,0,1,0,0,1,0,0,0,0
200040095,1,0,0,1,0,0,1,0,0,0,0
200040111,1,0,0,1,0,0,1,0,0,0,0
200040137,NA,NA,0,NA,NA,0,NA,NA,0,NA,0
200040178,0,1,0,0,1,0,0,1,1,1,0
200040202,1,0,0,1,0,0,1,0,0,0,1
200040210,NA,NA,1,NA,NA,1,NA,NA,1,NA,1
200040244,0,1,1,0,1,1,0,1,0,1,0
200040251,1,0,0,1,0,0,1,0,0,0,0
200040277,0,1,1,0,1,1,0,1,1,0,0
200040293,0,1,1,0,1,1,0,1,1,1,0
200040350,0,1,1,0,1,1,0,1,1,0,0
200040384,1,0,0,1,0,0,1,0,0,1,0
200040392,0,1,1,0,1,1,0,1,1,1,0
200040400,0,1,1,0,1,1,0,1,1,1,0
200040418,NA,NA,1,NA,NA,1,NA,NA,1,NA,0
200040426,1,0,0,1,0,0,1,0,0,0,0
200040442,0,1,1,0,1,1,0,1,1,1,1
200040459,0,1,1,0,1,1,0,1,1,1,0
200040475,1,0,0,1,0,0,1,0,0,0,0
200040491,1,0,0,0,1,1,1,0,0,0,0
200040509,1,0,1,1,0,1,1,0,1,1,1
200040558,1,0,0,1,0,0,1,0,0,0,0
200040566,1,0,0,1,0,0,1,0,0,0,0
200040574,1,0,0,1,0,0,1,0,0,1,0
200040590,0,1,1,0,1,1,0,1,1,1,0
200040624,0,1,1,0,1,1,0,1,1,1,1
200040657,1,0,0,1,0,0,1,0,0,0,0
200040681,0,1,1,0,1,1,0,1,1,1,1
200040715,0,1,1,0,1,1,0,1,1,1,0
200040764,0,1,1,0,1,1,0,1,1,0,1
200040772,NA,NA,0,NA,NA,0,NA,NA,0,NA,0
200040798,NA,NA,1,NA,NA,1,NA,NA,1,NA,0
200040814,NA,NA,0,NA,NA,0,NA,NA,0,NA,0
200040830,NA,NA,1,NA,NA,1,NA,NA,1,NA,0
200040889,NA,NA,1,NA,NA,1,NA,NA,1,NA,0
200040905,0,1,1,1,0,1,0,1,1,0,0
200040947,1,0,0,1,0,0,1,0,0,0,0
200040954,1,0,0,1,0,0,1,0,0,0,0
200041010,0,1,1,0,1,1,0,1,1,1,0
200041051,NA,NA,1,NA,NA,1,NA,NA,1,NA,0
200041150,0,1,1,0,1,1,0,1,1,1,0
200041168,0,1,1,0,1,1,0,1,1,1,0
200041283,0,1,1,0,1,1,0,1,1,1,0
200041317,1,0,0,1,0,1,1,0,0,1,0
200041325,0,1,1,0,1,1,0,1,1,1,0
200041333,1,0,0,1,0,0,1,0,0,0,0
200041366,1,0,0,1,0,0,1,0,0,0,0
200041416,NA,NA,0,NA,NA,0,NA,NA,0,NA,0
200041440,NA,NA,1,NA,NA,1,NA,NA,1,NA,0
200041465,1,0,0,1,0,0,1,0,0,1,0
200041499,1,0,0,1,0,0,1,0,0,0,0
200041507,0,1,0,0,1,0,0,1,1,0,1
200041515,0,1,1,0,1,1,0,1,1,1,0
200041523,1,0,0,1,0,0,1,0,0,0,0
200041556,NA,NA,1,NA,NA,1,NA,NA,1,NA,0
200041572,0,1,1,0,1,1,0,1,1,0,0
200041614,1,0,0,1,0,0,1,0,0,0,0
200041622,NA,NA,1,NA,NA,1,NA,NA,1,NA,0
200041630,0,1,1,0,1,1,0,1,1,0,0
200041689,1,0,0,1,0,0,1,0,0,1,0
200041721,0,1,1,0,1,1,0,1,1,1,0
200041762,1,0,0,1,0,0,1,0,0,1,0
200041788,1,0,0,1,0,0,1,0,0,0,1
200041853,NA,NA,0,NA,NA,0,NA,NA,0,NA,0
200041861,1,0,0,1,0,0,1,0,0,0,0
200041879,1,0,0,1,0,0,1,0,0,0,0
200041887,1,0,0,1,0,0,1,0,0,0,0
200041960,1,0,0,1,0,0,1,0,0,0,0
200041994,1,0,0,1,0,0,1,0,0,0,0
200042000,1,0,0,1,0,0,1,0,0,0,0
200042174,1,0,0,1,0,0,1,0,0,1,0
200042182,1,0,0,1,0,0,1,0,0,1,0
200042190,1,0,0,1,0,0,1,0,0,0,0
200042372,1,0,0,1,0,0,1,0,0,1,0
200042414,NA,NA,0,NA,NA,0,NA,NA,0,NA,0
200042463,NA,NA,1,NA,NA,1,NA,NA,1,NA,0
200042497,0,1,1,0,1,1,0,1,0,0,0
200042604,1,0,0,1,0,0,1,0,0,0,0
200042620,NA,NA,0,NA,NA,0,NA,NA,0,NA,0
200042646,0,1,1,0,1,1,0,1,1,0,0
200042653,0,1,1,0,1,1,0,1,1,1,0
200042703,1,0,0,1,0,0,1,0,0,0,0
200042729,1,0,0,1,0,0,1,0,0,0,0
200042901,0,1,1,0,1,1,0,1,1,1,1
200042935,0,1,1,0,1,1,0,1,1,1,0
200042943,NA,NA,0,NA,NA,0,NA,NA,0,NA,0
200042992,NA,NA,0,NA,NA,0,NA,NA,0,NA,0
200043016,0,1,1,0,1,1,0,1,1,1,0
200043065,1,0,0,1,0,0,1,0,0,0,0
200043081,1,0,0,1,0,0,1,0,0,0,0
200043123,1,0,0,1,0,0,1,0,0,0,0
200043156,1,0,0,1,0,0,1,0,0,0,0
200043172,0,1,1,0,1,1,0,1,1,0,0
200043263,1,0,0,1,0,0,1,0,0,1,0
200043321,1,0,0,1,0,0,1,0,0,0,0
200043354,1,0,0,1,0,0,1,0,0,0,0
200043396,0,1,1,0,1,1,0,1,1,1,1
200043404,1,0,0,1,0,0,1,0,0,1,0
200043438,NA,NA,0,NA,NA,0,NA,NA,0,NA,0
200043495,0,1,1,0,1,1,0,1,0,0,0
200043602,0,1,1,0,1,1,0,1,1,1,0
200043628,1,0,0,1,0,0,1,0,0,0,0
200043693,0,1,1,0,1,1,0,1,1,1,0
200043776,0,1,1,0,1,1,0,1,1,1,1
200043974,1,0,0,1,0,0,1,0,0,0,0
200043982,1,0,0,1,0,0,1,0,0,0,0
200043990,1,0,0,1,0,0,1,0,0,0,0
200044014,1,0,0,1,0,0,1,0,0,1,0
200044030,1,0,0,1,0,0,1,0,0,0,0
200044048,1,0,0,1,0,0,1,0,0,0,0
200044253,1,0,0,1,0,0,1,0,0,0,0
200044394,0,1,1,0,1,0,0,1,1,0,0
200044469,0,1,1,0,1,1,0,1,1,1,0
200044618,1,0,0,1,0,0,1,0,0,0,0
200044691,0,1,0,1,0,0,0,1,0,0,1
200046977,0,1,1,0,1,1,0,1,1,1,0
200048551,1,0,0,1,0,0,1,0,0,0,0
200049187,1,0,0,1,0,0,1,0,0,0,0
200049211,0,1,1,0,1,1,0,1,1,1,1
200049484,1,0,0,1,0,0,1,0,0,0,0
200054781,0,1,1,0,1,1,0,1,1,1,0
200054807,0,1,1,0,1,1,0,1,1,1,1
200055481,1,0,0,1,0,0,1,0,0,0,0
200055655,0,1,1,0,1,1,0,1,1,1,1
200055887,1,0,0,1,0,0,1,0,0,0,0
200056232,0,1,1,0,1,1,0,1,1,1,0
200056380,0,1,1,0,1,1,0,1,1,1,0
200057859,0,1,1,0,1,1,0,1,1,1,1
200057958,0,1,1,0,1,1,0,1,1,1,0
200058360,1,0,0,1,0,0,1,0,0,0,0
200058477,0,1,1,0,1,1,0,1,1,1,0
200058485,0,1,1,0,1,1,0,1,1,1,0
200058519,0,1,1,0,1,1,0,1,1,1,0
200058782,0,1,1,0,1,1,0,1,1,1,0
200059228,0,1,1,0,1,1,0,1,1,1,1
200059392,1,0,0,1,0,0,1,0,0,0,0
200059400,1,0,0,1,0,0,1,0,0,0,0
200059889,0,1,1,0,1,1,0,1,1,1,1
200060010,1,0,0,1,0,0,1,0,0,0,0
200065563,1,0,0,1,0,0,1,0,0,0,0
200065589,1,0,0,1,0,0,1,0,0,0,0
200065597,0,1,1,0,1,1,0,1,1,1,0
200065647,0,1,1,0,1,1,0,1,1,1,0
200065787,1,0,0,1,0,0,1,0,0,0,0
200065886,1,0,0,1,0,0,1,0,0,0,0
200065894,1,0,0,1,0,0,1,0,0,0,0
200065928,1,0,0,1,0,0,1,0,0,0,0
200066009,0,1,1,0,1,1,0,1,1,1,1
200066017,1,0,0,1,0,0,1,0,0,0,0
200066025,0,1,1,0,1,1,0,1,1,1,0
200066033,1,0,0,1,0,0,1,0,0,0,0
200066041,0,1,1,0,1,1,0,1,1,1,0
200066058,0,1,1,0,1,1,0,1,1,1,0
200066108,1,0,0,1,0,0,1,0,0,0,0
200066116,NA,NA,0,NA,NA,0,NA,NA,0,NA,0
200066124,0,1,1,0,1,1,0,1,1,1,0
200066132,NA,NA,0,NA,NA,0,NA,NA,1,NA,0
200066140,NA,NA,0,NA,NA,0,NA,NA,0,NA,0
200066157,1,0,0,1,0,0,1,0,0,0,0
200066165,NA,NA,0,NA,NA,0,NA,NA,0,NA,0
200066173,NA,NA,1,NA,NA,0,NA,NA,1,NA,0
200066223,0,1,1,0,1,1,0,1,1,1,1
200066231,0,1,1,0,1,1,0,1,1,1,0
200066280,0,1,1,0,1,1,0,1,1,0,0
200066322,0,1,1,0,1,1,0,1,1,1,0
200066330,1,0,0,1,0,0,1,0,0,0,0
200066348,0,1,1,0,1,1,0,1,1,1,0
200066355,0,1,1,0,1,1,0,1,1,0,0
200066363,NA,NA,1,NA,NA,1,NA,NA,1,NA,0
200066371,0,1,1,0,1,1,0,1,0,1,0
200066389,1,0,0,1,0,0,1,0,0,0,0
200066405,1,0,0,1,0,0,1,0,0,0,0
200066413,1,0,0,1,0,0,1,0,0,0,0
200066462,1,0,0,1,0,0,1,0,0,0,0
200066512,1,0,0,1,0,0,1,0,0,0,0
200066520,0,1,1,0,1,1,0,1,1,1,0
200066553,NA,NA,1,NA,NA,1,NA,NA,1,NA,0
200066561,1,0,0,1,0,0,1,0,0,0,0
200066587,1,0,0,1,0,0,1,0,0,0,0
200066603,NA,NA,1,NA,NA,1,NA,NA,1,NA,0
200066637,1,0,0,1,0,0,1,0,0,0,0
200066645,NA,NA,1,NA,NA,1,NA,NA,1,NA,0
200066652,1,0,1,1,0,1,1,0,1,0,0
200066660,1,0,0,1,0,0,1,0,0,0,0
200066678,1,0,0,1,0,0,1,0,0,1,0
200066710,1,0,0,1,0,0,1,0,0,0,0
200066728,1,0,0,1,0,0,1,0,0,0,0
200066744,0,1,1,0,1,1,1,0,0,1,0
200066751,1,0,0,1,0,0,0,1,0,1,0
200066769,1,0,0,1,0,0,1,0,1,1,0
200066777,1,0,0,1,0,0,1,0,0,1,0
200066785,1,0,0,1,0,0,1,0,0,1,0
200066793,0,1,1,0,1,1,0,1,1,1,0
200066801,1,0,0,1,0,0,1,0,0,0,0
200066819,1,0,0,1,0,0,1,0,0,1,0
200066827,1,0,0,1,0,0,1,0,0,0,0
200066835,1,0,0,1,0,0,1,0,0,0,0
200066850,1,0,0,1,0,0,1,0,0,0,0
200066868,1,0,0,1,0,0,1,0,0,1,0
200066876,0,1,1,0,1,1,0,1,1,1,0
200066884,1,0,0,1,0,0,1,0,0,1,0
200066892,NA,NA,0,NA,NA,0,NA,NA,0,NA,0
200066918,0,1,1,0,1,1,0,1,1,1,0
200066926,0,1,1,0,1,1,0,1,1,1,0
200066975,0,1,1,0,1,1,0,1,1,1,0
200067023,1,0,0,1,0,0,1,0,0,0,0
200067031,1,0,0,1,0,0,1,0,0,0,0
200067049,NA,NA,1,NA,NA,1,NA,NA,1,NA,0
200067064,1,0,1,1,0,1,1,0,1,0,0
200067072,1,0,0,1,0,0,1,0,0,1,0
200067080,0,1,0,0,1,0,1,0,0,0,0
200067106,0,1,1,0,1,1,0,1,1,1,0
200067114,0,1,1,0,1,1,0,1,1,1,0
200067122,1,0,0,1,0,1,1,0,0,1,0
200067130,1,0,0,1,0,0,1,0,0,0,0
200067155,1,0,0,1,0,0,1,0,0,0,0
200067163,NA,NA,0,NA,NA,0,NA,NA,0,NA,0
200067171,1,0,0,1,0,0,1,0,0,1,0
200067189,0,1,1,0,1,1,0,1,1,1,0
200067197,NA,NA,1,NA,NA,1,NA,NA,1,NA,0
200067205,1,0,0,1,0,0,1,0,0,1,0
200067213,0,1,1,0,1,1,0,1,1,1,0
200067221,1,0,0,1,0,0,1,0,0,0,0
200067239,1,0,0,1,0,0,1,0,0,0,0
200067247,1,0,0,1,0,0,1,0,0,0,0
200067254,0,1,1,0,1,1,0,1,1,1,0
200067262,1,0,0,1,0,0,1,0,1,0,0
200067288,0,1,1,0,1,0,0,1,1,1,0
200067296,1,0,0,1,0,0,1,0,1,1,0
200067304,0,1,1,0,1,1,0,1,1,1,0
200067320,NA,NA,0,NA,NA,0,NA,NA,0,NA,1
200067346,1,0,0,1,0,0,1,0,0,0,0
200067361,1,0,0,1,0,0,1,0,1,1,0
200067379,1,0,0,1,0,0,1,0,0,0,0
200067429,1,0,1,0,1,0,1,0,1,1,0
200067437,0,1,1,0,1,1,0,1,1,1,1
200067445,NA,NA,0,NA,NA,0,NA,NA,0,NA,0
200067452,NA,NA,0,NA,NA,0,NA,NA,0,NA,1
200067460,0,1,0,0,1,1,0,1,0,1,0
200067478,1,0,0,1,0,0,1,0,0,0,0
200067486,0,1,1,0,1,1,0,1,1,1,0
200067502,0,1,1,0,1,1,0,1,1,0,0
200067544,1,0,0,1,0,0,1,0,0,1,0
200067551,0,1,1,0,1,1,0,1,1,1,1
200067593,1,0,1,0,1,1,1,0,1,1,0
200067627,1,0,0,1,0,0,1,0,0,0,0
200067635,1,0,0,1,0,0,1,0,0,0,0
200067643,1,0,0,1,0,0,1,0,0,0,0
200067650,0,1,1,0,1,1,0,1,1,1,0
200067668,1,0,0,1,0,0,1,0,0,0,0
200067676,1,0,0,1,0,0,1,0,0,0,0
200067684,0,1,1,0,1,1,0,1,0,0,0
200067692,NA,NA,0,NA,NA,0,NA,NA,0,NA,0
200067700,1,0,0,1,0,0,1,0,0,1,0
200067742,1,0,1,1,0,1,1,0,0,1,0
200067759,1,0,0,1,0,0,1,0,1,0,0
200067767,NA,NA,0,NA,NA,0,NA,NA,0,NA,0
200067783,1,0,0,1,0,0,1,0,0,1,0
200067791,0,1,1,0,1,1,0,1,1,1,0
200067817,1,0,1,1,0,0,1,0,1,0,0
200067825,0,1,1,0,1,1,0,1,1,0,0
200067841,1,0,0,1,0,0,1,0,0,0,0
200067866,1,0,0,1,0,0,1,0,0,0,0
200067874,0,1,1,0,1,1,0,1,1,1,0
200067882,0,1,0,0,1,0,0,1,0,1,0
200067890,0,1,0,0,1,0,0,1,0,1,0
200067908,NA,NA,0,NA,NA,0,NA,NA,0,NA,0
200067916,1,0,0,1,0,0,1,0,0,0,0
200067924,1,0,0,1,0,0,1,0,0,0,0
200067932,1,0,0,1,0,0,1,0,0,1,0
200067940,0,1,1,0,1,1,0,1,1,1,1
200067957,1,0,0,1,0,0,1,0,0,1,0
200067965,0,1,1,0,1,1,0,1,1,1,0
200067973,1,0,0,1,0,0,1,0,0,0,0
200067981,1,0,0,1,0,0,1,0,0,1,0
200067999,0,1,1,0,1,1,0,1,1,1,0
200068005,1,0,0,1,0,0,1,0,0,0,0
200068047,0,1,1,0,1,1,0,1,1,1,1
200068070,1,0,0,1,0,0,1,0,0,0,0
200068088,1,0,0,1,0,0,1,0,0,0,0
200068096,1,0,0,1,0,0,1,0,0,1,0
200068104,0,1,1,0,1,1,0,1,1,1,1
200068112,0,1,1,0,1,1,0,1,1,0,0
200068120,1,0,0,1,0,0,1,0,0,1,0
200068146,1,0,0,1,0,0,1,0,0,0,0
200068229,0,1,1,0,1,1,0,1,1,1,1
200068278,1,0,1,1,0,1,1,0,1,0,0
200068294,1,0,0,1,0,0,1,0,0,0,0
200068369,1,0,0,1,0,0,1,0,0,0,0
200068377,1,0,0,1,0,1,1,0,0,0,0
200068435,1,0,0,1,0,0,1,0,0,0,0
200068443,0,1,1,0,1,1,0,1,1,1,0
200068450,1,0,0,1,0,0,1,0,0,1,0
200068468,0,1,1,0,1,1,0,1,0,0,0
200068484,1,0,0,1,0,0,1,0,0,0,0
200068500,1,0,0,1,0,0,1,0,0,0,0
200068534,1,0,0,1,0,0,1,0,0,0,0
200068542,1,0,0,1,0,0,1,0,0,0,0
200068559,1,0,0,1,0,0,1,0,0,0,0
200068567,0,1,1,0,1,1,1,0,1,0,0
200068625,1,0,1,1,0,1,1,0,1,1,0
200068641,0,1,1,0,1,1,0,1,1,0,0
200068658,1,0,0,1,0,0,1,0,0,1,0
200068666,1,0,0,1,0,0,1,0,0,0,0
200068674,0,1,1,0,1,1,0,1,1,1,0
200068682,1,0,0,1,0,0,1,0,0,1,0
200068757,1,0,0,1,0,0,1,0,0,0,0
200068765,0,1,1,0,1,1,0,1,1,1,1
200068773,1,0,0,1,0,0,1,0,0,1,0
200068781,0,1,1,0,1,1,0,1,1,1,0
200068799,1,0,0,1,0,0,1,0,0,0,0
200068807,1,0,1,1,0,1,1,0,1,0,0
200068815,1,0,0,1,0,0,1,0,0,0,0
200068831,1,0,0,1,0,0,1,0,0,0,0
200068856,NA,NA,0,NA,NA,0,NA,NA,0,NA,0
200068864,1,0,0,1,0,0,1,0,0,0,0
200068872,1,0,0,1,0,0,1,0,0,0,0
200068880,NA,NA,0,NA,NA,0,NA,NA,0,NA,0
200068914,1,0,0,1,0,0,1,0,0,1,0
200068922,0,1,1,0,1,1,0,1,1,1,0
200068930,0,1,1,0,1,1,0,1,1,1,0
200068948,0,1,1,0,1,1,0,1,1,1,0
200068955,1,0,0,1,0,0,1,0,0,0,0
200068963,1,0,0,1,0,0,1,0,0,0,0
200068989,1,0,0,1,0,0,1,0,0,0,0
200068997,0,1,1,0,1,1,0,1,1,1,0
200069003,1,0,0,1,0,0,1,0,0,0,0
200069029,1,0,0,1,0,0,1,0,0,0,0
200069037,1,0,0,1,0,0,1,0,0,0,0
200069052,0,1,1,0,1,1,0,1,1,1,0
200069060,1,0,0,1,0,0,1,0,0,0,0
200069086,1,0,0,1,0,0,1,0,0,0,0
200069094,0,1,0,0,1,0,0,1,0,1,0
200069102,NA,NA,0,NA,NA,0,NA,NA,0,NA,0
200069110,0,1,1,0,1,1,0,1,1,1,0
200069128,NA,NA,0,NA,NA,0,NA,NA,0,NA,0
200069136,NA,NA,1,NA,NA,1,NA,NA,1,NA,1
200069144,NA,NA,0,NA,NA,0,NA,NA,0,NA,0
200069151,NA,NA,1,NA,NA,1,NA,NA,0,NA,0
200069169,1,0,0,1,0,0,1,0,0,0,0
200069177,1,0,0,1,0,0,1,0,0,0,0
200069185,1,0,0,1,0,0,1,0,0,0,0
200069193,1,0,0,1,0,0,1,0,0,0,0
200069227,1,0,0,1,0,0,1,0,0,0,0
200069235,1,0,0,1,0,0,1,0,0,0,0
200069250,0,1,1,0,1,1,0,1,1,1,0
200069268,NA,NA,0,NA,NA,0,NA,NA,0,NA,0
200069300,0,1,1,0,1,1,0,1,1,1,0
200069383,0,1,1,0,1,1,0,1,1,1,0
200069391,1,0,0,1,0,0,1,0,0,0,0
200069409,1,0,0,1,0,0,1,0,0,0,0
200069417,1,0,0,1,0,0,1,0,0,0,0
200069425,1,0,0,1,0,0,1,0,0,0,0
200069433,1,0,0,1,0,0,1,0,0,0,0
200069441,0,1,1,0,1,1,0,1,1,1,0
200069458,1,0,0,1,0,0,1,0,0,0,0
200069482,1,0,0,1,0,0,1,0,0,0,0
200069516,1,0,0,1,0,0,1,0,0,0,0
200069524,1,0,0,1,0,0,1,0,0,0,0
200069532,1,0,0,1,0,0,1,0,0,0,0
200069540,1,0,0,1,0,0,1,0,0,0,0
200069565,0,1,1,0,1,1,0,1,1,1,1
200069581,0,1,1,0,1,1,0,1,1,1,0
200069599,0,1,1,0,1,1,0,1,1,0,0
200069615,1,0,0,1,0,0,1,0,0,0,0
200069623,1,0,0,1,0,0,1,0,0,0,0
200069631,1,0,0,1,0,0,1,0,0,0,0
200069649,1,0,0,1,0,0,1,0,0,1,0
200069656,0,1,1,0,1,1,0,1,1,1,0
200069664,1,0,0,1,0,0,1,0,0,0,0
200069672,1,0,0,1,0,0,1,0,0,0,0
200069698,1,0,0,1,0,0,1,0,0,0,0
200069722,1,0,0,1,0,0,1,0,0,0,0
200069730,1,0,0,1,0,0,1,0,0,0,0
200069748,1,0,0,1,0,0,1,0,0,0,0
200069755,1,0,0,1,0,0,0,1,0,1,0
200069763,1,0,0,1,0,0,1,0,0,0,0
200069821,1,0,0,1,0,0,1,0,0,0,0
200069839,1,0,0,1,0,0,1,0,0,0,0
200069847,1,0,0,1,0,0,1,0,0,0,0
200069854,0,1,1,0,1,1,0,1,1,1,0
200069912,NA,NA,0,NA,NA,0,NA,NA,0,NA,0
200069953,0,1,1,0,1,1,0,1,1,0,0
200069961,0,1,1,0,1,1,0,1,1,0,0
200069995,0,1,1,0,1,1,0,1,1,1,0
200070035,0,1,1,0,1,1,0,1,1,1,0
200070043,0,1,0,0,1,1,0,1,0,1,0
200070068,1,0,0,1,0,0,1,0,0,0,0
200070092,0,1,1,0,1,1,0,1,1,1,0
200070100,0,1,1,0,1,1,0,1,1,0,0
200070118,1,0,0,1,0,0,1,0,0,0,0
200070126,1,0,0,1,0,0,1,0,0,0,0
200070142,1,0,0,1,0,0,1,0,0,0,0
200070159,1,0,0,1,0,0,1,0,0,0,0
200070167,1,0,0,1,0,0,1,0,0,1,0
200070183,1,0,0,1,0,0,1,0,0,0,0
200070233,1,0,0,1,0,0,1,0,0,0,0
200070282,0,1,1,0,1,1,0,1,1,1,0
200070290,0,1,1,0,1,1,0,1,1,1,0
200070308,0,1,1,0,1,1,0,1,1,1,0
200070316,1,0,0,1,0,0,1,0,1,0,0
200070324,1,0,0,1,0,0,1,0,0,0,0
200070332,1,0,0,1,0,0,1,0,0,1,0
200070340,NA,NA,1,NA,NA,1,NA,NA,1,NA,0
200070365,0,1,1,0,1,1,0,1,1,0,0
200070373,1,0,0,1,0,0,1,0,0,0,0
200070407,1,0,0,1,0,0,1,0,0,0,0
200070431,1,0,1,1,0,1,1,0,1,0,0
200070449,1,0,0,1,0,0,1,0,0,0,0
200070464,0,1,1,0,1,1,0,1,1,1,0
200070506,1,0,0,1,0,0,1,0,0,1,0
200070514,1,0,0,1,0,0,1,0,0,1,0
200070530,0,1,1,0,1,1,0,1,1,1,0
200070548,1,0,0,1,0,0,1,0,0,0,0
200070555,1,0,0,1,0,0,1,0,0,0,0
200070563,1,0,0,1,0,0,1,0,0,0,0
200070571,NA,NA,0,NA,NA,0,NA,NA,0,NA,0
200070589,1,0,0,1,0,0,1,0,0,0,0
200070647,0,1,1,0,1,1,0,1,1,1,0
200070662,1,0,0,1,0,0,1,0,0,0,0
200070670,1,0,0,1,0,0,1,0,0,0,0
200070688,1,0,0,1,0,0,1,0,0,1,0
200070712,0,1,1,0,1,1,0,1,1,0,0
200070720,1,0,0,1,0,0,1,0,0,0,0
200070738,1,0,0,1,0,0,1,0,0,0,0
200070746,0,1,1,0,1,1,0,1,1,1,0
200070753,1,0,1,1,0,1,1,0,0,0,0
200070761,1,0,0,1,0,0,1,0,0,0,0
200070779,0,1,1,0,1,1,0,1,1,0,0
200070787,1,0,1,1,0,1,1,0,1,1,0
200070795,NA,NA,1,NA,NA,1,NA,NA,1,NA,0
200070803,1,0,0,1,0,0,1,0,0,0,0
200070811,1,0,0,1,0,0,1,0,0,1,0
200070829,NA,NA,0,NA,NA,0,NA,NA,0,NA,0
200070845,1,0,1,1,0,1,0,1,1,0,0
200070852,0,1,1,0,1,1,0,1,1,1,1
200070894,1,0,0,1,0,0,1,0,0,0,0
200070902,1,0,0,1,0,0,1,0,0,0,0
200070910,NA,NA,0,NA,NA,0,NA,NA,0,NA,0
200070928,1,0,0,1,0,0,1,0,0,0,0
200070936,1,0,0,1,0,0,1,0,0,0,0
200070944,1,0,0,1,0,0,1,0,0,0,0
200070951,1,0,0,1,0,0,1,0,0,0,0
200070969,1,0,0,1,0,0,1,0,0,0,0
200070977,1,0,0,1,0,0,1,0,0,0,0
200070985,1,0,0,1,0,0,1,0,0,0,0
200070993,1,0,0,1,0,0,1,0,0,0,0
200071017,1,0,0,1,0,0,1,0,0,0,0
200071025,NA,NA,0,NA,NA,0,NA,NA,0,NA,1
200071033,NA,NA,1,NA,NA,1,NA,NA,1,NA,1
200071041,1,0,0,1,0,0,1,0,0,0,0
200071058,0,1,1,0,1,1,0,1,1,1,0
200071066,1,0,0,1,0,0,1,0,0,0,0
200071074,0,1,1,0,1,1,0,1,1,0,0
200071082,0,1,1,0,1,1,1,0,1,1,0
200071116,0,1,1,0,1,1,0,1,1,0,0
200071140,1,0,0,1,0,0,1,0,0,0,0
200071157,1,0,0,1,0,0,1,0,0,1,0
200071165,1,0,0,1,0,0,1,0,0,0,0
200071173,NA,NA,0,NA,NA,0,NA,NA,0,NA,0
200071181,1,0,0,1,0,0,1,0,0,0,0
200071199,1,0,0,1,0,0,1,0,0,0,0
200071207,NA,NA,0,NA,NA,0,NA,NA,0,NA,0
200071215,1,0,0,1,0,0,1,0,0,0,0
200071223,1,0,0,1,0,0,1,0,0,0,0
200071298,1,0,0,1,0,0,1,0,0,0,0
200071314,0,1,1,0,1,1,0,1,1,1,0
200071363,0,1,1,0,1,1,0,1,1,1,0
200071371,1,0,0,1,0,0,1,0,0,0,0
200071389,1,0,0,1,0,0,1,0,0,0,0
200071405,0,1,1,0,1,1,0,1,1,1,1
200071413,0,1,1,0,1,1,0,1,1,0,0
200071454,0,1,1,0,1,1,0,1,1,1,0
200071470,1,0,0,1,0,0,1,0,0,0,0
200071496,1,0,0,1,0,0,1,0,0,1,0
200071504,1,0,0,1,0,0,1,0,0,0,0
200071512,1,0,0,1,0,0,1,0,0,1,0
200071520,1,0,0,1,0,0,1,0,0,0,0
200071538,1,0,0,1,0,0,1,0,0,0,0
200071546,1,0,0,1,0,0,1,0,0,0,0
200071553,1,0,0,1,0,0,1,0,0,0,0
200071579,1,0,0,1,0,0,1,0,0,1,0
200071587,1,0,0,1,0,0,1,0,0,0,0
200071595,1,0,0,1,0,0,1,0,0,0,0
200071629,1,0,0,1,0,0,1,0,0,0,0
200071645,NA,NA,0,NA,NA,0,NA,NA,0,NA,0
200071652,NA,NA,0,NA,NA,0,NA,NA,0,NA,0
200071678,0,1,1,0,1,1,0,1,1,1,0
200071751,0,1,1,0,1,1,0,1,1,1,0
200071769,1,0,0,1,0,0,1,0,0,0,0
200071777,1,0,0,1,0,0,1,0,0,1,0
200071785,1,0,0,1,0,0,1,0,0,0,0
200071819,0,1,1,0,1,1,0,1,1,1,0
200071827,0,1,1,0,1,1,0,1,1,1,0
200071843,1,0,0,1,0,0,1,0,0,0,0
200071850,0,1,1,0,1,1,0,1,1,0,0
200071868,1,0,0,1,0,0,1,0,0,0,0
200071876,1,0,0,1,0,0,1,0,0,0,0
200071884,0,1,1,0,1,1,0,1,1,1,0
200071892,0,1,1,0,1,1,0,1,0,0,0
200071900,1,0,0,1,0,0,1,0,0,0,0
200071918,1,0,0,1,0,0,1,0,0,0,0
200071926,0,1,1,0,1,1,0,1,1,1,0
200071934,1,0,0,1,0,0,1,0,0,0,0
200071942,0,1,1,0,1,1,0,1,1,1,0
200071967,0,1,1,0,1,1,0,1,1,1,1
200071983,1,0,0,1,0,0,1,0,0,0,0
200071991,1,0,1,1,0,1,0,1,1,0,0
200072007,NA,NA,0,NA,NA,0,NA,NA,0,NA,0
200072015,1,0,1,0,1,1,1,0,1,1,0
200072023,0,1,0,1,0,0,0,1,0,1,0
200072031,0,1,1,0,1,1,0,1,1,0,0
200072049,0,1,1,0,1,1,0,1,1,1,0
200072056,1,0,0,1,0,0,1,0,0,1,0
200072064,1,0,0,1,0,0,1,0,0,0,0
200072072,1,0,0,1,0,0,1,0,0,1,0
200072080,0,1,0,0,1,0,0,1,0,1,0
200072098,1,0,0,1,0,0,1,0,0,1,0
200072106,1,0,0,1,0,0,1,0,0,0,0
200072130,0,1,1,0,1,1,0,1,1,1,1
200072304,NA,NA,0,NA,NA,0,NA,NA,0,NA,1
200072312,0,1,1,0,1,1,0,1,1,0,0
200072320,0,1,1,0,1,1,0,1,1,1,0
200072346,0,1,1,0,1,1,0,1,1,1,0
200072452,1,0,0,1,0,0,1,0,0,1,0
200072460,1,0,0,1,0,0,1,0,0,0,0
200072478,1,0,0,1,0,0,1,0,0,0,0
200072544,0,1,1,0,1,1,0,1,1,0,0
200072635,1,0,1,1,0,1,1,0,1,1,0
200072643,0,1,1,0,1,1,0,1,1,1,0
200072650,1,0,0,1,0,0,1,0,0,0,0
200072668,1,0,0,1,0,0,1,0,0,0,0
200072676,1,0,0,1,0,0,1,0,0,0,0
200072684,1,0,0,1,0,0,1,0,0,0,0
200072692,1,0,0,1,0,0,1,0,0,0,0
200072700,1,0,0,1,0,0,1,0,0,0,0
200072718,1,0,0,1,0,0,1,0,0,0,0
200072726,1,0,0,1,0,0,1,0,0,0,0
200072734,1,0,0,1,0,0,1,0,0,0,0
200072825,1,0,0,1,0,0,1,0,0,0,0
200072874,0,1,1,0,1,1,0,1,1,0,0
200072882,1,0,0,1,0,0,1,0,0,0,0
200072981,1,0,0,1,0,0,1,0,0,0,0
200072999,0,1,0,0,1,1,1,0,0,1,0
200073013,0,1,1,0,1,1,0,1,1,0,0
200073096,1,0,0,1,0,0,1,0,0,1,0
200073104,0,1,1,0,1,1,0,1,1,1,0
200073112,1,0,0,1,0,0,1,0,0,0,0
200073120,NA,NA,1,NA,NA,1,NA,NA,1,NA,0
200073138,NA,NA,0,NA,NA,0,NA,NA,0,NA,0
200073146,1,0,1,1,0,0,1,0,1,1,0
200073161,1,0,0,1,0,0,1,0,0,0,0
200073237,1,0,0,1,0,0,1,0,0,0,0
200073245,1,0,1,0,1,1,1,0,1,0,0
200073252,0,1,1,0,1,1,0,1,1,0,1
200073260,1,0,0,1,0,0,1,0,0,0,0
200073344,0,1,1,0,1,1,0,1,1,1,0
200073393,1,0,0,1,0,0,1,0,0,1,0
200073401,1,0,0,1,0,0,1,0,0,0,0
200073419,1,0,0,1,0,0,1,0,0,0,0
200073427,1,0,0,1,0,0,1,0,0,0,0
200077014,0,1,1,0,1,1,0,1,1,0,0
200083392,1,0,0,1,1,0,1,0,0,1,0
200084952,0,1,1,0,1,1,0,1,1,1,0
200085728,1,0,1,1,0,1,1,0,0,1,0
200085751,0,1,1,0,1,1,0,1,1,0,0
200089456,0,1,1,0,1,1,0,1,1,0,0
200090504,0,1,1,0,1,1,0,1,1,0,0
200090561,0,1,1,0,1,1,0,1,1,1,0
200090579,0,1,1,0,1,1,0,1,1,0,0
200090751,0,1,1,0,1,1,1,0,0,0,0
200093201,0,1,1,0,1,1,0,1,1,1,0
240100610,0,1,1,0,1,1,0,1,1,0,0
240100750,0,1,1,0,1,1,0,1,1,1,1
240100800,0,1,1,0,1,1,0,1,1,1,0
240100883,1,1,1,1,0,1,0,1,1,0,0
240100891,0,1,1,0,1,1,0,1,1,1,1
240200444,1,0,0,1,0,0,1,0,0,0,0
240200469,1,0,0,1,0,0,1,0,0,0,0
240200477,0,1,1,0,1,1,0,1,1,1,0
240200493,1,0,0,1,0,0,1,0,0,0,0
240200501,1,0,0,1,0,0,1,0,0,0,0
240200519,NA,NA,0,NA,NA,0,NA,NA,0,NA,0
240200576,1,0,0,1,0,0,1,0,0,0,0
240200584,0,1,1,0,1,1,0,1,1,0,0
240200592,NA,NA,0,NA,NA,0,NA,NA,0,NA,0
240200600,1,0,0,1,0,0,1,0,0,0,0
240200634,NA,NA,0,NA,NA,0,NA,NA,0,NA,0
240300491,NA,NA,0,NA,NA,0,NA,NA,0,NA,0
240300558,NA,NA,0,NA,NA,0,NA,NA,0,NA,0
240300566,NA,NA,0,NA,NA,0,NA,NA,0,NA,0
240300657,NA,NA,0,NA,NA,0,NA,NA,0,NA,0
240400440,NA,NA,1,NA,NA,1,NA,NA,1,NA,1
240500439,1,0,0,1,0,0,1,0,0,1,0
240500462,NA,NA,1,NA,NA,1,NA,NA,1,NA,1
240600551,0,1,1,0,1,1,0,1,1,1,1
240600585,0,1,1,0,1,1,0,1,1,1,0
240600593,1,0,1,1,0,1,1,0,1,1,1
240700302,NA,NA,1,NA,NA,1,NA,NA,1,NA,1
240700617,NA,NA,1,NA,NA,1,NA,NA,1,NA,1
240700716,NA,NA,0,NA,NA,0,NA,NA,0,NA,0
240700815,NA,NA,0,NA,NA,0,NA,NA,0,NA,0
240700864,0,1,1,0,1,1,0,1,1,0,1
240800821,0,1,1,0,1,1,0,1,1,1,0
240800847,0,1,1,0,1,1,0,1,1,1,0
240800862,1,0,0,1,0,0,1,0,0,0,0
240800920,1,0,0,1,0,0,1,0,0,0,0
240900431,NA,NA,1,NA,NA,1,NA,NA,1,NA,0
240900464,0,1,1,0,1,1,0,1,1,0,0
241000223,NA,NA,0,NA,NA,0,NA,NA,0,NA,0
241000405,0,1,1,0,1,1,0,1,1,0,0
241000447,NA,NA,0,NA,NA,0,NA,NA,0,NA,0
241000488,NA,NA,0,NA,NA,0,NA,NA,0,NA,0
241100593,0,1,1,0,1,1,0,1,1,1,0
241200187,0,1,1,0,1,1,0,1,1,1,0
241200542,NA,NA,0,NA,NA,0,NA,NA,0,NA,0
241200567,0,1,1,0,1,1,0,1,1,0,0
241200625,NA,NA,0,NA,NA,0,NA,NA,0,NA,0
241200641,1,0,0,1,0,0,1,0,0,0,0
241200658,NA,NA,0,NA,NA,0,NA,NA,0,NA,0
241200674,NA,NA,0,NA,NA,0,NA,NA,0,NA,0
241200765,NA,NA,0,NA,NA,0,NA,NA,0,NA,0
241200807,NA,NA,1,NA,NA,1,NA,NA,1,NA,0
241200906,NA,NA,1,NA,NA,1,NA,NA,1,NA,0
241200914,NA,NA,0,NA,NA,0,NA,NA,0,NA,0
241300375,1,0,1,1,0,1,1,0,1,1,0
241300417,0,1,1,0,1,1,0,1,1,1,1
241400415,1,0,0,1,0,0,1,0,0,0,0
241400514,1,0,0,1,0,0,1,0,0,0,0
241400555,1,0,0,1,0,0,1,0,0,0,0
241400860,1,0,0,1,0,0,1,0,0,0,0
241400878,1,0,0,1,0,0,1,0,0,0,0
241500230,1,0,0,1,0,0,1,0,0,1,0
241500255,NA,NA,0,NA,NA,0,NA,NA,0,NA,0
241500271,NA,NA,0,NA,NA,0,NA,NA,0,NA,0
241501055,NA,NA,0,NA,NA,0,NA,NA,0,NA,0
241501089,NA,NA,0,NA,NA,0,NA,NA,0,NA,0
241501139,NA,NA,0,NA,NA,0,NA,NA,0,NA,0
241600303,1,0,0,1,0,0,1,0,0,0,0
241700434,1,0,0,1,0,1,1,0,0,1,0
241700459,1,0,0,1,0,0,1,0,0,1,0
241700517,1,0,0,1,0,0,1,0,0,0,0
241700624,1,0,0,1,0,0,1,0,0,0,0
241700632,1,0,0,1,0,0,1,0,0,0,0
241700640,1,0,0,1,0,0,1,0,0,0,0
241700699,1,0,0,1,0,0,1,0,0,0,0
241800374,1,0,0,1,0,0,1,0,0,1,0
241800424,NA,NA,0,NA,NA,0,NA,NA,0,NA,0
241800432,NA,NA,0,NA,NA,0,NA,NA,0,NA,0
241800457,1,0,1,1,0,0,1,0,1,0,0
241800507,0,1,1,0,1,1,0,1,1,1,0
241900133,0,1,1,0,1,1,0,1,1,1,0
241927201,1,0,0,1,0,1,1,0,0,0,0
241927243,NA,NA,1,NA,NA,1,NA,NA,0,NA,0
242000354,0,1,1,0,1,1,0,1,1,0,0
242000495,NA,NA,1,NA,NA,1,NA,NA,1,NA,1
242000503,NA,NA,1,NA,NA,1,NA,NA,0,NA,0
242010056,0,1,1,0,1,1,0,1,1,0,0
242010130,0,1,1,0,1,1,0,1,1,0,0
242020071,NA,NA,1,NA,NA,1,NA,NA,1,NA,0
242020105,0,1,1,0,1,1,0,1,1,1,1
242100154,1,0,0,1,0,0,1,0,0,0,0
242100410,0,1,1,0,1,1,0,1,1,1,0
242101434,0,1,1,0,1,1,0,1,1,1,0
242101442,NA,NA,0,NA,NA,0,NA,NA,0,NA,0
242101459,NA,NA,0,NA,NA,0,NA,NA,0,NA,0
242101491,1,0,0,1,0,0,1,0,0,1,0
242101509,1,0,0,1,0,0,1,0,0,0,0
242200715,0,1,1,0,1,1,0,1,1,1,0
242300135,0,1,0,0,1,1,0,1,0,1,0
242320000,NA,NA,0,NA,NA,1,NA,NA,0,NA,0
242320109,NA,NA,1,NA,NA,1,NA,NA,1,NA,0
242400752,0,1,1,0,1,1,0,1,1,1,0
242400935,NA,NA,1,NA,NA,1,NA,NA,0,NA,0
242401024,0,1,1,0,1,0,0,1,1,1,0
242500320,NA,NA,0,NA,NA,0,NA,NA,0,NA,1
242500338,0,1,1,0,1,1,0,1,1,1,1
242500361,0,1,1,0,1,1,0,1,1,1,0
242504116,0,1,1,0,1,1,0,1,1,1,1
242504181,1,0,0,1,0,0,1,0,0,0,0
242504355,NA,NA,0,NA,NA,0,NA,NA,0,NA,1
242504371,NA,NA,0,NA,NA,0,NA,NA,0,NA,0
242504447,1,0,0,1,0,0,1,0,0,0,0
242504488,NA,NA,0,NA,NA,0,NA,NA,0,NA,1
242504496,NA,NA,0,NA,NA,0,NA,NA,0,NA,1
242600252,1,0,1,1,0,1,1,0,1,1,0
242600492,NA,NA,0,NA,NA,1,NA,NA,0,NA,1
242600534,0,1,1,0,1,0,0,1,1,1,1
242700276,1,0,0,1,0,0,1,0,0,0,0
242700607,1,0,0,1,0,0,1,0,0,0,0
242852465,1,0,0,1,0,0,1,0,0,0,0
242900074,1,0,0,1,0,0,1,0,0,0,0
242900314,0,1,0,0,1,1,1,1,0,1,0
242900553,1,0,0,1,0,0,1,0,0,0,0
242900561,0,1,0,0,1,0,0,1,0,1,0
242900629,1,0,0,1,0,0,1,0,0,1,0
242900645,1,0,0,1,0,0,1,0,0,1,0
242900660,1,0,0,1,0,0,1,0,0,0,0
242900694,1,0,0,1,0,0,1,0,0,0,0
242900702,1,0,0,1,0,0,1,0,0,0,0
242900710,1,0,0,1,0,0,1,0,0,0,0
242900744,1,0,0,1,0,0,1,0,0,0,0
242900751,1,0,0,1,0,0,1,0,0,0,0
242900769,1,0,0,1,0,0,1,0,0,0,0
242900793,1,0,0,1,0,0,1,0,0,0,0
242900801,1,0,0,1,0,0,1,0,0,1,0
242900835,1,0,0,1,0,0,1,0,0,0,0
243000270,0,1,1,0,1,1,0,1,1,1,1
243000296,1,0,0,1,0,0,1,0,0,0,0
243000569,1,0,0,1,0,0,1,0,0,0,0
243000585,0,1,1,0,1,1,0,1,1,1,1
243000593,0,1,1,0,1,1,0,1,1,0,0
243000643,0,1,1,0,1,1,0,1,1,1,0
243000650,1,0,1,1,0,1,1,0,1,0,0
243000684,0,1,1,0,1,1,0,1,1,0,0
243100518,0,1,1,0,1,1,0,1,1,1,0
243100567,1,0,0,1,0,0,1,0,0,0,0
243100633,1,0,1,1,0,1,0,1,1,1,0
243100732,1,0,0,1,0,0,1,0,0,0,0
243100773,0,1,1,0,1,1,0,1,1,0,0
243100781,0,1,1,0,1,1,0,1,1,1,0
243100815,1,0,0,1,0,0,1,0,0,0,0
243200391,0,1,1,0,1,1,0,1,1,1,0
243200409,NA,NA,1,NA,NA,1,NA,NA,1,NA,0
243200417,0,1,1,0,1,1,0,1,1,1,0
243200425,NA,NA,1,NA,NA,1,NA,NA,1,NA,0
243200458,0,1,1,0,1,1,0,1,1,1,0
243200508,NA,NA,1,NA,NA,1,NA,NA,1,NA,0
243200599,NA,NA,0,NA,NA,0,NA,NA,0,NA,0
243200607,NA,NA,1,NA,NA,1,NA,NA,1,NA,0
243300316,0,1,1,0,1,1,0,1,1,1,0
243300563,1,0,0,1,0,0,1,0,0,1,0
243300811,1,0,0,1,0,0,1,0,0,0,0
243301165,1,0,0,1,0,0,1,0,0,1,0
243301181,1,0,0,1,0,0,1,0,0,0,1
243301215,1,0,0,1,0,0,1,0,0,0,0
243301223,1,0,0,1,0,0,1,0,0,0,0
243301249,1,0,1,1,0,1,1,0,0,0,0
243301264,1,0,0,1,0,0,1,0,0,0,0
243301355,1,0,0,1,0,0,1,0,0,0,0
243301371,0,1,1,0,1,1,0,1,1,1,0
243301389,1,0,0,1,0,0,1,0,0,0,0
243301397,1,0,0,1,0,0,1,0,0,0,0
243301405,1,0,0,1,0,0,1,0,0,0,0
243301439,1,0,0,1,0,0,1,0,0,1,0
243301447,1,0,0,1,0,0,1,0,0,0,0
243301454,0,1,1,0,1,1,0,1,1,0,0
243301504,1,0,0,1,0,0,1,0,0,0,0
243400017,0,1,1,0,1,1,0,1,1,1,0
243400355,0,1,1,0,1,1,0,1,1,1,1
243400470,1,0,1,1,0,1,1,0,1,1,0
243400488,1,0,1,1,0,0,1,0,1,0,0
243400520,0,1,1,0,1,1,0,1,1,1,0
243400694,1,0,1,1,0,1,1,0,1,0,0
243400736,0,1,1,1,0,1,0,1,1,0,0
243400769,0,1,1,0,1,1,0,1,1,1,0
243400819,0,1,1,0,1,1,0,1,1,1,0
243500139,0,1,1,0,1,1,0,1,1,1,0
243500550,1,0,0,1,0,0,1,0,0,0,0
243500618,1,0,0,1,0,0,1,0,0,0,0
243500634,1,0,0,1,0,0,1,0,0,0,0
243500659,1,0,0,1,0,0,1,0,0,0,0
243500667,1,0,0,1,0,0,1,0,0,0,0
243500725,1,0,0,1,0,0,1,0,0,1,0
243500733,1,0,0,1,0,0,1,0,0,0,0
243500741,1,0,0,1,0,0,1,0,0,0,0
243500774,1,0,0,1,0,0,1,0,0,0,0
243500782,1,0,0,1,0,0,1,0,0,0,0
243600202,NA,NA,0,NA,NA,0,NA,NA,0,NA,0
243600236,1,0,0,1,0,0,1,0,0,1,0
243600293,NA,NA,0,NA,NA,0,NA,NA,0,NA,0
243600301,1,0,0,1,0,0,1,0,0,1,0
243600319,1,0,0,1,0,0,1,0,0,0,0
243600327,0,1,1,0,1,1,0,1,1,1,0
243600343,NA,NA,0,NA,NA,0,NA,NA,0,NA,0
243600350,1,0,0,1,0,0,1,0,0,0,0
243700499,1,0,0,1,0,0,1,0,0,0,0
243700754,0,1,1,0,1,1,0,1,1,1,0
243700820,1,0,0,1,0,0,1,0,0,0,0
243800604,0,1,1,0,1,1,0,1,1,1,0
243800745,0,1,1,0,1,1,0,1,1,1,0
243800935,0,1,1,0,1,1,0,1,1,0,0
243800984,0,1,1,0,1,1,0,1,1,0,0
243801024,1,0,0,1,0,0,1,0,0,1,0
243801073,1,0,1,0,1,0,1,0,1,0,0
243801255,1,0,0,1,0,0,1,0,0,0,0
243900354,NA,NA,1,NA,NA,1,NA,NA,1,NA,1
243900420,NA,NA,0,NA,NA,0,NA,NA,0,NA,0
243900479,NA,NA,1,NA,NA,1,NA,NA,1,NA,1
243900560,1,0,0,1,0,0,1,0,0,0,0
243900610,NA,NA,0,NA,NA,0,NA,NA,0,NA,1
243901089,NA,NA,0,NA,NA,0,NA,NA,0,NA,0
244000543,0,1,1,0,1,1,0,1,1,1,0
244000659,1,0,0,1,0,0,1,0,0,1,0
244000675,0,1,1,0,1,1,0,1,1,0,0
244000691,NA,NA,1,NA,NA,1,NA,NA,1,NA,0
244000766,1,0,0,1,0,0,1,0,0,0,0
244000774,NA,NA,0,NA,NA,0,NA,NA,0,NA,0
244000808,0,1,1,0,1,1,0,1,1,1,0
244000824,NA,NA,0,NA,NA,0,NA,NA,0,NA,0
244000857,0,1,1,0,1,1,0,1,1,0,0
244000865,1,0,0,1,0,0,1,0,0,1,0
244000873,1,0,0,1,0,0,1,0,0,1,0
244000881,NA,NA,0,NA,NA,0,NA,NA,0,NA,0
244100293,NA,NA,0,NA,NA,0,NA,NA,0,NA,0
244100780,NA,NA,0,NA,NA,0,NA,NA,0,NA,0
244100798,1,0,0,1,0,0,1,0,0,0,0
244100806,0,1,1,0,1,1,0,1,1,0,0
244200614,NA,NA,0,NA,NA,0,NA,NA,0,NA,0
244200622,1,0,0,1,0,0,1,0,0,1,0
244200630,1,0,0,1,0,0,1,0,0,1,0
244200770,0,1,1,0,1,1,0,1,1,1,0
244200820,NA,NA,0,NA,NA,0,NA,NA,0,NA,0
244200895,1,0,0,1,0,0,1,0,0,0,0
244300307,NA,NA,0,NA,NA,0,NA,NA,0,NA,0
244301016,1,0,0,1,0,0,1,0,0,1,0
244301099,NA,NA,0,NA,NA,0,NA,NA,0,NA,0
244301107,NA,NA,0,NA,NA,0,NA,NA,0,NA,0
244301123,NA,NA,0,NA,NA,0,NA,NA,0,NA,0
244301131,1,0,0,1,0,0,1,0,0,0,0
244400404,0,1,1,0,1,1,0,1,1,1,0
244400438,1,0,0,1,0,0,1,0,0,0,0
244400453,1,0,0,1,0,0,1,0,0,0,0
244400503,1,0,0,1,0,0,1,0,0,0,0
244400537,1,0,0,1,0,0,1,0,0,0,0
244400552,1,0,0,1,0,0,1,0,0,0,0
244400586,1,0,0,1,0,0,1,0,0,0,0
244400610,1,0,0,1,0,0,1,0,0,0,0
244400644,0,1,0,0,1,1,1,0,0,1,0
244500203,0,1,1,0,1,1,0,1,1,1,0
244500211,0,1,1,0,1,1,0,1,1,1,0
244500419,1,0,0,1,0,0,1,0,0,0,0
244500427,1,0,0,1,0,0,1,0,1,0,0
244500468,0,1,1,0,1,1,0,1,1,1,0
244500484,1,0,0,1,0,0,1,0,0,0,0
244500542,NA,NA,1,NA,NA,0,NA,NA,1,NA,0
244600433,0,1,1,0,1,1,0,1,1,1,0
244600482,0,1,1,0,1,1,0,1,1,1,0
244600532,NA,NA,1,NA,NA,1,NA,NA,1,NA,0
244600573,NA,NA,1,NA,NA,1,NA,NA,1,NA,0
244700449,NA,NA,1,NA,NA,1,NA,NA,1,NA,0
244700464,0,1,1,0,1,1,0,1,1,1,0
244701355,1,0,0,1,0,0,1,0,0,0,0
244701405,NA,NA,1,NA,NA,1,NA,NA,1,NA,0
244800405,0,1,1,0,1,1,0,1,1,1,0
244800470,NA,NA,0,NA,NA,0,NA,NA,0,NA,0
244900015,0,1,1,0,1,1,0,1,1,1,0
244900809,1,0,0,1,0,0,1,0,0,1,0
244900882,1,0,0,1,0,0,1,0,0,0,0
245100615,1,0,0,1,0,0,1,0,0,0,0
245100888,NA,NA,0,NA,NA,0,NA,NA,0,NA,0
245100979,NA,NA,0,NA,NA,0,NA,NA,0,NA,0
245200597,NA,NA,0,NA,NA,0,NA,NA,0,NA,0
245300223,1,0,0,1,0,0,1,0,0,0,0
245300355,1,0,0,1,0,0,1,0,0,0,0
245300389,0,1,0,1,0,0,0,1,0,1,0
245300447,1,0,0,1,0,0,1,0,0,0,0
245400171,1,0,0,1,0,0,1,0,0,1,0
245400189,1,0,0,1,0,0,1,0,0,0,0
245400262,0,1,1,0,1,1,0,1,1,1,0
245400510,1,0,0,1,0,0,1,0,0,0,0
245400601,1,0,1,1,0,1,1,0,1,0,0
245400676,0,1,1,0,1,1,0,1,1,1,0
245400759,NA,NA,0,NA,NA,0,NA,NA,0,NA,0
245500327,NA,NA,0,NA,NA,1,NA,NA,0,NA,0
245501176,NA,NA,0,NA,NA,0,NA,NA,0,NA,0
245501184,NA,NA,0,NA,NA,0,NA,NA,0,NA,0
245501242,NA,NA,0,NA,NA,0,NA,NA,0,NA,0
245501259,NA,NA,1,NA,NA,1,NA,NA,1,NA,1
245600440,1,0,0,1,0,0,1,0,0,0,0
245600465,NA,NA,0,NA,NA,0,NA,NA,0,NA,0
245614383,1,0,0,1,0,0,1,0,0,0,0
245614417,0,1,0,0,1,0,0,1,0,1,0
245614433,0,1,0,0,1,1,0,1,0,0,0
245700133,1,0,0,1,0,0,1,0,1,0,0
245700372,0,1,1,0,1,1,0,1,1,1,0
245700398,0,1,1,0,1,1,0,1,1,0,0
245700695,0,1,1,0,1,1,0,1,1,1,0
245700950,1,0,0,1,0,0,1,0,0,1,0
245701164,0,1,1,0,1,1,0,1,1,1,0
245701206,1,0,0,1,0,0,1,0,0,0,0
245701222,0,1,1,0,1,1,0,1,1,1,1
245701271,0,1,1,0,1,1,0,1,1,0,0
245701354,1,0,0,1,0,0,1,0,0,0,0
245701362,0,1,1,0,1,1,0,1,1,1,0
245701404,0,1,1,0,1,1,0,1,1,1,0
245801063,NA,NA,0,NA,NA,0,NA,NA,0,NA,0
245804406,0,1,1,0,1,1,0,1,1,0,0
245804497,NA,NA,0,NA,NA,0,NA,NA,0,NA,0
245900428,0,1,1,0,1,1,1,0,0,0,0
245900758,1,0,0,1,0,0,1,0,0,0,0
245901038,1,0,0,1,0,0,1,0,0,0,0
245901152,1,0,0,1,0,0,1,0,0,0,0
245901160,0,1,1,0,1,1,0,1,1,1,0
246000129,0,1,1,0,1,1,0,1,1,1,0
246000376,1,0,0,1,0,0,1,0,0,0,0
246000566,1,0,0,1,0,0,1,0,0,0,0
246000582,0,1,1,0,1,1,0,1,1,0,0
246000707,1,0,0,1,0,0,1,0,0,0,0
246000749,1,0,1,1,0,1,1,0,1,1,0
246000756,0,1,1,0,1,1,0,1,1,0,0
246000764,0,1,1,0,1,1,0,1,1,1,0
246000772,1,0,0,1,0,0,1,0,0,0,0
246000848,1,0,0,1,0,0,1,0,0,0,0
246000855,1,0,0,1,0,0,1,0,0,0,0
246000871,1,0,1,1,0,1,1,0,1,0,0
246000897,1,0,0,1,0,0,1,0,0,0,0
246000913,1,0,0,1,0,0,1,0,0,0,0
246000921,0,1,1,0,1,1,0,1,1,0,0
246100390,NA,NA,0,NA,NA,0,NA,NA,0,NA,0
246100663,0,1,1,0,1,1,0,1,0,1,0
246200299,1,0,0,1,0,0,1,0,0,0,0
246200364,1,0,0,1,0,0,1,0,0,0,0
246200380,1,0,0,1,0,0,1,0,0,0,0
246200729,1,0,0,1,0,0,1,0,0,0,0
246200844,1,0,0,1,0,0,1,0,0,0,0
246201016,1,0,0,1,0,0,1,0,0,0,0
246300701,0,1,1,0,1,1,0,1,1,1,0
246300966,NA,NA,0,NA,NA,0,NA,NA,0,NA,0
246301097,1,0,0,1,0,0,1,0,0,0,0
246400337,NA,NA,0,NA,NA,0,NA,NA,0,NA,0
246401756,1,0,0,1,0,0,1,0,0,0,0
246500482,1,0,0,1,0,1,1,0,0,0,0
246500573,NA,NA,0,NA,NA,0,NA,NA,0,NA,0
246600282,0,1,1,0,1,1,0,1,1,0,0
246600373,0,1,1,0,1,1,0,1,1,1,0
246600399,NA,NA,1,NA,NA,1,NA,NA,1,NA,0
246600415,0,1,1,0,1,1,0,1,1,0,0
246600423,NA,NA,1,NA,NA,1,NA,NA,1,NA,0
246600449,0,1,1,0,1,1,0,1,1,0,0
246600464,NA,NA,0,NA,NA,1,NA,NA,0,NA,0
246600548,NA,NA,1,NA,NA,1,NA,NA,1,NA,0
246700306,1,0,0,1,0,0,1,0,0,0,0
246700488,0,1,1,0,1,1,0,1,1,1,0
246700744,1,0,0,1,0,0,1,0,0,0,0
246700777,1,0,0,1,0,0,1,0,0,0,0
246700843,1,0,0,1,0,0,1,0,0,0,0
246700926,0,1,1,0,1,1,0,1,1,1,0
246700959,1,0,0,1,0,0,1,0,0,0,0
246700967,0,1,1,0,1,1,0,1,1,1,0
246701064,0,1,1,0,1,1,0,1,1,0,0
246701080,0,1,1,0,1,1,0,1,1,1,0
246701098,1,0,1,1,0,0,0,1,1,0,0
246800205,1,0,0,1,0,0,1,0,0,0,0
246800395,NA,NA,1,NA,NA,1,NA,NA,1,NA,0
246800445,1,0,0,1,0,0,1,0,0,0,0
246800494,1,0,0,1,0,0,1,0,0,0,0
246800551,1,0,0,1,0,0,1,0,0,0,0
246800569,0,1,1,0,1,1,0,1,1,0,0
246800577,1,0,1,1,0,0,0,1,1,0,0
246800585,1,0,0,1,0,0,1,0,0,0,0
246800676,1,0,0,1,0,0,1,0,0,0,0
246800726,0,1,1,0,1,1,0,1,1,1,0
246900575,1,0,1,1,0,1,1,0,1,0,0
246900625,1,0,0,1,0,0,1,0,0,0,0
246900724,1,0,0,1,0,0,1,0,0,1,0
246900740,1,0,0,1,0,0,1,0,0,0,0
246900757,1,0,1,1,0,1,0,1,1,1,0
246900765,1,0,1,1,0,1,1,0,1,0,0
247000011,0,1,1,0,1,1,0,1,1,0,0
247000367,NA,NA,0,NA,NA,0,NA,NA,0,NA,0
247000623,NA,NA,0,NA,NA,0,NA,NA,0,NA,0
247000664,0,1,1,0,1,1,1,0,0,0,0
247000698,NA,NA,0,NA,NA,0,NA,NA,0,NA,0
247000706,1,0,0,1,0,0,1,0,0,0,0
247000714,NA,NA,0,NA,NA,0,NA,NA,0,NA,0
247000722,1,0,0,1,0,0,1,0,0,0,0
247000755,1,0,0,1,0,0,1,0,0,0,0
247000821,1,0,0,1,0,0,1,0,0,0,0
247000854,NA,NA,0,NA,NA,0,NA,NA,0,NA,0
247100290,0,1,1,0,1,1,0,1,1,1,0
247100589,0,1,1,0,1,1,0,1,1,1,0
247100639,NA,NA,0,NA,NA,0,NA,NA,0,NA,0
247100647,NA,NA,0,NA,NA,0,NA,NA,0,NA,0
247103765,1,0,0,1,0,0,1,0,1,0,0
247103864,NA,NA,0,NA,NA,0,NA,NA,0,NA,0
247104094,1,0,0,1,0,0,1,0,0,1,0
247200090,0,1,0,0,1,1,0,1,0,1,0
247200132,0,1,1,0,1,1,0,1,1,1,0
247200348,1,0,0,1,0,0,1,0,0,0,0
247200421,1,0,0,1,0,0,1,0,0,0,0
247200447,1,0,0,1,0,0,1,0,0,0,0
247200629,1,0,0,1,0,0,1,0,0,0,0
247200686,1,0,0,1,0,0,1,0,0,0,0
247300015,NA,NA,0,NA,NA,1,NA,NA,0,NA,0
247300254,0,1,1,0,1,1,0,1,1,1,0
247300262,NA,NA,0,NA,NA,0,NA,NA,0,NA,0
247300361,NA,NA,0,NA,NA,0,NA,NA,0,NA,0
247300452,NA,NA,1,NA,NA,0,NA,NA,1,NA,0
247300528,1,0,0,1,0,0,1,0,0,0,0
247300668,NA,NA,0,NA,NA,0,NA,NA,0,NA,0
247300676,NA,NA,1,NA,NA,1,NA,NA,0,NA,0
247300817,NA,NA,0,NA,NA,0,NA,NA,0,NA,0
247400047,NA,NA,0,NA,NA,0,NA,NA,1,NA,1
247400112,0,1,1,0,1,1,0,1,1,1,1
247400567,1,0,1,1,0,1,0,1,1,1,0
247400583,0,1,1,0,1,1,0,1,1,1,1
247400617,1,0,0,1,0,0,1,0,0,1,0
247400666,0,1,1,0,1,1,0,1,1,1,1
247400682,0,1,1,0,1,1,0,1,1,1,0
247400690,0,1,1,0,1,1,0,1,1,1,1
247400724,0,1,1,0,1,1,0,1,1,1,1
247400740,0,1,1,0,1,1,0,1,1,1,1
247400773,0,1,1,0,1,1,0,1,1,1,0
247600505,1,0,0,1,0,0,1,0,0,0,0
247600588,1,0,0,1,0,0,1,0,0,0,0
247600604,NA,NA,0,NA,NA,0,NA,NA,0,NA,0
247600620,1,0,0,1,0,0,1,0,0,0,0
247600646,1,0,0,1,0,0,1,0,0,0,0
247600729,1,0,0,1,0,0,1,0,0,0,0
247600786,1,0,0,1,0,0,1,0,0,0,0
247700032,0,1,1,0,1,1,0,1,1,1,0
247700057,0,1,1,0,1,1,0,1,1,1,1
247700065,0,1,1,0,1,1,0,1,1,0,0
247700107,0,1,1,0,1,1,0,1,1,1,1
247700339,0,1,1,0,1,1,0,1,1,1,0
247700594,0,1,1,0,1,1,0,1,1,1,0
247700644,0,1,1,0,1,1,0,1,1,1,0
247700701,0,1,1,0,1,1,0,1,1,0,0
247800550,1,0,1,1,0,1,1,0,1,0,0
247800584,0,1,1,0,1,1,0,1,1,1,0
247800618,0,1,1,0,1,1,0,1,1,1,0
247900798,1,0,0,1,0,0,1,0,0,0,0
248000499,1,0,0,1,0,0,1,0,0,0,0
248000531,0,1,1,0,1,1,0,1,1,1,0
248000747,1,0,0,1,0,0,1,0,0,0,0
248100158,1,0,0,1,0,0,1,0,0,0,0
248100430,0,1,1,0,1,1,0,1,1,1,0
248100497,NA,NA,0,NA,NA,0,NA,NA,0,NA,0
248100737,0,1,1,0,1,1,0,1,1,1,0
248100745,NA,NA,1,NA,NA,1,NA,NA,1,NA,0
248200016,0,1,1,0,1,1,0,1,1,1,0
248200057,0,1,1,0,1,1,0,1,1,0,0
248200065,0,1,1,0,1,1,0,1,1,1,0
248200099,0,1,1,0,1,1,0,1,1,0,0
248200107,NA,NA,1,NA,NA,1,NA,NA,1,NA,0
248300394,1,0,0,1,0,0,1,0,0,0,0
248300410,1,0,0,1,0,0,1,0,0,0,0
248300493,0,1,1,0,1,1,0,1,1,1,1
248300543,0,1,1,0,1,1,0,1,1,1,1
248300550,0,1,1,0,1,1,0,1,1,1,1
248400053,0,1,1,0,1,1,0,1,1,1,1
248400160,1,0,0,1,0,0,1,0,0,0,1
248400236,0,1,1,0,1,1,0,1,1,1,1
248400251,0,1,1,0,1,1,0,1,1,1,1
248400285,1,0,0,1,0,0,1,0,0,1,1
248400293,0,1,1,0,1,1,0,1,1,1,1
248400319,0,1,1,0,1,1,0,1,1,1,0
248400335,0,1,1,0,1,1,0,1,1,1,0
248500191,NA,NA,0,NA,NA,0,NA,NA,0,NA,0
248500258,1,0,0,1,0,0,1,0,0,0,0
248500340,1,0,0,1,0,0,1,0,0,0,0
248500415,1,0,0,1,0,0,1,0,0,0,0
248500464,1,0,0,1,0,0,1,0,0,0,0
248500530,1,0,0,1,0,0,1,0,0,0,0
248500563,1,0,0,1,0,0,1,0,0,0,0
248500589,1,0,0,1,0,0,1,0,0,1,0
248500621,1,0,0,1,0,0,1,0,0,0,0
248500662,1,0,0,1,0,0,1,0,0,0,0
248600413,1,0,0,1,0,0,1,0,0,1,0
248600447,1,0,0,1,0,0,1,0,0,0,0
248700189,0,1,1,0,1,1,0,1,1,1,0
248719262,NA,NA,0,NA,NA,0,NA,NA,1,NA,0
248719288,1,0,0,1,0,0,1,0,0,0,0
248719312,0,1,1,0,1,1,0,1,1,1,0
248719338,NA,NA,1,NA,NA,1,NA,NA,1,NA,0
248719353,NA,NA,1,NA,NA,1,NA,NA,1,NA,0
248719361,1,0,0,1,0,0,1,0,0,0,0
248900334,0,1,1,0,1,1,0,1,1,1,0
248900383,0,1,1,0,1,1,0,1,1,1,0
248900524,1,0,0,1,0,0,1,0,0,0,0
248900664,NA,NA,0,NA,NA,0,NA,NA,1,NA,0
248900748,1,0,0,1,0,0,1,0,1,0,0
248900896,1,0,0,1,0,0,1,0,0,0,0
248900938,0,1,1,0,1,1,0,1,1,1,0
249000241,0,1,1,0,1,1,0,1,1,1,0
249100074,0,1,1,0,1,1,0,1,1,1,0
249100157,0,1,1,0,1,1,0,1,1,0,0
249100546,0,1,1,0,1,1,0,1,1,0,0
249100553,0,1,1,0,1,1,0,1,1,1,0
249100595,0,1,1,0,1,1,0,1,1,1,0
249500109,0,1,1,0,1,1,0,1,1,1,1
249500430,0,1,1,0,1,0,0,1,1,0,0
249500455,0,1,1,0,1,1,0,1,1,1,0
249500489,0,1,1,0,1,1,0,1,1,1,1
249500513,0,1,1,0,1,1,0,1,1,0,0
249710047,0,1,0,0,1,0,0,1,0,0,1
249710062,0,1,0,1,0,0,0,1,0,0,1
249710070,0,1,0,0,1,0,0,1,0,0,1
249720053,1,0,0,1,0,0,1,0,0,0,1
249720061,1,0,0,1,0,0,1,0,0,0,1
249730037,0,1,1,0,1,1,0,1,1,0,1
249730045,0,1,1,0,1,1,0,1,1,1,1
249730052,NA,NA,1,NA,NA,1,NA,NA,1,NA,1
249740077,1,0,0,1,0,0,1,0,0,0,1
249740085,1,0,0,1,0,0,1,0,0,0,1
249740093,1,0,0,1,0,0,1,0,0,0,1
249740101,1,0,0,1,0,0,1,0,0,0,1
249740119,1,0,0,1,0,0,1,0,0,1,1
13001,0,1,1,0,1,1,0,1,1,1,1
13002,1,0,0,1,0,0,1,0,0,0,1
13003,NA,NA,0,NA,NA,0,NA,NA,0,NA,1
13005,0,1,1,0,1,1,0,1,1,1,1
13007,1,0,0,1,0,1,1,0,0,0,1
13014,0,1,1,0,1,1,0,1,1,0,1
13015,1,0,1,1,0,1,0,1,1,1,1
13016,NA,NA,1,NA,NA,0,NA,NA,1,NA,1
13019,NA,NA,0,NA,NA,0,NA,NA,0,NA,1
13020,NA,NA,0,NA,NA,0,NA,NA,0,NA,1
13021,NA,NA,0,NA,NA,0,NA,NA,0,NA,1
13022,NA,NA,1,NA,NA,1,NA,NA,0,NA,1
13023,NA,NA,0,NA,NA,0,NA,NA,0,NA,1
13024,NA,NA,0,NA,NA,1,NA,NA,0,NA,1
13025,NA,NA,1,NA,NA,1,NA,NA,1,NA,1
13026,1,0,1,1,0,0,1,0,1,0,1
13028,0,1,1,0,1,1,1,0,1,0,1
13030,NA,NA,0,NA,NA,0,NA,NA,0,NA,1
13031,NA,NA,0,NA,NA,0,NA,NA,0,NA,1
13032,NA,NA,0,NA,NA,0,NA,NA,1,NA,1
13033,NA,NA,0,NA,NA,0,NA,NA,0,NA,1
13035,NA,NA,0,NA,NA,0,NA,NA,0,NA,1
13037,NA,NA,0,NA,NA,0,NA,NA,1,NA,1
13039,1,0,1,1,0,1,1,0,1,0,1
13040,1,0,0,1,0,0,1,0,0,1,1
13041,0,1,1,0,1,1,0,1,1,0,1
13042,NA,NA,0,NA,NA,0,NA,NA,0,NA,1
13043,NA,NA,1,NA,NA,1,NA,NA,1,NA,1
13044,NA,NA,0,NA,NA,0,NA,NA,0,NA,1
13046,NA,NA,0,NA,NA,0,NA,NA,0,NA,1
13047,0,1,1,0,1,1,0,1,1,1,1
13048,NA,NA,0,NA,NA,0,NA,NA,1,NA,1
13050,NA,NA,0,NA,NA,0,NA,NA,1,NA,1
13051,NA,NA,0,NA,NA,0,NA,NA,0,NA,1
13053,NA,NA,1,NA,NA,1,NA,NA,1,NA,1
13054,0,1,1,0,1,1,0,1,1,1,1
13056,0,1,1,0,1,1,0,1,1,0,1
13059,NA,NA,0,NA,NA,0,NA,NA,1,NA,1
13060,NA,NA,0,NA,NA,0,NA,NA,0,NA,1
13062,NA,NA,0,NA,NA,0,NA,NA,0,NA,1
13063,0,1,1,0,1,1,0,1,1,1,1
13069,1,0,0,1,0,0,1,0,0,1,1
13070,NA,NA,1,NA,NA,1,NA,NA,1,NA,1
13071,1,0,0,1,0,0,1,0,0,0,1
13072,NA,NA,0,NA,NA,0,NA,NA,0,NA,1
13073,NA,NA,0,NA,NA,0,NA,NA,0,NA,1
13074,NA,NA,1,NA,NA,1,NA,NA,1,NA,1
13075,1,0,0,1,0,0,1,0,0,0,1
13077,0,1,1,0,1,1,0,1,1,0,1
13078,NA,NA,1,NA,NA,1,NA,NA,1,NA,1
13080,NA,NA,1,NA,NA,0,NA,NA,1,NA,1
13081,1,0,0,1,0,1,1,0,0,1,1
13082,NA,NA,0,NA,NA,1,NA,NA,0,NA,1
13084,NA,NA,1,NA,NA,1,NA,NA,1,NA,1
13085,NA,NA,1,NA,NA,0,NA,NA,1,NA,1
13086,NA,NA,0,NA,NA,0,NA,NA,1,NA,1
13087,NA,NA,1,NA,NA,1,NA,NA,1,NA,1
13088,NA,NA,0,NA,NA,0,NA,NA,0,NA,1
13091,NA,NA,0,NA,NA,0,NA,NA,0,NA,1
13092,NA,NA,0,NA,NA,0,NA,NA,0,NA,1
13098,NA,NA,0,NA,NA,0,NA,NA,0,NA,1
13101,NA,NA,0,NA,NA,0,NA,NA,0,NA,1
13102,NA,NA,1,NA,NA,1,NA,NA,1,NA,1
13103,0,1,1,0,1,1,0,1,1,1,1
13104,NA,NA,0,NA,NA,0,NA,NA,0,NA,1
13105,NA,NA,1,NA,NA,1,NA,NA,0,NA,1
13106,1,0,1,1,0,1,0,1,1,0,1
13107,NA,NA,1,NA,NA,1,NA,NA,0,NA,1
13109,NA,NA,1,NA,NA,1,NA,NA,1,NA,1
13110,0,1,1,0,1,1,0,1,1,1,1
13112,NA,NA,0,NA,NA,0,NA,NA,1,NA,1
13113,NA,NA,0,NA,NA,0,NA,NA,0,NA,1
13114,NA,NA,0,NA,NA,0,NA,NA,0,NA,1
13117,0,1,1,1,0,1,0,1,1,0,1
13118,NA,NA,0,NA,NA,0,NA,NA,0,NA,1
13119,NA,NA,1,NA,NA,1,NA,NA,1,NA,1
13201,0,1,1,0,1,1,0,1,1,1,1
13202,0,1,1,0,1,1,0,1,1,1,1
13203,0,1,1,0,1,1,0,1,1,1,1
13204,0,1,1,0,1,1,0,1,1,1,1
13205,0,1,1,0,1,1,0,1,1,1,1
13206,0,1,1,0,1,1,0,1,1,1,1
13207,0,1,1,0,1,1,0,1,1,0,1
13208,0,1,1,0,1,1,0,1,1,1,1
13209,0,1,1,0,1,1,0,1,1,1,1
13210,0,1,1,0,1,1,0,1,1,1,1
13211,0,1,1,0,1,1,0,1,1,0,1
13212,1,0,1,1,0,1,1,0,1,0,1
13213,0,1,1,0,1,1,0,1,1,0,1
13214,0,1,1,0,1,1,0,1,1,1,1
13215,0,1,1,0,1,1,0,1,1,0,1
13216,0,1,1,0,1,1,0,1,1,1,1
69003,NA,NA,1,NA,NA,1,NA,NA,1,NA,1
69029,0,1,1,0,1,1,0,1,1,1,1
69033,NA,NA,0,NA,NA,0,NA,NA,0,NA,1
69034,0,1,1,0,1,1,0,1,1,1,1
69040,NA,NA,1,NA,NA,1,NA,NA,1,NA,1
69044,NA,NA,0,NA,NA,0,NA,NA,0,NA,0
69046,NA,NA,0,NA,NA,0,NA,NA,0,NA,0
69063,NA,NA,1,NA,NA,1,NA,NA,1,NA,1
69068,NA,NA,1,NA,NA,1,NA,NA,1,NA,1
69069,1,0,1,0,1,1,1,0,1,1,1
69072,NA,NA,1,NA,NA,1,NA,NA,1,NA,1
69081,0,1,1,0,1,1,0,1,1,1,1
69087,NA,NA,1,NA,NA,1,NA,NA,1,NA,0
69088,NA,NA,1,NA,NA,1,NA,NA,1,NA,1
69089,0,1,1,0,1,1,0,1,1,1,1
69091,0,1,1,0,1,1,0,1,1,0,1
69096,NA,NA,1,NA,NA,1,NA,NA,1,NA,1
69100,NA,NA,1,NA,NA,1,NA,NA,1,NA,1
69116,NA,NA,1,NA,NA,1,NA,NA,1,NA,1
69117,NA,NA,1,NA,NA,1,NA,NA,1,NA,1
69127,NA,NA,1,NA,NA,1,NA,NA,1,NA,1
69142,NA,NA,1,NA,NA,1,NA,NA,1,NA,1
69143,NA,NA,1,NA,NA,1,NA,NA,1,NA,1
69149,0,1,1,0,1,1,0,1,1,1,1
69152,0,1,1,0,1,1,0,1,1,1,1
69163,NA,NA,1,NA,NA,1,NA,NA,0,NA,1
69191,NA,NA,1,NA,NA,1,NA,NA,1,NA,0
69194,NA,NA,0,NA,NA,0,NA,NA,1,NA,0
69199,0,1,1,0,1,1,0,1,1,1,1
69202,0,1,1,0,1,1,0,1,1,1,1
69204,0,1,1,0,1,1,0,1,1,1,1
69205,NA,NA,1,NA,NA,1,NA,NA,1,NA,1
69207,NA,NA,0,NA,NA,0,NA,NA,0,NA,1
69244,0,1,1,0,1,1,0,1,1,1,1
69250,NA,NA,0,NA,NA,0,NA,NA,0,NA,0
69256,0,1,1,0,1,1,0,1,1,1,1
69259,0,1,1,0,1,1,0,1,1,1,1
69260,NA,NA,1,NA,NA,1,NA,NA,1,NA,1
69266,0,1,1,0,1,1,0,1,1,1,1
69271,0,1,1,0,1,1,0,1,1,1,1
69273,0,1,1,0,1,1,1,0,1,0,1
69275,0,1,1,0,1,1,0,1,1,1,1
69276,NA,NA,1,NA,NA,1,NA,NA,1,NA,1
69278,NA,NA,1,NA,NA,1,NA,NA,1,NA,1
69279,NA,NA,1,NA,NA,1,NA,NA,1,NA,1
69282,0,1,1,0,1,1,0,1,1,0,1
69283,0,1,1,0,1,1,0,1,1,1,1
69284,NA,NA,0,NA,NA,1,NA,NA,0,NA,0
69286,0,1,1,0,1,1,0,1,1,0,1
69290,0,1,1,0,1,1,0,1,1,1,1
69292,NA,NA,1,NA,NA,0,NA,NA,1,NA,1
69293,NA,NA,0,NA,NA,0,NA,NA,0,NA,0
69296,NA,NA,1,NA,NA,1,NA,NA,1,NA,1
69381,0,1,1,0,1,1,0,1,1,1,1
69382,0,1,1,0,1,1,0,1,1,1,1
69383,0,1,1,0,1,1,0,1,1,1,1
69384,0,1,1,0,1,1,0,1,1,1,1
69385,0,1,1,0,1,1,0,1,1,1,1
69386,0,1,1,0,1,1,0,1,1,1,0
69387,0,1,1,0,1,1,0,1,1,1,1
69388,0,1,1,0,1,1,0,1,1,1,1
69389,0,1,1,0,1,1,0,1,1,1,1
75101,0,1,1,0,1,1,0,1,1,1,0
75102,0,1,1,0,1,1,0,1,1,1,0
75103,0,1,1,0,1,1,0,1,1,1,0
75104,0,1,1,0,1,1,0,1,1,1,0
75105,0,1,1,0,1,1,0,1,1,1,0
75106,0,1,1,0,1,1,0,1,1,1,0
75107,0,1,1,0,1,1,0,1,1,1,0
75108,0,1,1,0,1,1,0,1,1,1,0
75109,0,1,1,0,1,1,0,1,1,1,0
75110,0,1,1,0,1,1,0,1,1,1,0
75111,0,1,1,0,1,1,0,1,1,1,0
75112,0,1,1,0,1,1,0,1,1,1,1
75113,0,1,1,0,1,1,0,1,1,1,1
75114,0,1,1,0,1,1,0,1,1,1,0
75115,0,1,1,0,1,1,0,1,1,1,0
75116,0,1,1,0,1,1,0,1,1,1,0
75117,0,1,1,0,1,1,0,1,1,1,1
75118,0,1,1,0,1,1,0,1,1,1,1
75119,0,1,1,0,1,1,0,1,1,1,1
75120,0,1,1,0,1,1,0,1,1,1,1
83120,NA,NA,0,NA,NA,0,NA,NA,0,NA,1
84089,0,1,1,0,1,1,0,1,1,1,1
91027,0,1,1,0,1,1,0,1,1,1,1
91326,0,1,1,0,1,1,0,1,1,1,1
91432,0,1,1,0,1,1,0,1,1,1,1
91479,NA,NA,1,NA,NA,1,NA,NA,1,NA,1
91589,0,1,1,0,1,1,0,1,1,1,1
91687,0,1,1,0,1,1,0,1,1,1,1
92002,0,1,1,0,1,1,0,1,1,1,1
92004,0,1,1,0,1,1,0,1,1,1,1
92007,0,1,1,0,1,1,0,1,1,1,1
92009,0,1,1,0,1,1,0,1,1,1,1
92012,0,1,1,0,1,1,0,1,1,1,0
92014,0,1,1,0,1,1,0,1,1,1,0
92019,0,1,1,0,1,1,0,1,1,1,1
92020,0,1,1,0,1,1,0,1,1,1,1
92022,0,1,1,0,1,1,0,1,1,1,1
92023,0,1,1,0,1,1,0,1,1,1,1
92024,0,1,1,0,1,1,0,1,1,1,1
92025,0,1,1,0,1,1,0,1,1,1,1
92026,0,1,1,0,1,1,0,1,1,1,1
92032,0,1,1,0,1,1,0,1,1,1,1
92033,0,1,1,0,1,1,0,1,1,1,0
92035,0,1,1,0,1,1,0,1,1,1,1
92036,0,1,1,0,1,1,0,1,1,1,1
92040,0,1,1,0,1,1,0,1,1,1,0
92044,0,1,1,0,1,1,0,1,1,1,0
92046,0,1,1,0,1,1,0,1,1,1,1
92048,0,1,1,0,1,1,0,1,1,1,1
92049,0,1,1,0,1,1,0,1,1,1,0
92050,0,1,1,0,1,1,0,1,1,1,1
92051,0,1,1,0,1,1,0,1,1,1,0
92060,0,1,1,0,1,1,0,1,1,1,1
92062,0,1,1,0,1,1,0,1,1,1,1
92063,0,1,1,0,1,1,0,1,1,1,1
92064,0,1,1,0,1,1,0,1,1,1,0
92071,0,1,1,0,1,1,0,1,1,1,0
92072,0,1,1,0,1,1,0,1,1,1,0
92073,0,1,1,0,1,1,0,1,1,1,1
92075,0,1,1,0,1,1,0,1,1,1,0
92076,NA,NA,1,NA,NA,1,NA,NA,1,NA,0
92077,0,1,1,0,1,1,0,1,1,1,0
92078,0,1,1,0,1,1,0,1,1,0,1
93001,0,1,1,0,1,1,0,1,1,1,1
93005,0,1,1,0,1,1,0,1,1,1,1
93006,0,1,1,0,1,1,0,1,1,1,1
93007,0,1,1,0,1,1,0,1,1,1,1
93008,0,1,1,0,1,1,0,1,1,1,1
93010,0,1,1,0,1,1,0,1,1,1,1
93013,0,1,1,0,1,1,0,1,1,1,1
93014,0,1,1,0,1,1,0,1,1,0,1
93015,NA,NA,1,NA,NA,1,NA,NA,1,NA,1
93027,0,1,1,0,1,1,0,1,1,1,1
93029,0,1,1,0,1,1,0,1,1,1,1
93030,0,1,1,0,1,1,0,1,1,1,1
93031,0,1,1,0,1,1,0,1,1,1,1
93032,0,1,1,0,1,1,0,1,1,1,1
93033,NA,NA,1,NA,NA,1,NA,NA,1,NA,1
93039,NA,NA,1,NA,NA,1,NA,NA,1,NA,1
93045,0,1,1,0,1,1,0,1,1,1,1
93046,0,1,1,0,1,1,0,1,1,1,1
93047,0,1,1,0,1,1,0,1,1,0,1
93048,0,1,1,0,1,1,0,1,1,1,1
93049,0,1,1,0,1,1,0,1,1,1,1
93050,0,1,1,0,1,1,0,1,1,1,1
93051,0,1,1,0,1,1,0,1,1,1,1
93053,0,1,1,0,1,1,0,1,1,1,1
93055,0,1,1,0,1,1,0,1,1,1,1
93057,0,1,1,0,1,1,0,1,1,1,1
93059,0,1,1,0,1,1,0,1,1,1,1
93061,0,1,1,0,1,1,0,1,1,1,1
93062,0,1,1,0,1,1,0,1,1,1,1
93063,0,1,1,0,1,1,0,1,1,1,1
93064,0,1,1,0,1,1,0,1,1,1,1
93066,0,1,1,0,1,1,0,1,1,1,1
93070,0,1,1,0,1,1,0,1,1,1,1
93071,0,1,1,0,1,1,0,1,1,1,1
93072,0,1,1,0,1,1,0,1,1,1,1
93073,0,1,1,0,1,1,0,1,1,1,1
93074,NA,NA,1,NA,NA,1,NA,NA,1,NA,1
93077,0,1,1,0,1,1,0,1,1,1,1
93078,0,1,1,0,1,1,0,1,1,1,1
93079,0,1,1,0,1,1,0,1,1,1,1
94001,NA,NA,1,NA,NA,1,NA,NA,1,NA,1
94002,0,1,1,0,1,1,0,1,1,1,1
94003,0,1,1,0,1,1,0,1,1,1,1
94004,0,1,1,0,1,1,0,1,1,1,1
94011,0,1,1,0,1,1,0,1,1,1,1
94015,0,1,1,0,1,1,0,1,1,1,1
94016,0,1,1,0,1,1,0,1,1,1,1
94017,0,1,1,0,1,1,0,1,1,1,1
94018,0,1,1,0,1,1,0,1,1,1,1
94019,0,1,1,0,1,1,0,1,1,1,1
94021,0,1,1,0,1,1,0,1,1,1,1
94022,0,1,1,0,1,1,0,1,1,1,1
94028,0,1,1,0,1,1,0,1,1,1,1
94033,0,1,1,0,1,1,0,1,1,1,1
94034,0,1,1,0,1,1,0,1,1,1,1
94037,0,1,1,0,1,1,0,1,1,1,1
94038,0,1,1,0,1,1,0,1,1,1,1
94041,0,1,1,0,1,1,0,1,1,1,1
94042,0,1,1,0,1,1,0,1,1,1,1
94043,0,1,1,0,1,1,0,1,1,1,1
94044,0,1,1,0,1,1,0,1,1,0,1
94046,0,1,1,0,1,1,0,1,1,1,1
94047,NA,NA,1,NA,NA,1,NA,NA,1,NA,1
94048,NA,NA,1,NA,NA,1,NA,NA,1,NA,1
94052,0,1,1,0,1,1,0,1,1,1,0
94053,NA,NA,1,NA,NA,1,NA,NA,1,NA,1
94054,0,1,1,0,1,1,0,1,1,1,1
94055,0,1,1,0,1,1,0,1,1,1,1
94056,NA,NA,1,NA,NA,1,NA,NA,1,NA,1
94058,0,1,1,0,1,1,0,1,1,1,1
94059,0,1,1,0,1,1,0,1,1,1,1
94060,0,1,1,0,1,1,0,1,1,0,1
94065,NA,NA,1,NA,NA,1,NA,NA,1,NA,0
94067,0,1,1,0,1,1,0,1,1,1,0
94068,0,1,1,0,1,1,0,1,1,1,0
94069,0,1,1,0,1,1,0,1,1,1,1
94070,NA,NA,1,NA,NA,1,NA,NA,1,NA,1
94071,0,1,1,0,1,1,0,1,1,1,1
94073,0,1,1,0,1,1,0,1,1,1,1
94074,0,1,1,0,1,1,0,1,1,1,1
94075,0,1,1,0,1,1,0,1,1,0,1
94076,0,1,1,0,1,1,0,1,1,1,1
94077,0,1,1,0,1,1,0,1,1,1,1
94078,0,1,1,0,1,1,0,1,1,1,1
94079,0,1,1,0,1,1,0,1,1,1,1
94080,0,1,1,0,1,1,0,1,1,1,0
94081,0,1,1,0,1,1,0,1,1,1,1
95018,0,1,1,0,1,1,0,1,1,1,1
