"","X_CENTROID","Y_CENTROID","SUPERFICIE","SIREN"
"1",965024,6557601,11513,200000172
"2",317100,6720287,32717,200000438
"3",751848,6822642,10509,200000545
"4",837136,6353222,15058,200000628
"5",629474,6723462,34257,200000800
"6",866901,6682848,19518,200000925
"7",653115,6706394,97456,200000933
"8",1000962,6285572,40800,200004802
"9",620802,6737402,41726,200005932
"10",968641,6813763,32896,200005957
"11",835217,6656547,55881,200006682
"12",738015,6821854,29585,200006716
"13",761329,6403932,26227,200006930
"14",544761,6796608,28157,200006971
"15",607091,6598049,28636,200007052
"16",684706,6651820,25421,200007177
"17",889353,6670850,42658,200010650
"18",524487,6942990,57594,200010700
"19",952292,6571678,7782,200011773
"20",697909,6654081,29055,200011781
"21",1049016,6881863,19782,200013050
"22",1229325,6146523,47466,200015162
"23",823871,6434787,22385,200016905
"24",728078,6297876,55465,200017341
"25",635717,6810120,47310,200017846
"26",616346,7065490,24838,200018083
"27",931178,6471618,64735,200018166
"28",606226,6692638,49232,200018406
"29",607468,6612356,28017,200018521
"30",766604,6297083,57658,200022986
"31",989828,6693957,38524,200023075
"32",677113,6849827,6755,200023125
"33",669930,6796348,22392,200023240
"34",976550,6492842,16413,200023299
"35",515034,6365382,35582,200023307
"36",998328,6546792,35018,200023372
"37",557757,6925529,66414,200023414
"38",542931,6279106,23781,200023620
"39",574859,6378989,59433,200023737
"40",329873,6633022,29390,200023778
"41",417376,6453290,20514,200023794
"42",678035,6787631,33761,200023919
"43",917862,6588519,35084,200026573
"44",294569,6730399,35165,200027027
"45",647654,6637921,36167,200027076
"46",965430,6239813,43118,200027100
"47",688245,6181083,64666,200027183
"48",557062,6422924,23443,200027217
"49",863932,6741213,76548,200027308
"50",456909,6485474,61708,200029734
"51",886322,6555354,17043,200029999
"52",1037769,6319562,146373,200030195
"53",569141,6720723,79336,200030385
"54",434956,6291421,30240,200030435
"55",1039538,6800824,18577,200030526
"56",732112,7000875,37446,200030633
"57",909848,6421449,63552,200030658
"58",477860,6379395,67155,200030674
"59",692786,6671574,27800,200032514
"60",864311,6850227,40061,200033025
"61",681346,6876269,14461,200033090
"62",975953,6555399,20233,200033116
"63",626566,6846213,8505,200033173
"64",589923,6815452,86373,200033181
"65",446887,6788605,69137,200033298
"66",684660,7020049,30775,200033579
"67",1223258,6123236,64956,200033827
"68",982457,6761766,19417,200033868
"69",601164,6287206,26048,200034023
"70",652596,6309062,34098,200034031
"71",634840,6301606,26467,200034049
"72",623903,6287286,39731,200034056
"73",613049,6333372,25865,200034064
"74",982543,6561850,35014,200034098
"75",619862,6865696,9587,200034130
"76",472261,6426782,26541,200034197
"77",1232484,6160934,18542,200034205
"78",1028542,6818861,19166,200034270
"79",811179,6328993,47939,200034379
"80",780017,6316970,45273,200034411
"81",748759,6332330,43019,200034601
"82",1037642,6848471,13726,200034635
"83",826276,6342823,63326,200034692
"84",936185,6307914,84380,200034700
"85",811333,6844457,52671,200034718
"86",528757,6300547,42831,200034726
"87",612179,6563081,48245,200034825
"88",525615,6412616,66824,200034833
"89",897884,6870166,43056,200034874
"90",982873,6537565,43568,200034882
"91",572176,6300200,16233,200034957
"92",851574,6307022,25883,200035087
"93",503393,6831852,28203,200035103
"94",487513,6838258,34976,200035111
"95",797375,6352250,32178,200035129
"96",568647,6597909,51400,200035137
"97",794427,6560682,28013,200035202
"98",1003386,6271394,35252,200035319
"99",560509,6393805,24972,200035327
"100",689904,7002529,42755,200035442
"101",512034,6344298,48313,200035459
"102",455913,6428186,23807,200035533
"103",447927,6332757,106895,200035541
"104",455101,6290119,28016,200035632
"105",616381,6234639,48696,200035707
"106",653185,6235625,106760,200035715
"107",887527,6332758,40408,200035723
"108",775963,6552894,69480,200035731
"109",487235,6262421,38410,200035756
"110",608587,6770606,40102,200035764
"111",932225,6822333,35059,200035772
"112",442673,6853827,57274,200035814
"113",563057,6653571,27599,200035848
"114",609970,6248325,49678,200035855
"115",672674,6221042,82359,200035863
"116",623500,6891432,24286,200035970
"117",517393,6827005,40596,200036069
"118",988593,6245929,43395,200036077
"119",663623,6626118,38296,200036135
"120",914639,6749697,49194,200036150
"121",1007843,6752580,15761,200036465
"122",421513,6521767,47643,200036473
"123",1224331,6180821,18237,200036499
"124",517539,6390428,67655,200036523
"125",894790,6705745,49963,200036549
"126",526991,6349344,16940,200036572
"127",698427,6985055,46620,200037059
"128",722160,6835151,60493,200037133
"129",1198242,6104939,65808,200038958
"130",322020,6799992,33271,200038990
"131",385213,6784298,88001,200039022
"132",832287,6691187,31957,200039055
"133",838893,6707923,42603,200039063
"134",403959,6266500,73389,200039204
"135",563871,6360690,35042,200039519
"136",781285,6748833,79170,200039642
"137",777621,6724888,52883,200039709
"138",763338,6710347,72611,200039758
"139",809384,6371952,41461,200039808
"140",798480,6398227,26695,200039824
"141",789214,6368992,33110,200039832
"142",1009001,6300564,49164,200039857
"143",930280,6893689,30618,200039865
"144",940615,6881233,24965,200039907
"145",1021102,6280744,9752,200039915
"146",1017734,6328448,88032,200039931
"147",932094,6907017,12657,200039949
"148",856631,6644798,31873,200040038
"149",501609,6449003,28734,200040095
"150",917793,6485432,35614,200040111
"151",811389,6817255,44272,200040137
"152",1060737,6881219,11990,200040178
"153",936849,6282114,64941,200040202
"154",966941,6294859,55766,200040210
"155",429027,6642905,124825,200040244
"156",715334,6816958,42328,200040251
"157",576339,6848588,106377,200040277
"158",822475,6600897,45075,200040293
"159",907789,6525745,54366,200040350
"160",476040,6441289,23761,200040384
"161",522287,6450056,101843,200040392
"162",494733,6469548,68585,200040400
"163",544514,6354656,45202,200040418
"164",729685,6964196,32916,200040426
"165",876928,6305156,36089,200040442
"166",846726,6389168,38266,200040459
"167",465496,6768484,46373,200040475
"168",848765,6460829,42366,200040491
"169",873179,6401122,23666,200040509
"170",582975,6666799,50630,200040558
"171",810775,6544565,56006,200040566
"172",827579,6536209,24471,200040574
"173",826987,6547287,16786,200040590
"174",892036,6313137,64033,200040624
"175",924273,6427426,67589,200040657
"176",853280,6370477,37312,200040681
"177",914606,6453863,54254,200040715
"178",1214761,6069383,58846,200040764
"179",562219,6762239,38757,200040772
"180",985148,6487753,43085,200040798
"181",578105,6505118,32863,200040814
"182",569233,6426492,32674,200040830
"183",506806,6406034,26780,200040889
"184",632203,6330231,48506,200040905
"185",667572,7073682,63689,200040947
"186",656605,7089931,45072,200040954
"187",944226,6493974,31563,200041010
"188",544558,6413051,25612,200041051
"189",555677,6455001,58161,200041150
"190",544968,6434587,48225,200041168
"191",1072527,6882122,14927,200041283
"192",430176,6580900,80034,200041317
"193",1066286,6866020,15763,200041325
"194",454509,6619787,82640,200041333
"195",841884,6427493,20169,200041366
"196",458773,6639128,19626,200041416
"197",553875,6404472,38526,200041440
"198",810143,6426122,48893,200041465
"199",400294,6579504,44157,200041499
"200",924334,6869315,26928,200041515
"201",433021,6484075,174717,200041523
"202",619591,6585264,33742,200041556
"203",513441,6480696,40281,200041572
"204",405865,6562615,45291,200041614
"205",798096,6970896,43312,200041622
"206",831828,6961573,54933,200041630
"207",434457,6544227,141134,200041689
"208",938852,6760302,43093,200041721
"209",393370,6544762,42646,200041762
"210",941482,6715074,23880,200041853
"211",949855,6738260,37139,200041861
"212",931856,6744275,36715,200041879
"213",909511,6691089,30321,200041887
"214",711051,7045944,31235,200041960
"215",454836,6593893,34696,200041994
"216",972949,6795093,22156,200042000
"217",227162,6764525,73270,200042174
"218",460029,6817118,54693,200042182
"219",727813,7030278,37392,200042190
"220",522232,6277163,40392,200042372
"221",873409,6630745,28310,200042414
"222",644488,6253225,29756,200042463
"223",841126,6542569,18099,200042497
"224",371613,6869328,28611,200042604
"225",814275,6892264,47971,200042620
"226",710236,6284453,45946,200042646
"227",698223,6254119,31420,200042653
"228",833863,6887739,83395,200042703
"229",388199,6925774,30278,200042729
"230",843569,6363221,28933,200042901
"231",899292,6564105,61063,200042935
"232",1222755,6218509,30861,200042943
"233",824740,6839755,28826,200042992
"234",480528,6550402,40261,200043016
"235",549156,6706608,25310,200043065
"236",487308,6678652,34746,200043081
"237",246576,6743818,52440,200043123
"238",792557,6932805,81589,200043156
"239",577489,6457626,80796,200043172
"240",769559,7005010,41946,200043263
"241",748986,7016770,46830,200043321
"242",392693,6869827,29653,200043354
"243",768862,7017532,34548,200043396
"244",779824,6996057,17993,200043404
"245",808019,6865611,49206,200043438
"246",745835,6937737,30858,200043495
"247",698723,6159148,29486,200043602
"248",498309,6598468,37693,200043628
"249",890415,6932113,24367,200043693
"250",627620,6195815,93390,200043776
"251",436094,6384335,82601,200043974
"252",449455,6370994,60729,200043982
"253",333374,6768867,50388,200043990
"254",632935,6533050,61423,200044014
"255",628847,7033051,50198,200044030
"256",700460,7018344,33316,200044048
"257",857967,6813884,69805,200044253
"258",457350,6390897,32602,200044394
"259",607621,6217270,33699,200044469
"260",708299,7027832,23638,200044618
"261",842463,6521302,53724,200046977
"262",400356,6760056,64622,200048551
"263",871346,6903301,29521,200049187
"264",649891,6165539,78591,200049211
"265",649751,6613335,85873,200049484
"266",655704,6859932,81489,200054781
"267",891573,6268483,315832,200054807
"268",581563,6741867,51784,200055481
"269",666651,6881035,34221,200055655
"270",435894,6809453,62675,200055887
"271",643328,6844216,18693,200056232
"272",650264,6878859,7479,200056380
"273",646757,6834243,13342,200057859
"274",672614,6861017,9631,200057958
"275",569017,6809697,45591,200058360
"276",661826,6844178,6685,200058477
"277",642448,6878552,8691,200058485
"278",635495,6867205,11490,200058519
"279",625743,6853766,12007,200058782
"280",663442,6834854,21571,200059228
"281",874961,6478758,65805,200059392
"282",535091,6529872,34002,200059400
"283",613346,6876176,50848,200059889
"284",397797,6689534,131821,200060010
"285",474221,6908777,28057,200065563
"286",468485,6896954,16712,200065589
"287",454661,6905066,34961,200065597
"288",985180,6713607,44986,200065647
"289",525061,6917295,31663,200065787
"290",779691,6503507,131430,200065886
"291",798098,6516988,55561,200065894
"292",231117,6865668,90113,200065928
"293",1025622,6749825,43911,200066009
"294",516515,6903799,40882,200066017
"295",1036549,6775341,32891,200066025
"296",1008742,6733451,23028,200066033
"297",1023225,6726159,43330,200066041
"298",1034372,6732074,27000,200066058
"299",869767,6834798,73993,200066108
"300",854332,6902659,49438,200066116
"301",607757,6313417,118647,200066124
"302",858066,6928740,44267,200066132
"303",865291,6871274,66390,200066140
"304",890520,6842803,71148,200066157
"305",871314,6886604,35069,200066165
"306",883140,6918966,49671,200066173
"307",566517,6229527,38452,200066223
"308",586217,6229867,41859,200066231
"309",643059,6787381,49118,200066280
"310",546278,6327657,45021,200066322
"311",663471,6679483,69323,200066330
"312",683716,6259680,78393,200066348
"313",754769,6263227,37477,200066355
"314",599600,6183625,109046,200066363
"315",598457,6420815,126154,200066371
"316",401844,6897149,79455,200066389
"317",538374,6918343,34126,200066405
"318",528883,6890113,90315,200066413
"319",541399,6858917,70908,200066462
"320",571540,6548171,61845,200066512
"321",536159,6516898,42180,200066520
"322",676626,6286575,79511,200066553
"323",651631,6285844,46445,200066561
"324",813172,6510788,39876,200066587
"325",574861,6482432,25565,200066603
"326",700541,6454985,90435,200066637
"327",608998,6496624,51650,200066645
"328",560664,6310626,43924,200066652
"329",702196,6430368,138117,200066660
"330",644353,6413831,105164,200066678
"331",452246,6882390,35671,200066710
"332",447145,6894366,13065,200066728
"333",643874,6496916,182690,200066744
"334",620385,6445488,65393,200066751
"335",600582,6439205,38178,200066769
"336",294878,6780444,73307,200066777
"337",304304,6761549,64137,200066785
"338",941446,6533044,53760,200066793
"339",415869,6915292,59171,200066801
"340",556972,6241908,41084,200066819
"341",503979,6923969,19556,200066827
"342",751536,6841489,76344,200066835
"343",756718,6879622,58322,200066850
"344",155132,6822901,28266,200066868
"345",793982,6873791,81115,200066876
"346",583255,6326995,33755,200066884
"347",820011,6801352,44761,200066892
"348",786474,6337937,92524,200066918
"349",505092,6293068,60596,200066926
"350",673463,6901385,19772,200066975
"351",377741,6888735,50770,200067023
"352",374893,6913415,48896,200067031
"353",1180643,6136029,92325,200067049
"354",640679,6387078,18583,200067064
"355",178780,6862919,24865,200067072
"356",757239,6740869,59190,200067080
"357",361651,6250994,299888,200067106
"358",743526,6742478,43729,200067114
"359",561587,6337617,22047,200067122
"360",720300,6728029,172781,200067130
"361",685676,6316416,43191,200067155
"362",684301,6302528,65429,200067163
"363",679750,6403660,86336,200067171
"364",612494,6542716,88297,200067189
"365",194795,6829241,39688,200067197
"366",372160,6944781,142129,200067205
"367",771558,6905495,143681,200067213
"368",263888,6771585,62731,200067221
"369",429214,6272459,52471,200067239
"370",174386,6813042,42444,200067247
"371",424670,6250711,34386,200067254
"372",405358,6231929,107048,200067262
"373",386546,6261576,44433,200067288
"374",443404,6259064,58342,200067296
"375",751702,6766468,46779,200067304
"376",952854,6383561,24399,200067320
"377",324359,6681683,52543,200067346
"378",616844,6394842,128525,200067361
"379",828573,6856694,45235,200067379
"380",734880,6704098,50468,200067429
"381",955325,6338751,159851,200067437
"382",923094,6387301,71772,200067445
"383",995693,6407045,75308,200067452
"384",275980,6806013,115460,200067460
"385",674081,6383358,64586,200067478
"386",951539,6923630,33275,200067486
"387",971753,6886906,34761,200067502
"388",642084,6572864,99175,200067544
"389",960717,6585333,23874,200067551
"390",650156,6543797,96688,200067593
"391",727704,6514297,27034,200067627
"392",369783,6674800,31150,200067635
"393",950413,6826010,27180,200067643
"394",957384,6906657,25275,200067650
"395",696356,6768791,50000,200067668
"396",672496,6757094,75443,200067676
"397",773175,6872359,58794,200067684
"398",746876,6688294,76803,200067692
"399",732781,6637585,53033,200067700
"400",973364,6388793,62237,200067742
"401",816375,6973630,41463,200067759
"402",882824,6434947,47724,200067767
"403",1023313,6872146,36078,200067783
"404",586573,6211733,44752,200067791
"405",824766,6565068,45509,200067817
"406",938873,6378859,34989,200067825
"407",1003308,6875562,38419,200067841
"408",375066,6686860,27748,200067866
"409",1045840,6864611,39799,200067874
"410",759009,6646835,121379,200067882
"411",771895,6675362,97276,200067890
"412",734419,6659921,65274,200067908
"413",704847,6696500,71843,200067916
"414",1042994,6819108,27217,200067924
"415",268354,6744505,79958,200067932
"416",549587,6209436,164667,200067940
"417",944664,6897248,25578,200067957
"418",685805,6919378,26483,200067965
"419",645961,6909141,30680,200067973
"420",240916,6846654,112386,200067981
"421",636431,6929589,54194,200067999
"422",646874,6945511,39809,200068005
"423",658495,6906938,8384,200068047
"424",929090,6667685,65586,200068070
"425",716731,6676146,59379,200068088
"426",947528,6406040,79493,200068096
"427",942634,6261612,95379,200068104
"428",1024188,6856175,24496,200068112
"429",172188,6796055,47944,200068120
"430",994824,6854129,83143,200068146
"431",885919,6361353,109193,200068229
"432",684894,6725666,55087,200068278
"433",962071,6711075,37958,200068294
"434",934818,6803275,47628,200068369
"435",966980,6772893,26172,200068377
"436",535999,6813973,39036,200068435
"437",432556,6832093,33836,200068443
"438",477071,6856486,72126,200068450
"439",521085,6850474,55067,200068468
"440",696628,6370722,74141,200068484
"441",715628,7007081,41295,200068500
"442",558306,6964797,47630,200068534
"443",882631,6515610,61981,200068542
"444",903706,6810569,73058,200068559
"445",895713,6496371,34078,200068567
"446",986100,6326162,173639,200068625
"447",559430,6266527,32143,200068641
"448",859732,6786196,93223,200068658
"449",842850,6829981,94272,200068666
"450",924852,6519767,34857,200068674
"451",915241,6795347,41640,200068682
"452",952203,6795781,112693,200068757
"453",924885,6364129,149385,200068765
"454",919329,6779259,69549,200068773
"455",862108,6435160,90978,200068781
"456",419756,6872413,79868,200068799
"457",573561,6251421,31525,200068807
"458",542293,6247852,57442,200068815
"459",650696,6347546,58294,200068831
"460",535815,6832219,39011,200068856
"461",1027679,6845222,17607,200068864
"462",590463,6608714,45501,200068872
"463",614798,6652846,71605,200068880
"464",499842,6512818,44646,200068914
"465",493763,6358947,38159,200068922
"466",535290,6373875,45301,200068930
"467",486874,6340225,74525,200068948
"468",449826,6728584,44597,200068955
"469",491485,6784408,18844,200068963
"470",320070,6828363,95553,200068989
"471",965284,6515160,76452,200068997
"472",804351,6778625,81548,200069003
"473",608070,7042463,40487,200069029
"474",644526,7065327,54763,200069037
"475",993401,6732869,25793,200069052
"476",992232,6743780,17427,200069060
"477",257690,6848384,42031,200069086
"478",499282,6437755,39176,200069094
"479",745278,6399035,50936,200069102
"480",934724,6505522,52315,200069110
"481",762047,6377739,71894,200069128
"482",764508,6348880,61899,200069136
"483",709639,6407380,54837,200069144
"484",741429,6353696,90943,200069151
"485",680357,6503605,69346,200069169
"486",714117,6507444,30884,200069177
"487",726438,6415828,43610,200069185
"488",856641,6552233,63525,200069193
"489",682937,6697502,69420,200069227
"490",630021,7049013,42387,200069235
"491",779234,6795856,89330,200069250
"492",717776,6372789,58375,200069268
"493",457415,6232602,61849,200069300
"494",620044,6364232,67030,200069383
"495",295536,6828747,83801,200069391
"496",268282,6834992,60523,200069409
"497",373363,6284070,39173,200069417
"498",390520,6848414,154405,200069425
"499",982287,6836625,44986,200069433
"500",1019223,6893747,60188,200069441
"501",500628,6860988,53388,200069458
"502",666541,7018436,55786,200069482
"503",440216,6910672,19707,200069516
"504",431781,6890915,42292,200069524
"505",497135,6893198,94872,200069532
"506",860441,6699665,12592,200069540
"507",949483,6633411,42009,200069565
"508",434757,6398188,31123,200069581
"509",455112,6404443,43915,200069599
"510",893045,6634948,43405,200069615
"511",926593,6632079,62658,200069623
"512",392481,6299099,31287,200069631
"513",416892,6290626,58927,200069649
"514",406558,6351138,179218,200069656
"515",883413,6792434,82971,200069664
"516",648818,7030744,62448,200069672
"517",842430,6602017,21831,200069698
"518",602063,6974994,46633,200069722
"519",597651,6939501,61218,200069730
"520",437424,6607198,51967,200069748
"521",460370,6568693,106177,200069755
"522",482435,6625549,56226,200069763
"523",515683,6963083,20900,200069821
"524",535171,6969075,39093,200069839
"525",544730,6957160,25381,200069847
"526",498309,6610332,107131,200069854
"527",551144,6836577,31651,200069912
"528",601278,6828708,40539,200069953
"529",570258,6780917,77129,200069961
"530",398177,6471364,50615,200069995
"531",494319,6572285,82584,200070035
"532",530259,6591170,199857,200070043
"533",584005,6958268,49033,200070068
"534",449572,6435694,57183,200070092
"535",652368,6739728,59449,200070100
"536",839672,6559472,15784,200070118
"537",770390,6823740,38800,200070126
"538",583522,6921016,27595,200070142
"539",609468,6792772,89153,200070159
"540",554726,6812791,34943,200070167
"541",598660,6751524,66221,200070183
"542",371500,6662082,28884,200070233
"543",475943,6477666,75705,200070282
"544",906358,6920863,21192,200070290
"545",835935,6581467,29956,200070308
"546",773197,6616451,86642,200070316
"547",968321,6830363,45448,200070324
"548",895667,6750920,80942,200070332
"549",996096,6465804,95700,200070340
"550",680480,6200700,56412,200070365
"551",511772,6743379,53878,200070373
"552",717851,6489189,100022,200070407
"553",885989,6455428,59579,200070431
"554",571368,6939433,54566,200070449
"555",960979,6467132,33444,200070464
"556",554124,6509769,39627,200070506
"557",450136,6512135,74678,200070514
"558",799821,6649345,125631,200070530
"559",799917,6575546,28944,200070548
"560",849278,6572950,21287,200070555
"561",912199,6851465,45867,200070563
"562",632239,6667838,20911,200070571
"563",941551,6860278,34782,200070589
"564",496795,6419439,57955,200070647
"565",353764,6760454,46638,200070662
"566",356164,6837282,32675,200070670
"567",371075,6819991,32880,200070688
"568",745096,6528081,62474,200070712
"569",383231,6480180,111241,200070720
"570",913060,6879432,46014,200070738
"571",993956,6892203,34171,200070746
"572",710909,6532049,40633,200070753
"573",754078,6492384,122988,200070761
"574",684746,6831224,36640,200070779
"575",483720,6227175,43203,200070787
"576",491019,6246582,33279,200070795
"577",473400,6241039,26245,200070803
"578",449338,6210059,100368,200070811
"579",499441,6215582,30688,200070829
"580",909533,6903951,39596,200070845
"581",923719,6550215,27369,200070852
"582",847329,6675892,48197,200070894
"583",879799,6686939,38522,200070902
"584",856697,6726251,31411,200070910
"585",682243,6970076,29410,200070928
"586",619907,7012167,78371,200070936
"587",602105,6997714,19004,200070944
"588",648533,7001345,54149,200070951
"589",659784,6961896,38778,200070969
"590",677784,6954210,38823,200070977
"591",698480,6965076,25930,200070985
"592",612886,6998319,40083,200070993
"593",805584,6703589,76305,200071017
"594",914031,6322607,48218,200071025
"595",927377,6342650,30725,200071033
"596",776751,6771165,58935,200071041
"597",717358,6267121,35475,200071058
"598",994937,6808503,98017,200071066
"599",594009,6880046,14170,200071074
"600",668134,6573917,37758,200071082
"601",895173,6621210,19723,200071116
"602",724286,6612516,133996,200071140
"603",982643,6778534,50248,200071157
"604",337464,6617233,11616,200071165
"605",807605,6672634,47447,200071173
"606",622394,6972445,89691,200071181
"607",722348,6545378,35440,200071199
"608",821209,6677964,49815,200071207
"609",671575,6522622,84341,200071215
"610",637229,6990175,31493,200071223
"611",595541,6263272,62187,200071298
"612",550177,6294661,37871,200071314
"613",740296,6556901,74244,200071363
"614",848823,6589711,25979,200071371
"615",713986,6568942,91796,200071389
"616",832574,6392747,28344,200071405
"617",827165,6412306,60442,200071413
"618",570059,6874915,66085,200071454
"619",750640,6585950,109450,200071470
"620",704712,6599510,74038,200071496
"621",520128,6805124,36466,200071504
"622",687785,6582838,73073,200071512
"623",428715,6850155,36713,200071520
"624",856282,6615512,39768,200071538
"625",342287,6663268,35076,200071546
"626",427795,6700941,61375,200071553
"627",871513,6614791,51292,200071579
"628",542591,6663991,181950,200071587
"629",910141,6646979,60143,200071595
"630",326697,6655934,44487,200071629
"631",819413,6583239,24299,200071645
"632",463679,6835624,23253,200071652
"633",418096,6671740,78559,200071678
"634",871747,6577953,122621,200071751
"635",725122,6935821,27893,200071769
"636",789671,6827466,60995,200071777
"637",721097,6948798,38571,200071785
"638",517489,6499059,57500,200071819
"639",479023,6508674,64479,200071827
"640",600291,6912773,34683,200071843
"641",656501,6781436,43390,200071850
"642",421639,6730782,58614,200071868
"643",466194,6688726,122122,200071876
"644",791321,6596646,94499,200071884
"645",718467,6967710,29571,200071892
"646",358253,6606526,50678,200071900
"647",376681,6647836,32651,200071918
"648",636288,6215443,80718,200071926
"649",405003,6606615,45144,200071934
"650",554491,6569136,117816,200071942
"651",981462,6590463,32174,200071967
"652",744663,6983296,33289,200071983
"653",712091,6912043,53829,200071991
"654",784266,6407262,68070,200072007
"655",832000,6463905,31920,200072015
"656",478202,6535108,59196,200072023
"657",732236,6888793,88910,200072031
"658",513297,6538854,132472,200072049
"659",885351,6604087,19024,200072056
"660",576861,6694042,73261,200072064
"661",547346,6742383,103219,200072072
"662",681518,6555581,68645,200072080
"663",700330,6545198,42876,200072098
"664",461338,6260625,53061,200072106
"665",691785,6874129,21490,200072130
"666",990029,6375237,102282,200072304
"667",584385,6890954,67717,200072312
"668",505027,6264023,51957,200072320
"669",671475,6812499,43803,200072346
"670",387889,6816892,48915,200072452
"671",668728,7047913,64930,200072460
"672",623114,7080724,19189,200072478
"673",721423,6859290,39601,200072544
"674",504812,6203275,65459,200072635
"675",517007,6239176,99359,200072643
"676",516121,6687185,48790,200072650
"677",506337,6666105,68580,200072668
"678",502479,6802342,60175,200072676
"679",510401,6772207,40369,200072684
"680",528487,6762692,40113,200072692
"681",482808,6802742,47250,200072700
"682",473079,6785328,41820,200072718
"683",368119,6740960,88440,200072726
"684",329913,6705993,31329,200072734
"685",876380,6708167,42461,200072825
"686",693286,6845692,33430,200072874
"687",350576,6643824,49184,200072882
"688",496065,6707003,76149,200072981
"689",879519,6762054,70067,200072999
"690",655703,6888377,12241,200073013
"691",843579,6445053,50279,200073096
"692",1193045,6183114,39126,200073104
"693",490832,6737657,54554,200073112
"694",1217641,6191671,38912,200073120
"695",1211412,6161866,90976,200073138
"696",527552,6220877,51191,200073146
"697",535847,6703729,21333,200073161
"698",517396,6720873,50761,200073237
"699",808845,6396465,31809,200073245
"700",1226409,6168841,23449,200073252
"701",383238,6605421,95085,200073260
"702",614782,6835340,63615,200073344
"703",739534,6446527,109105,200073393
"704",784686,6429445,46179,200073401
"705",764560,6449585,133147,200073419
"706",786108,6466575,35157,200073427
"707",845000,6493164,41870,200077014
"708",414963,6782792,69499,200083392
"709",501092,6945859,51685,200084952
"710",725722,6466851,42595,200085728
"711",849184,6478544,41104,200085751
"712",567996,6903299,51418,200089456
"713",703986,6862823,56411,200090504
"714",625900,6679215,50904,200090561
"715",903061,6603005,99238,200090579
"716",617516,7091547,18583,200090751
"717",702086,7059539,67538,200093201
"718",860787,6531084,12745,240100610
"719",931899,6578358,40420,240100750
"720",852895,6528538,6553,240100800
"721",882607,6535271,71316,240100883
"722",914526,6562428,17963,240100891
"723",759862,6975811,72867,240200444
"724",750954,6955972,43247,240200469
"725",723818,6920181,18143,240200477
"726",718094,6980305,45129,240200493
"727",738428,6919737,39736,240200501
"728",727316,6907329,23261,240200519
"729",764765,6933458,57140,240200576
"730",723179,6876002,23688,240200584
"731",752807,6927513,17945,240200592
"732",779315,6975329,35126,240200600
"733",778590,6957906,25840,240200634
"734",749658,6570231,33398,240300491
"735",679915,6614164,49580,240300558
"736",669951,6596276,19118,240300566
"737",654803,6592134,38138,240300657
"738",924577,6327569,31157,240400440
"739",982213,6432957,87723,240500439
"740",978360,6416459,52203,240500462
"741",1060766,6320374,65996,240600551
"742",1024874,6299671,48651,240600585
"743",1049148,6311771,21537,240600593
"744",792706,6380140,27954,240700302
"745",801740,6384668,9275,240700617
"746",826345,6451358,14816,240700716
"747",820680,6389958,22064,240700815
"748",827204,6366703,26327,240700864
"749",826082,6997115,27461,240800821
"750",853652,6948342,52727,240800847
"751",810870,6947014,101788,240800862
"752",829946,6921736,119807,240800920
"753",584736,6194536,22325,240900431
"754",603983,6203974,33088,240900464
"755",794522,6809223,32337,241000223
"756",827253,6791463,35227,241000405
"757",755376,6789863,31874,241000447
"758",750918,6809629,44052,241000488
"759",696173,6230840,93381,241100593
"760",665338,6362546,20705,241200187
"761",664080,6328306,31051,241200542
"762",711252,6338952,51663,241200567
"763",645887,6371051,16266,241200625
"764",657366,6378922,41535,241200641
"765",674711,6352968,26548,241200658
"766",635285,6373718,18725,241200674
"767",684485,6345018,49336,241200765
"768",636128,6353401,26281,241200807
"769",713773,6317037,65465,241200906
"770",685709,6331264,44350,241200914
"771",847230,6295487,32058,241300375
"772",834470,6290725,144329,241300417
"773",487637,6919339,11928,241400415
"774",466015,6873540,49184,241400514
"775",431288,6914923,20027,241400555
"776",452742,6915916,6107,241400860
"777",493894,6910022,32016,241400878
"778",657952,6428229,49437,241500230
"779",676107,6464561,45858,241500255
"780",651183,6460432,22797,241500271
"781",660230,6473789,32861,241501055
"782",671911,6427794,23702,241501089
"783",655210,6447547,64382,241501139
"784",463498,6524647,22669,241600303
"785",386374,6569379,33223,241700434
"786",360108,6576021,8546,241700459
"787",404620,6531797,27311,241700517
"788",367832,6545686,17540,241700624
"789",411260,6508374,26533,241700632
"790",392611,6510765,60107,241700640
"791",385914,6528984,16084,241700699
"792",673367,6662628,36461,241800374
"793",670105,6642550,33852,241800424
"794",690359,6636838,27210,241800432
"795",639485,6652162,23458,241800457
"796",652912,6660975,42013,241800507
"797",624655,6474288,47432,241900133
"798",605880,6467239,85480,241927201
"799",587566,6484653,33782,241927243
"800",1226447,6200190,6927,242000354
"801",1211609,6089520,68441,242000495
"802",1194036,6119317,38283,242000503
"803",1180765,6116520,27164,242010056
"804",1196087,6082901,52883,242010130
"805",1209913,6144928,36165,242020071
"806",1180550,6176717,56615,242020105
"807",856241,6715115,37398,242100154
"808",854572,6691372,24031,242100410
"809",823455,6746186,181899,242101434
"810",790150,6694232,26885,242101442
"811",817193,6713178,31603,242101459
"812",800843,6726695,43160,242101491
"813",866939,6664569,38175,242101509
"814",236733,6816311,70521,242200715
"815",585402,6576620,27417,242300135
"816",594233,6558256,38933,242320000
"817",598761,6582534,34133,242320109
"818",537188,6485580,51366,242400752
"819",474665,6457542,24372,242400935
"820",549630,6473217,54605,242401024
"821",958585,6661604,19885,242500320
"822",954055,6650310,15473,242500338
"823",926510,6687158,51996,242500361
"824",973149,6667898,16268,242504116
"825",958854,6681303,64505,242504181
"826",979634,6679589,14953,242504355
"827",971325,6695198,23049,242504371
"828",948300,6699443,34986,242504447
"829",939244,6655130,20538,242504488
"830",942148,6645453,17893,242504496
"831",859945,6405084,59371,242600252
"832",865002,6385103,37171,242600492
"833",891393,6396221,116460,242600534
"834",549555,6877667,26015,242700276
"835",551601,6896758,30600,242700607
"836",582455,6790058,34141,242852465
"837",131265,6844578,32095,242900074
"838",147497,6838431,21819,242900314
"839",147464,6852759,27288,242900553
"840",194604,6807456,40953,242900561
"841",138698,6798245,17809,242900629
"842",156059,6799855,10650,242900645
"843",174235,6779981,13001,242900660
"844",208876,6776115,60751,242900694
"845",158541,6774704,16742,242900702
"846",153824,6788151,21185,242900710
"847",212339,6816249,25807,242900744
"848",178026,6847271,40666,242900751
"849",189259,6780382,37228,242900769
"850",159545,6857505,20329,242900793
"851",166023,6837622,37515,242900801
"852",200530,6852766,65320,242900835
"853",744783,6318766,37008,243000270
"854",789336,6303974,19473,243000296
"855",797893,6294858,8143,243000569
"856",825962,6299991,20540,243000585
"857",803034,6287901,20485,243000593
"858",805881,6308883,79260,243000643
"859",797677,6272285,20539,243000650
"860",826863,6317053,25588,243000684
"861",573128,6284096,46137,243100518
"862",616535,6263988,35390,243100567
"863",580813,6266628,25023,243100633
"864",586221,6290200,21003,243100732
"865",583226,6304419,14728,243100773
"866",555208,6280918,10000,243100781
"867",578397,6290183,4824,243100815
"868",510162,6314962,68683,243200391
"869",453426,6301973,31791,243200409
"870",487905,6317116,49967,243200417
"871",483101,6274925,29025,243200425
"872",461131,6311302,53640,243200458
"873",467541,6275956,29990,243200508
"874",531720,6265890,32794,243200599
"875",481071,6293674,37885,243200607
"876",416309,6426186,57642,243300316
"877",373969,6398032,32260,243300563
"878",417320,6466280,25303,243300811
"879",404360,6414453,23228,243301165
"880",431712,6452150,21253,243301181
"881",435934,6413500,12387,243301215
"882",425806,6444413,15625,243301223
"883",429627,6427657,8289,243301249
"884",421036,6405040,33084,243301264
"885",430055,6420346,6827,243301355
"886",476576,6414214,22267,243301371
"887",392820,6438162,63880,243301389
"888",437149,6435630,13337,243301397
"889",398010,6389023,54674,243301405
"890",427747,6411828,8738,243301439
"891",410862,6443864,18442,243301447
"892",457480,6418022,22869,243301454
"893",383784,6411126,59937,243301504
"894",771389,6282438,43928,243400017
"895",732183,6278712,23715,243400355
"896",783024,6279905,15299,243400470
"897",711298,6247072,17244,243400488
"898",787642,6291553,14993,243400520
"899",744155,6282384,48221,243400694
"900",758567,6315974,24198,243400736
"901",722459,6252957,30553,243400769
"902",735628,6259469,38859,243400819
"903",348575,6790367,71089,243500139
"904",330517,6794152,19637,243500550
"905",326666,6782105,29817,243500618
"906",372095,6765502,37394,243500634
"907",366647,6784345,10960,243500659
"908",353735,6807602,29981,243500667
"909",325246,6844812,11460,243500725
"910",343322,6819122,41716,243500733
"911",323076,6743938,99530,243500741
"912",369377,6801976,25396,243500774
"913",339119,6843270,24455,243500782
"914",602449,6678362,24940,243600202
"915",626785,6653673,31403,243600236
"916",595237,6655195,30279,243600293
"917",583022,6641063,48948,243600301
"918",560863,6616759,84142,243600319
"919",604604,6632649,54257,243600327
"920",561323,6637898,47727,243600343
"921",627137,6608097,64677,243600350
"922",541150,6722598,35254,243700499
"923",521624,6701711,38931,243700754
"924",549927,6691773,32883,243700820
"925",875303,6500665,24877,243800604
"926",941650,6446165,83413,243800745
"927",866747,6520431,6201,243800935
"928",902286,6480968,37389,243800984
"929",902196,6450041,25526,243801024
"930",889300,6481985,15533,243801073
"931",861840,6501200,13699,243801255
"932",934257,6601974,9890,243900354
"933",904680,6659995,27377,243900420
"934",930749,6607029,14802,243900479
"935",902055,6680074,25937,243900560
"936",924786,6612581,12928,243900610
"937",883740,6652677,21077,243901089
"938",366511,6351184,36118,244000543
"939",347878,6281582,15209,244000659
"940",372578,6298276,34512,244000675
"941",388913,6330962,41651,244000691
"942",394056,6313172,59969,244000766
"943",436524,6315151,21524,244000774
"944",419474,6319058,48165,244000808
"945",429277,6305332,16552,244000824
"946",362069,6325933,61140,244000857
"947",351545,6296665,61268,244000865
"948",372983,6369512,74021,244000873
"949",399080,6285664,18831,244000881
"950",545061,6768327,29587,244100293
"951",608440,6715929,57851,244100780
"952",590316,6723299,44021,244100798
"953",628518,6700987,49812,244100806
"954",777388,6530070,17067,244200614
"955",817162,6471163,30733,244200622
"956",793036,6539180,25107,244200630
"957",811947,6488312,72363,244200770
"958",765011,6534663,25829,244200820
"959",832879,6479871,14480,244200895
"960",807284,6456577,21230,244300307
"961",788069,6452946,28326,244301016
"962",729706,6476079,15277,244301099
"963",800666,6444938,20131,244301107
"964",764794,6418453,37070,244301123
"965",799581,6470876,11557,244301131
"966",352253,6689632,53397,244400404
"967",352487,6672547,30053,244400438
"968",340013,6718725,21431,244400453
"969",354266,6708284,50955,244400503
"970",354315,6726286,27565,244400537
"971",382441,6713490,85153,244400552
"972",318722,6695284,22306,244400586
"973",291262,6711902,39619,244400610
"974",307504,6705817,33394,244400644
"975",678303,6765074,23205,244500203
"976",671791,6735646,36269,244500211
"977",680165,6777268,28666,244500419
"978",640336,6754706,55162,244500427
"979",620314,6756590,33554,244500468
"980",628821,6771200,20927,244500484
"981",629388,6787890,24927,244500542
"982",554149,6377306,36909,244600433
"983",574990,6401962,30815,244600482
"984",592287,6365142,44481,244600532
"985",588644,6391731,33653,244600573
"986",480200,6402401,22733,244700449
"987",491656,6392370,24398,244700464
"988",467641,6360998,69865,244701355
"989",498702,6377503,25653,244701405
"990",740520,6381062,21339,244800405
"991",722940,6385413,26335,244800470
"992",431625,6716092,64013,244900015
"993",398295,6737591,65486,244900809
"994",465526,6713544,73816,244900882
"995",775988,6887969,18272,245100615
"996",744951,6861686,29072,245100888
"997",768984,6846310,31838,245100979
"998",843893,6773311,69470,245200597
"999",438041,6765839,42550,245300223
"1000",409147,6802511,48508,245300355
"1001",416639,6820408,52970,245300389
"1002",424745,6754646,33819,245300447
"1003",928365,6836930,19063,245400171
"1004",943474,6838473,13826,245400189
"1005",901488,6936260,17408,245400262
"1006",915214,6825626,37518,245400510
"1007",930487,6857397,15600,245400601
"1008",935642,6846801,14285,245400676
"1009",958495,6847516,24891,245400759
"1010",884046,6872197,24783,245500327
"1011",893944,6890553,25810,245501176
"1012",845854,6861260,18415,245501184
"1013",889195,6902589,24087,245501242
"1014",872486,6937178,24457,245501259
"1015",234038,6755219,11622,245600440
"1016",234046,6710367,8688,245600465
"1017",293849,6745888,32821,245614383
"1018",223720,6793070,77022,245614417
"1019",259761,6792735,72103,245614433
"1020",959484,6888871,26049,245700133
"1021",985955,6902550,13942,245700372
"1022",979373,6896748,7418,245700398
"1023",931971,6933159,18807,245700695
"1024",1009756,6858686,18452,245700950
"1025",964725,6904380,4763,245701164
"1026",965009,6868601,98506,245701206
"1027",923327,6918132,8650,245701222
"1028",923331,6908580,9961,245701271
"1029",940133,6918645,22437,245701354
"1030",925462,6923359,15677,245701362
"1031",913558,6932243,7301,245701404
"1032",714540,6646011,18204,245801063
"1033",709184,6656559,24744,245804406
"1034",714506,6630940,29266,245804497
"1035",652654,7101616,29626,245900428
"1036",680012,7060042,12790,245900758
"1037",736170,7013781,11765,245901038
"1038",717945,7030058,13878,245901152
"1039",739467,7030578,26377,245901160
"1040",661391,6914272,4866,246000129
"1041",658999,6920643,15719,246000376
"1042",663569,6935481,44134,246000566
"1043",632987,6906210,20353,246000582
"1044",618161,6906795,30366,246000707
"1045",702464,6923485,21157,246000749
"1046",701978,6945575,26824,246000756
"1047",663696,6895980,15004,246000764
"1048",692845,6933321,11435,246000772
"1049",619482,6946394,62763,246000848
"1050",685090,6941139,35397,246000855
"1051",693159,6898090,61826,246000871
"1052",674950,6921958,16685,246000897
"1053",616680,6924715,24700,246000913
"1054",670251,6912839,13974,246000921
"1055",458574,6856220,25584,246100390
"1056",481423,6821551,43013,246100663
"1057",698044,7037217,11259,246200299
"1058",685560,7037272,24053,246200364
"1059",607994,7082155,18551,246200380
"1060",604219,7067533,20661,246200729
"1061",635065,7089519,22108,246200844
"1062",634226,7068619,27232,246201016
"1063",708322,6519836,30216,246300701
"1064",690810,6489733,59762,246300966
"1065",730279,6527074,22981,246301097
"1066",423053,6224181,62040,246400337
"1067",435564,6236075,32711,246401756
"1068",468414,6223898,39141,246500482
"1069",483955,6198613,69006,246500573
"1070",697527,6169581,4167,246600282
"1071",682954,6154615,18455,246600373
"1072",614865,6152344,44264,246600399
"1073",669800,6173182,23569,246600415
"1074",658549,6185564,37156,246600423
"1075",681081,6165252,23365,246600449
"1076",627110,6162214,35643,246600464
"1077",665208,6149626,44112,246600548
"1078",1010987,6823879,30383,246700306
"1079",1045629,6841617,33984,246700488
"1080",1025978,6829139,13542,246700744
"1081",1017978,6812689,11668,246700777
"1082",1052546,6858706,8072,246700843
"1083",1060659,6888336,13079,246700926
"1084",1035444,6861620,11937,246700959
"1085",1029467,6806203,17033,246700967
"1086",1029720,6836930,16151,246701064
"1087",1034321,6827756,6795,246701080
"1088",1038898,6879563,18415,246701098
"1089",998668,6762236,16730,246800205
"1090",1013664,6804562,10330,246800395
"1091",1026855,6768416,13706,246800445
"1092",1018793,6775246,11556,246800494
"1093",1012153,6790373,18042,246800551
"1094",1013039,6765429,18989,246800569
"1095",1021653,6796819,16651,246800577
"1096",1006887,6778032,19562,246800585
"1097",1000120,6749169,16062,246800676
"1098",1024681,6784748,24426,246800726
"1099",858898,6514522,14198,246900575
"1100",824180,6525194,18419,246900625
"1101",829143,6515645,10668,246900724
"1102",829378,6505069,14446,246900740
"1103",836998,6508301,4893,246900757
"1104",845500,6503916,7639,246900765
"1105",936061,6730258,14538,247000011
"1106",923919,6727549,28486,247000367
"1107",903712,6725580,55263,247000623
"1108",964560,6735101,20426,247000664
"1109",914217,6709813,24160,247000698
"1110",928483,6706181,29297,247000706
"1111",960964,6723025,20645,247000714
"1112",978709,6727706,15312,247000722
"1113",955459,6751190,15378,247000755
"1114",977849,6739060,15306,247000821
"1115",968856,6752961,34911,247000854
"1116",808729,6626332,74207,247100290
"1117",835927,6637285,55426,247100589
"1118",777683,6576784,22436,247100639
"1119",872723,6643968,24340,247100647
"1120",837588,6613864,25854,247103765
"1121",787692,6575196,19711,247103864
"1122",826097,6621753,31676,247104094
"1123",454363,6752300,36746,247200090
"1124",489289,6771064,26805,247200132
"1125",471236,6742711,34280,247200348
"1126",502223,6762101,17788,247200421
"1127",494442,6754098,14941,247200447
"1128",479479,6759194,28619,247200629
"1129",524207,6785061,45506,247200686
"1130",971118,6495722,7952,247300015
"1131",1001388,6505820,61071,247300254
"1132",915772,6512677,12632,247300262
"1133",957041,6478591,27452,247300361
"1134",973363,6461223,32618,247300452
"1135",910792,6499754,7099,247300528
"1136",916353,6500333,8604,247300668
"1137",957291,6494868,16514,247300676
"1138",989226,6501995,27151,247300817
"1139",964125,6575154,7907,247400047
"1140",940490,6553851,11673,247400112
"1141",934365,6544681,6757,247400567
"1142",951158,6564102,9897,247400583
"1143",960304,6537268,34838,247400617
"1144",963854,6566643,13460,247400666
"1145",979114,6578395,30893,247400682
"1146",934815,6561140,15075,247400690
"1147",955968,6556965,9373,247400724
"1148",928715,6536603,16142,247400740
"1149",953338,6522681,15252,247400773
"1150",512652,6953576,14604,247600505
"1151",589740,6993610,21535,247600588
"1152",586201,6972290,19533,247600604
"1153",537829,6948468,16336,247600620
"1154",550641,6943879,8879,247600646
"1155",577653,6979016,33082,247600729
"1156",562098,6978245,13066,247600786
"1157",687143,6802434,21970,247700032
"1158",673352,6827400,15430,247700057
"1159",701921,6882100,23504,247700065
"1160",699153,6806315,27302,247700107
"1161",686024,6862383,6934,247700339
"1162",679563,6862832,10573,247700594
"1163",671277,6844970,4955,247700644
"1164",699088,6830767,29368,247700701
"1165",599405,6860002,29294,247800550
"1166",634874,6856174,12098,247800584
"1167",613261,6858050,22992,247800618
"1168",456820,6656861,46451,247900798
"1169",666073,6980438,24747,248000499
"1170",647887,6975040,35271,248000531
"1171",673346,6993283,46277,248000747
"1172",622509,6272704,37372,248100158
"1173",646119,6270818,40836,248100430
"1174",650586,6322292,25917,248100497
"1175",631782,6313101,21164,248100737
"1176",661908,6265865,15932,248100745
"1177",531369,6335860,34367,248200016
"1178",582778,6344825,39332,248200057
"1179",534458,6314016,38009,248200065
"1180",565940,6324122,28265,248200099
"1181",605610,6347196,46402,248200107
"1182",926364,6238466,35867,248300394
"1183",945967,6237916,8384,248300410
"1184",979670,6281031,92217,248300493
"1185",942299,6229364,37223,248300543
"1186",964274,6255583,45102,248300550
"1187",867871,6335989,51184,248400053
"1188",848817,6346196,14398,248400160
"1189",847019,6335713,18861,248400236
"1190",848163,6320608,30289,248400251
"1191",904702,6298539,36288,248400285
"1192",856426,6326892,15567,248400293
"1193",864445,6315980,12184,248400319
"1194",867649,6350763,27582,248400335
"1195",302628,6665663,4921,248500191
"1196",317068,6648684,18468,248500258
"1197",388923,6632269,31942,248500340
"1198",412973,6622086,31801,248500415
"1199",406452,6635685,32079,248500464
"1200",345350,6624868,22666,248500530
"1201",415270,6596007,28458,248500563
"1202",364527,6626647,50150,248500589
"1203",393312,6647005,25038,248500621
"1204",396834,6658520,19880,248500662
"1205",513281,6639825,113569,248600413
"1206",478926,6657248,85238,248600447
"1207",561614,6493909,33789,248700189
"1208",565781,6561386,20008,248719262
"1209",555123,6521545,15710,248719288
"1210",565134,6529004,52336,248719312
"1211",591201,6510391,23249,248719338
"1212",602369,6517940,37208,248719353
"1213",583514,6527097,32348,248719361
"1214",723689,6785010,37523,248900334
"1215",737722,6760480,6448,248900383
"1216",725056,6750722,26592,248900524
"1217",740105,6788602,40277,248900664
"1218",708551,6785058,40340,248900748
"1219",716747,6801091,37116,248900896
"1220",724598,6765945,35357,248900938
"1221",1001511,6722152,17303,249000241
"1222",634278,6837358,11938,249100074
"1223",656763,6812938,18879,249100157
"1224",654520,6824417,19405,249100546
"1225",642024,6823975,12073,249100553
"1226",629921,6825286,14414,249100595
"1227",630214,6882006,8698,249500109
"1228",636374,6891614,12026,249500430
"1229",644398,6887275,7541,249500455
"1230",647473,6894275,4899,249500489
"1231",607356,6892199,20157,249500513
"1232",1967018,5392968,11931,200018653
"1233",2728084,7197818,20848,200041507
"1234",3327774,9060791,33565,200044691
"1235",2056715,5286142,15949,249710047
"1236",3834361,10766588,46989,249710062
"1237",7054188,19466083,34284,249710070
"1238",1095039,2209432,1192036,200027548
"1239",1443556,3981059,4120984,249730037
"1240",2062964,3202065,485980,249730045
"1241",1414303,1618113,2583514,249730052
"1242",2031742,45897542,37804,249740077
"1243",1422895,30593970,56471,249740085
"1244",2150010,46011509,73641,249740093
"1245",1636372,38356011,53594,249740101
"1246",1039471,23050687,28798,249740119
"1247",12678981,29387307,52012,200041788
"1248",8661793,19275212,41198,249720053
"1249",2839404,6480733,17591,249720061
"1250",515369,8570066,9462,200060473
"1251",519892,8582547,7980,200060457
"1252",530755,8586362,1076,200050532
"1253",512917,8583765,9314,200059871
