codgeo,latitude,longitude,densite,taux_cumu_1_inj,lat01,lon01,SO-NE,NO-SE,distParis
200000172,0,1,1,1,0,1,1,1,0
200000438,1,0,1,0,1,0,0,0,1
200000545,1,1,1,1,1,1,1,1,1
200000628,0,1,1,1,0,1,1,1,0
200000800,1,0,0,0,1,0,1,0,1
200000925,1,1,1,0,1,1,1,1,1
200000933,1,0,0,0,1,0,1,0,1
200004802,0,1,1,1,0,1,1,1,0
200005932,1,0,0,0,1,0,1,0,1
200005957,1,1,0,0,1,1,1,1,1
200006682,1,1,1,0,1,1,1,1,1
200006716,1,1,0,0,1,1,1,1,1
200006930,0,1,0,0,0,1,1,1,0
200006971,1,0,1,0,1,0,0,0,1
200007052,0,0,0,0,0,0,0,0,0
200007177,1,1,0,0,1,1,1,1,1
200010650,1,1,1,0,1,1,1,1,1
200010700,1,0,1,0,1,0,0,0,1
200011773,0,1,1,1,0,1,1,1,0
200011781,1,1,0,0,1,1,1,1,1
200013050,1,1,1,0,1,1,1,1,1
200015162,0,1,0,1,0,1,1,1,0
200016905,0,1,0,0,0,1,1,1,0
200017341,0,1,0,1,0,1,1,1,0
200017846,1,0,1,1,1,0,1,0,1
200018083,1,0,1,0,1,0,1,0,1
200018166,0,1,1,0,0,1,1,1,0
200018406,1,0,1,0,1,0,0,0,1
200018521,0,0,0,0,0,0,0,0,0
200022986,0,1,1,0,0,1,1,1,0
200023075,1,1,0,1,1,1,1,1,1
200023125,1,0,1,0,1,0,1,0,1
200023240,1,0,1,0,1,0,1,0,1
200023299,0,1,0,0,0,1,1,1,0
200023307,0,0,1,1,0,0,0,0,0
200023372,0,1,0,0,0,1,1,1,0
200023414,1,0,1,0,1,0,0,0,1
200023620,0,0,1,0,0,0,0,0,0
200023737,0,0,1,0,0,0,0,0,0
200023778,0,0,1,0,0,0,0,0,0
200023794,0,0,1,0,0,0,0,0,0
200023919,1,0,0,0,1,0,1,0,1
200026573,0,1,0,1,0,1,1,1,0
200027027,1,0,1,0,1,0,0,0,1
200027076,0,0,0,0,0,0,1,0,0
200027100,0,1,1,0,0,1,1,1,0
200027183,0,1,1,1,0,1,0,1,0
200027217,0,0,1,0,0,0,0,0,0
200027308,1,1,0,0,1,1,1,1,1
200029734,0,0,0,0,0,0,0,0,0
200029999,0,1,1,0,0,1,1,1,0
200030195,0,1,1,1,0,1,1,1,0
200030385,1,0,1,0,1,0,0,0,1
200030435,0,0,0,0,0,0,0,0,0
200030526,1,1,1,0,1,1,1,1,1
200030633,1,1,1,0,1,1,1,0,1
200030658,0,1,0,0,0,1,1,1,0
200030674,0,0,1,0,0,0,0,0,0
200032514,1,1,0,0,1,1,1,1,1
200033025,1,1,1,0,1,1,1,1,1
200033090,1,1,1,0,1,1,1,0,1
200033116,0,1,1,1,0,1,1,1,0
200033173,1,0,1,0,1,0,1,0,1
200033181,1,0,1,0,1,0,1,0,1
200033298,1,0,0,0,1,0,0,0,1
200033579,1,1,1,0,1,1,1,0,1
200033827,0,1,0,1,0,1,1,1,0
200033868,1,1,1,0,1,1,1,1,1
200034023,0,0,1,0,0,0,0,1,0
200034031,0,0,0,0,0,0,0,1,0
200034049,0,0,0,0,0,0,0,1,0
200034056,0,0,0,0,0,0,0,1,0
200034064,0,0,0,1,0,0,0,1,0
200034098,0,1,0,0,0,1,1,1,0
200034130,1,0,1,0,1,0,1,0,1
200034197,0,0,0,0,0,0,0,0,0
200034205,0,1,0,1,0,1,1,1,0
200034270,1,1,1,0,1,1,1,1,1
200034379,0,1,0,0,0,1,1,1,0
200034411,0,1,0,1,0,1,1,1,0
200034601,0,1,0,1,0,1,1,1,0
200034635,1,1,1,0,1,1,1,1,1
200034692,0,1,1,1,0,1,1,1,0
200034700,0,1,1,1,0,1,1,1,0
200034718,1,1,0,0,1,1,1,1,1
200034726,0,0,0,0,0,0,0,0,0
200034825,0,0,0,0,0,0,0,0,0
200034833,0,0,0,0,0,0,0,0,0
200034874,1,1,0,0,1,1,1,1,1
200034882,0,1,1,0,0,1,1,1,0
200034957,0,0,1,0,0,0,0,0,0
200035087,0,1,1,1,0,1,1,1,0
200035103,1,0,0,0,1,0,0,0,1
200035111,1,0,0,0,1,0,0,0,1
200035129,0,1,0,1,0,1,1,1,0
200035137,0,0,0,0,0,0,0,0,0
200035202,0,1,1,0,0,1,1,1,0
200035319,0,1,1,1,0,1,1,1,0
200035327,0,0,0,0,0,0,0,0,0
200035442,1,1,1,0,1,1,1,0,1
200035459,0,0,1,0,0,0,0,0,0
200035533,0,0,1,0,0,0,0,0,0
200035541,0,0,0,0,0,0,0,0,0
200035632,0,0,0,0,0,0,0,0,0
200035707,0,0,0,1,0,0,0,1,0
200035715,0,0,1,0,0,0,0,1,0
200035723,0,1,0,1,0,1,1,1,0
200035731,0,1,1,0,0,1,1,1,0
200035756,0,0,0,0,0,0,0,0,0
200035764,1,0,0,0,1,0,1,0,1
200035772,1,1,0,0,1,1,1,1,1
200035814,1,0,1,0,1,0,0,0,1
200035848,1,0,0,0,1,0,0,0,0
200035855,0,0,0,0,0,0,0,1,0
200035863,0,0,0,1,0,0,0,1,0
200035970,1,0,1,0,1,0,1,0,1
200036069,1,0,0,0,1,0,0,0,1
200036077,0,1,1,0,0,1,1,1,0
200036135,0,0,0,0,0,0,1,0,0
200036150,1,1,0,0,1,1,1,1,1
200036465,1,1,1,1,1,1,1,1,1
200036473,0,0,1,0,0,0,0,0,0
200036499,0,1,1,1,0,1,1,1,0
200036523,0,0,0,0,0,0,0,0,0
200036549,1,1,0,0,1,1,1,1,1
200036572,0,0,0,0,0,0,0,0,0
200037059,1,1,0,0,1,1,1,0,1
200037133,1,1,0,0,1,1,1,0,1
200038958,0,1,0,0,0,1,1,1,0
200038990,1,0,1,0,1,0,0,0,1
200039022,1,0,1,0,1,0,0,0,1
200039055,1,1,0,0,1,1,1,1,1
200039063,1,1,0,0,1,1,1,1,1
200039204,0,0,1,0,0,0,0,0,0
200039519,0,0,0,0,0,0,0,0,0
200039642,1,1,0,0,1,1,1,1,1
200039709,1,1,0,0,1,1,1,1,1
200039758,1,1,0,0,1,1,1,1,1
200039808,0,1,0,0,0,1,1,1,0
200039824,0,1,0,1,0,1,1,1,0
200039832,0,1,0,1,0,1,1,1,0
200039857,0,1,1,1,0,1,1,1,0
200039865,1,1,1,0,1,1,1,1,1
200039907,1,1,1,0,1,1,1,1,1
200039915,0,1,1,1,0,1,1,1,0
200039931,0,1,0,1,0,1,1,1,0
200039949,1,1,1,0,1,1,1,1,1
200040038,0,1,0,0,0,1,1,1,1
200040095,0,0,1,0,0,0,0,0,0
200040111,0,1,0,0,0,1,1,1,0
200040137,1,1,0,0,1,1,1,1,1
200040178,1,1,1,0,1,1,1,1,1
200040202,0,1,0,1,0,1,1,1,0
200040210,0,1,0,1,0,1,1,1,0
200040244,0,0,0,0,0,0,0,0,0
200040251,1,1,0,0,1,1,1,0,1
200040277,1,0,1,1,1,0,0,0,1
200040293,0,1,0,0,0,1,1,1,0
200040350,0,1,1,0,0,1,1,1,0
200040384,0,0,0,0,0,0,0,0,0
200040392,0,0,1,0,0,0,0,0,0
200040400,0,0,0,0,0,0,0,0,0
200040418,0,0,0,1,0,0,0,0,0
200040426,1,1,0,0,1,1,1,0,1
200040442,0,1,1,1,0,1,1,1,0
200040459,0,1,1,1,0,1,1,1,0
200040475,1,0,0,0,1,0,0,0,1
200040491,0,1,1,1,0,1,1,1,0
200040509,0,1,1,1,0,1,1,1,0
200040558,1,0,0,0,1,0,0,0,1
200040566,0,1,1,0,0,1,1,1,0
200040574,0,1,1,0,0,1,1,1,0
200040590,0,1,1,1,0,1,1,1,0
200040624,0,1,0,1,0,1,1,1,0
200040657,0,1,0,0,0,1,1,1,0
200040681,0,1,1,1,0,1,1,1,0
200040715,0,1,1,0,0,1,1,1,0
200040764,0,1,0,1,0,1,1,1,0
200040772,1,0,0,0,1,0,0,0,1
200040798,0,1,0,0,0,1,1,1,0
200040814,0,0,0,0,0,0,0,0,0
200040830,0,0,0,0,0,0,0,0,0
200040889,0,0,0,0,0,0,0,0,0
200040905,0,0,1,0,0,0,0,1,0
200040947,1,0,1,0,1,0,1,0,1
200040954,1,0,1,0,1,0,1,0,1
200041010,0,1,1,0,0,1,1,1,0
200041051,0,0,0,0,0,0,0,0,0
200041150,0,0,0,0,0,0,0,0,0
200041168,0,0,0,0,0,0,0,0,0
200041283,1,1,1,0,1,1,1,1,1
200041317,0,0,1,0,0,0,0,0,0
200041325,1,1,1,0,1,1,1,1,1
200041333,0,0,0,0,0,0,0,0,0
200041366,0,1,1,0,0,1,1,1,0
200041416,0,0,0,0,0,0,0,0,0
200041440,0,0,0,0,0,0,0,0,0
200041465,0,1,0,0,0,1,1,1,0
200041499,0,0,1,0,0,0,0,0,0
200041515,1,1,1,0,1,1,1,1,1
200041523,0,0,0,0,0,0,0,0,0
200041556,0,0,0,0,0,0,0,0,0
200041572,0,0,0,0,0,0,0,0,0
200041614,0,0,1,0,0,0,0,0,0
200041622,1,1,0,0,1,1,1,1,1
200041630,1,1,1,0,1,1,1,1,1
200041689,0,0,0,0,0,0,0,0,0
200041721,1,1,0,0,1,1,1,1,1
200041762,0,0,1,0,0,0,0,0,0
200041853,1,1,0,0,1,1,1,1,1
200041861,1,1,0,0,1,1,1,1,1
200041879,1,1,0,0,1,1,1,1,1
200041887,1,1,0,0,1,1,1,1,1
200041960,1,1,1,0,1,1,1,0,1
200041994,0,0,1,0,0,0,0,0,0
200042000,1,1,1,0,1,1,1,1,1
200042174,1,0,1,0,1,0,0,0,1
200042182,1,0,0,0,1,0,0,0,1
200042190,1,1,1,0,1,1,1,0,1
200042372,0,0,0,0,0,0,0,0,0
200042414,0,1,0,0,0,1,1,1,1
200042463,0,0,0,1,0,0,0,1,0
200042497,0,1,1,0,0,1,1,1,0
200042604,1,0,1,0,1,0,0,0,1
200042620,1,1,0,0,1,1,1,1,1
200042646,0,1,0,0,0,1,0,1,0
200042653,0,1,0,0,0,1,0,1,0
200042703,1,1,0,0,1,1,1,1,1
200042729,1,0,1,0,1,0,0,0,1
200042901,0,1,1,1,0,1,1,1,0
200042935,0,1,1,1,0,1,1,1,0
200042943,0,1,0,0,0,1,1,1,0
200042992,1,1,0,0,1,1,1,1,1
200043016,0,0,0,0,0,0,0,0,0
200043065,1,0,1,0,1,0,0,0,1
200043081,1,0,1,0,1,0,0,0,1
200043123,1,0,1,0,1,0,0,0,1
200043156,1,1,0,0,1,1,1,1,1
200043172,0,0,1,0,0,0,0,0,0
200043263,1,1,1,0,1,1,1,0,1
200043321,1,1,1,0,1,1,1,0,1
200043354,1,0,0,0,1,0,0,0,1
200043396,1,1,1,1,1,1,1,0,1
200043404,1,1,1,1,1,1,1,1,1
200043438,1,1,0,0,1,1,1,1,1
200043495,1,1,1,0,1,1,1,0,1
200043602,0,1,1,0,0,1,0,1,0
200043628,0,0,1,0,0,0,0,0,0
200043693,1,1,1,0,1,1,1,1,1
200043776,0,0,0,1,0,0,0,1,0
200043974,0,0,0,0,0,0,0,0,0
200043982,0,0,0,0,0,0,0,0,0
200043990,1,0,1,0,1,0,0,0,1
200044014,0,0,0,0,0,0,0,0,0
200044030,1,0,0,0,1,0,1,0,1
200044048,1,1,1,0,1,1,1,0,1
200044253,1,1,0,0,1,1,1,1,1
200044394,0,0,1,0,0,0,0,0,0
200044469,0,0,0,1,0,0,0,1,0
200044618,1,1,1,0,1,1,1,0,1
200048551,1,0,0,0,1,0,0,0,1
200049187,1,1,1,0,1,1,1,1,1
200049211,0,0,0,1,0,0,0,1,0
200049484,0,0,0,0,0,0,1,0,0
200055481,1,0,0,0,1,0,0,0,1
200055655,1,0,1,1,1,0,1,0,1
200055887,1,0,0,0,1,0,0,0,1
200056232,1,0,1,0,1,0,1,0,1
200056380,1,0,1,1,1,0,1,0,1
200057859,1,0,1,1,1,0,1,0,1
200057958,1,0,1,1,1,0,1,0,1
200058360,1,0,0,0,1,0,0,0,1
200058477,1,0,1,1,1,0,1,0,1
200058485,1,0,1,1,1,0,1,0,1
200058519,1,0,1,0,1,0,1,0,1
200058782,1,0,1,1,1,0,1,0,1
200059228,1,0,1,1,1,0,1,0,1
200059392,0,1,1,0,0,1,1,1,0
200059400,0,0,1,0,0,0,0,0,0
200059889,1,0,1,1,1,0,1,0,1
200060010,1,0,1,0,1,0,0,0,1
200065563,1,0,1,0,1,0,0,0,1
200065589,1,0,1,0,1,0,0,0,1
200065597,1,0,1,0,1,0,0,0,1
200065647,1,1,1,1,1,1,1,1,1
200065787,1,0,1,0,1,0,0,0,1
200065886,0,1,1,0,0,1,1,1,0
200065894,0,1,1,0,0,1,1,1,0
200065928,1,0,1,0,1,0,0,0,1
200066009,1,1,1,1,1,1,1,1,1
200066017,1,0,0,0,1,0,0,0,1
200066025,1,1,1,0,1,1,1,1,1
200066033,1,1,1,0,1,1,1,1,1
200066041,1,1,1,1,1,1,1,1,1
200066058,1,1,1,1,1,1,1,1,1
200066108,1,1,0,0,1,1,1,1,1
200066116,1,1,0,0,1,1,1,1,1
200066124,0,0,1,1,0,0,0,1,0
200066132,1,1,0,0,1,1,1,1,1
200066140,1,1,0,0,1,1,1,1,1
200066157,1,1,0,0,1,1,1,1,1
200066165,1,1,0,0,1,1,1,1,1
200066173,1,1,0,0,1,1,1,1,1
200066223,0,0,0,1,0,0,0,0,0
200066231,0,0,1,1,0,0,0,1,0
200066280,1,0,0,0,1,0,1,0,1
200066322,0,0,1,1,0,0,0,0,0
200066330,1,0,0,0,1,0,1,0,1
200066348,0,1,0,1,0,1,0,1,0
200066355,0,1,1,0,0,1,1,1,0
200066363,0,0,0,0,0,0,0,1,0
200066371,0,0,0,0,0,0,0,0,0
200066389,1,0,1,0,1,0,0,0,1
200066405,1,0,1,0,1,0,0,0,1
200066413,1,0,1,0,1,0,0,0,1
200066462,1,0,0,0,1,0,0,0,1
200066512,0,0,0,0,0,0,0,0,0
200066520,0,0,0,0,0,0,0,0,0
200066553,0,0,0,0,0,0,0,1,0
200066561,0,0,0,0,0,0,0,1,0
200066587,0,1,1,1,0,1,1,1,0
200066603,0,0,0,0,0,0,0,0,0
200066637,0,1,0,0,0,1,1,1,0
200066645,0,0,0,0,0,0,0,0,0
200066652,0,0,1,1,0,0,0,0,0
200066660,0,1,0,0,0,1,1,1,0
200066678,0,0,0,0,0,0,0,1,0
200066710,1,0,1,0,1,0,0,0,1
200066728,1,0,1,0,1,0,0,0,1
200066744,0,0,0,0,0,0,0,1,0
200066751,0,0,0,0,0,0,0,0,0
200066769,0,0,0,0,0,0,0,0,0
200066777,1,0,0,0,1,0,0,0,1
200066785,1,0,1,0,1,0,0,0,1
200066793,0,1,1,0,0,1,1,1,0
200066801,1,0,0,0,1,0,0,0,1
200066819,0,0,1,0,0,0,0,0,0
200066827,1,0,1,0,1,0,0,0,1
200066835,1,1,0,0,1,1,1,1,1
200066850,1,1,0,0,1,1,1,1,1
200066868,1,0,1,0,1,0,0,0,1
200066876,1,1,1,0,1,1,1,1,1
200066884,0,0,1,1,0,0,0,0,0
200066892,1,1,0,0,1,1,1,1,1
200066918,0,1,1,1,0,1,1,1,0
200066926,0,0,1,0,0,0,0,0,0
200066975,1,0,1,0,1,0,1,0,1
200067023,1,0,1,0,1,0,0,0,1
200067031,1,0,0,0,1,0,0,0,1
200067049,0,1,0,0,0,1,1,1,0
200067064,0,0,1,0,0,0,0,1,0
200067072,1,0,1,0,1,0,0,0,1
200067080,1,1,0,0,1,1,1,1,1
200067106,0,0,1,0,0,0,0,0,0
200067114,1,1,1,0,1,1,1,1,1
200067122,0,0,0,1,0,0,0,0,0
200067130,1,1,0,0,1,1,1,1,1
200067155,0,1,0,0,0,1,0,1,0
200067163,0,1,0,0,0,1,0,1,0
200067171,0,0,0,0,0,0,0,1,0
200067189,0,0,0,0,0,0,0,0,0
200067197,1,0,0,0,1,0,0,0,1
200067205,1,0,1,0,1,0,0,0,1
200067213,1,1,1,0,1,1,1,1,1
200067221,1,0,1,0,1,0,0,0,1
200067239,0,0,0,0,0,0,0,0,0
200067247,1,0,0,0,1,0,0,0,1
200067254,0,0,1,0,0,0,0,0,0
200067262,0,0,0,0,0,0,0,0,0
200067288,0,0,0,0,0,0,0,0,0
200067296,0,0,0,0,0,0,0,0,0
200067304,1,1,0,0,1,1,1,1,1
200067320,0,1,0,1,0,1,1,1,0
200067346,1,0,1,0,1,0,0,0,1
200067361,0,0,0,0,0,0,0,1,0
200067379,1,1,0,0,1,1,1,1,1
200067429,1,1,0,0,1,1,1,1,1
200067437,0,1,0,1,0,1,1,1,0
200067445,0,1,0,1,0,1,1,1,0
200067452,0,1,0,1,0,1,1,1,0
200067460,1,0,0,0,1,0,0,0,1
200067478,0,0,0,0,0,0,0,1,0
200067486,1,1,1,0,1,1,1,1,1
200067502,1,1,1,0,1,1,1,1,1
200067544,0,0,0,0,0,0,0,0,0
200067551,0,1,1,1,0,1,1,1,0
200067593,0,0,0,0,0,0,0,0,0
200067627,0,1,1,0,0,1,1,1,0
200067635,1,0,1,0,1,0,0,0,1
200067643,1,1,1,0,1,1,1,1,1
200067650,1,1,1,0,1,1,1,1,1
200067668,1,1,0,0,1,1,1,0,1
200067676,1,0,0,0,1,0,1,0,1
200067684,1,1,1,0,1,1,1,1,1
200067692,1,1,0,0,1,1,1,1,1
200067700,0,1,0,0,0,1,1,1,0
200067742,0,1,0,1,0,1,1,1,0
200067759,1,1,0,0,1,1,1,1,1
200067767,0,1,0,1,0,1,1,1,0
200067783,1,1,1,0,1,1,1,1,1
200067791,0,0,1,0,0,0,0,1,0
200067817,0,1,1,0,0,1,1,1,0
200067825,0,1,1,0,0,1,1,1,0
200067841,1,1,1,0,1,1,1,1,1
200067866,1,0,1,0,1,0,0,0,1
200067874,1,1,1,0,1,1,1,1,1
200067882,1,1,0,0,1,1,1,1,1
200067890,1,1,0,0,1,1,1,1,1
200067908,1,1,0,0,1,1,1,1,1
200067916,1,1,0,0,1,1,1,1,1
200067924,1,1,1,0,1,1,1,1,1
200067932,1,0,1,0,1,0,0,0,1
200067940,0,0,0,1,0,0,0,0,0
200067957,1,1,1,0,1,1,1,1,1
200067965,1,1,1,0,1,1,1,0,1
200067973,1,0,1,0,1,0,1,0,1
200067981,1,0,1,0,1,0,0,0,1
200067999,1,0,1,0,1,0,1,0,1
200068005,1,0,0,0,1,0,1,0,1
200068047,1,0,1,1,1,0,1,0,1
200068070,1,1,0,0,1,1,1,1,1
200068088,1,1,0,0,1,1,1,1,1
200068096,0,1,0,0,0,1,1,1,0
200068104,0,1,1,1,0,1,1,1,0
200068112,1,1,1,0,1,1,1,1,1
200068120,1,0,1,0,1,0,0,0,1
200068146,1,1,0,0,1,1,1,1,1
200068229,0,1,0,1,0,1,1,1,0
200068278,1,1,0,0,1,1,1,0,1
200068294,1,1,0,0,1,1,1,1,1
200068369,1,1,0,0,1,1,1,1,1
200068377,1,1,1,0,1,1,1,1,1
200068435,1,0,0,0,1,0,0,0,1
200068443,1,0,0,0,1,0,0,0,1
200068450,1,0,0,0,1,0,0,0,1
200068468,1,0,0,0,1,0,0,0,1
200068484,0,1,0,0,0,1,0,1,0
200068500,1,1,1,0,1,1,1,0,1
200068534,1,0,1,0,1,0,1,0,1
200068542,0,1,1,0,0,1,1,1,0
200068559,1,1,0,0,1,1,1,1,1
200068567,0,1,1,0,0,1,1,1,0
200068625,0,1,0,1,0,1,1,1,0
200068641,0,0,1,0,0,0,0,0,0
200068658,1,1,0,0,1,1,1,1,1
200068666,1,1,1,0,1,1,1,1,1
200068674,0,1,1,0,0,1,1,1,0
200068682,1,1,0,0,1,1,1,1,1
200068757,1,1,1,0,1,1,1,1,1
200068765,0,1,0,1,0,1,1,1,0
200068773,1,1,0,0,1,1,1,1,1
200068781,0,1,1,1,0,1,1,1,0
200068799,1,0,0,0,1,0,0,0,1
200068807,0,0,1,0,0,0,0,0,0
200068815,0,0,1,0,0,0,0,0,0
200068831,0,0,0,0,0,0,0,1,0
200068856,1,0,0,0,1,0,0,0,1
200068864,1,1,1,0,1,1,1,1,1
200068872,0,0,0,0,0,0,0,0,0
200068880,1,0,0,0,1,0,0,0,0
200068914,0,0,0,0,0,0,0,0,0
200068922,0,0,0,0,0,0,0,0,0
200068930,0,0,0,0,0,0,0,0,0
200068948,0,0,0,0,0,0,0,0,0
200068955,1,0,1,0,1,0,0,0,1
200068963,1,0,1,0,1,0,0,0,1
200068989,1,0,1,0,1,0,0,0,1
200068997,0,1,1,1,0,1,1,1,0
200069003,1,1,0,0,1,1,1,1,1
200069029,1,0,1,0,1,0,1,0,1
200069037,1,0,1,0,1,0,1,0,1
200069052,1,1,1,0,1,1,1,1,1
200069060,1,1,1,0,1,1,1,1,1
200069086,1,0,1,0,1,0,0,0,1
200069094,0,0,0,0,0,0,0,0,0
200069102,0,1,0,0,0,1,1,1,0
200069110,0,1,1,0,0,1,1,1,0
200069128,0,1,0,0,0,1,1,1,0
200069136,0,1,0,1,0,1,1,1,0
200069144,0,1,0,0,0,1,1,1,0
200069151,0,1,0,1,0,1,1,1,0
200069169,0,1,0,0,0,1,1,1,0
200069177,0,1,1,0,0,1,1,1,0
200069185,0,1,0,0,0,1,1,1,0
200069193,0,1,1,0,0,1,1,1,0
200069227,1,1,0,0,1,1,1,0,1
200069235,1,0,0,0,1,0,1,0,1
200069250,1,1,1,0,1,1,1,1,1
200069268,0,1,0,0,0,1,1,1,0
200069300,0,0,1,0,0,0,0,0,0
200069383,0,0,0,0,0,0,0,1,0
200069391,1,0,1,0,1,0,0,0,1
200069409,1,0,1,0,1,0,0,0,1
200069417,0,0,1,0,0,0,0,0,0
200069425,1,0,0,0,1,0,0,0,1
200069433,1,1,0,0,1,1,1,1,1
200069441,1,1,0,0,1,1,1,1,1
200069458,1,0,0,0,1,0,0,0,1
200069482,1,0,0,0,1,0,1,0,1
200069516,1,0,1,0,1,0,0,0,1
200069524,1,0,0,0,1,0,0,0,1
200069532,1,0,1,0,1,0,0,0,1
200069540,1,1,1,0,1,1,1,1,1
200069565,0,1,0,1,0,1,1,1,1
200069581,0,0,1,0,0,0,0,0,0
200069599,0,0,0,0,0,0,0,0,0
200069615,0,1,0,0,0,1,1,1,1
200069623,0,1,0,0,0,1,1,1,1
200069631,0,0,0,0,0,0,0,0,0
200069649,0,0,0,0,0,0,0,0,0
200069656,0,0,0,0,0,0,0,0,0
200069664,1,1,0,0,1,1,1,1,1
200069672,1,0,1,0,1,0,1,0,1
200069698,0,1,1,0,0,1,1,1,0
200069722,1,0,0,0,1,0,1,0,1
200069730,1,0,0,0,1,0,1,0,1
200069748,0,0,0,0,0,0,0,0,0
200069755,0,0,0,0,0,0,0,0,0
200069763,0,0,1,0,0,0,0,0,0
200069821,1,0,1,0,1,0,0,0,1
200069839,1,0,1,0,1,0,0,0,1
200069847,1,0,1,0,1,0,0,0,1
200069854,0,0,1,0,0,0,0,0,0
200069912,1,0,0,0,1,0,0,0,1
200069953,1,0,1,0,1,0,1,0,1
200069961,1,0,0,0,1,0,0,0,1
200069995,0,0,0,0,0,0,0,0,0
200070035,0,0,0,0,0,0,0,0,0
200070043,0,0,0,0,0,0,0,0,0
200070068,1,0,0,0,1,0,1,0,1
200070092,0,0,1,0,0,0,0,0,0
200070100,1,0,0,0,1,0,1,0,1
200070118,0,1,1,0,0,1,1,1,0
200070126,1,1,0,0,1,1,1,1,1
200070142,1,0,1,0,1,0,1,0,1
200070159,1,0,0,0,1,0,1,0,1
200070167,1,0,0,0,1,0,0,0,1
200070183,1,0,1,0,1,0,0,0,1
200070233,1,0,1,0,1,0,0,0,0
200070282,0,0,0,0,0,0,0,0,0
200070290,1,1,1,1,1,1,1,1,1
200070308,0,1,1,0,0,1,1,1,0
200070316,0,1,0,0,0,1,1,1,0
200070324,1,1,1,0,1,1,1,1,1
200070332,1,1,0,0,1,1,1,1,1
200070340,0,1,0,0,0,1,1,1,0
200070365,0,1,0,1,0,1,0,1,0
200070373,1,0,0,0,1,0,0,0,1
200070407,0,1,0,0,0,1,1,1,0
200070431,0,1,1,0,0,1,1,1,0
200070449,1,0,1,0,1,0,1,0,1
200070464,0,1,0,0,0,1,1,1,0
200070506,0,0,0,0,0,0,0,0,0
200070514,0,0,1,0,0,0,0,0,0
200070530,1,1,0,0,1,1,1,1,1
200070548,0,1,0,0,0,1,1,1,0
200070555,0,1,1,0,0,1,1,1,0
200070563,1,1,1,0,1,1,1,1,1
200070571,1,0,0,0,1,0,1,0,1
200070589,1,1,0,0,1,1,1,1,1
200070647,0,0,1,0,0,0,0,0,0
200070662,1,0,1,0,1,0,0,0,1
200070670,1,0,1,0,1,0,0,0,1
200070688,1,0,1,0,1,0,0,0,1
200070712,0,1,0,0,0,1,1,1,0
200070720,0,0,0,0,0,0,0,0,0
200070738,1,1,0,0,1,1,1,1,1
200070746,1,1,1,0,1,1,1,1,1
200070753,0,1,1,0,0,1,1,1,0
200070761,0,1,0,0,0,1,1,1,0
200070779,1,1,1,0,1,1,1,0,1
200070787,0,0,0,0,0,0,0,0,0
200070795,0,0,0,0,0,0,0,0,0
200070803,0,0,0,0,0,0,0,0,0
200070811,0,0,0,0,0,0,0,0,0
200070829,0,0,0,0,0,0,0,0,0
200070845,1,1,1,0,1,1,1,1,1
200070852,0,1,1,1,0,1,1,1,0
200070894,1,1,1,0,1,1,1,1,1
200070902,1,1,1,0,1,1,1,1,1
200070910,1,1,0,0,1,1,1,1,1
200070928,1,1,1,0,1,1,1,0,1
200070936,1,0,0,0,1,0,1,0,1
200070944,1,0,1,0,1,0,1,0,1
200070951,1,0,0,0,1,0,1,0,1
200070969,1,0,0,0,1,0,1,0,1
200070977,1,0,1,0,1,0,1,0,1
200070985,1,1,1,0,1,1,1,0,1
200070993,1,0,1,0,1,0,1,0,1
200071017,1,1,0,0,1,1,1,1,1
200071025,0,1,0,1,0,1,1,1,0
200071033,0,1,0,1,0,1,1,1,0
200071041,1,1,0,0,1,1,1,1,1
200071058,0,1,1,0,0,1,0,1,0
200071066,1,1,1,0,1,1,1,1,1
200071074,1,0,1,0,1,0,1,0,1
200071082,0,0,1,0,0,0,1,1,0
200071116,0,1,1,0,0,1,1,1,1
200071140,0,1,0,0,0,1,1,1,0
200071157,1,1,1,0,1,1,1,1,1
200071165,0,0,1,0,0,0,0,0,0
200071173,1,1,0,0,1,1,1,1,1
200071181,1,0,0,0,1,0,1,0,1
200071199,0,1,0,0,0,1,1,1,0
200071207,1,1,0,0,1,1,1,1,1
200071215,0,0,0,0,0,0,1,1,0
200071223,1,0,1,0,1,0,1,0,1
200071298,0,0,1,0,0,0,0,1,0
200071314,0,0,1,1,0,0,0,0,0
200071363,0,1,1,0,0,1,1,1,0
200071371,0,1,1,0,0,1,1,1,0
200071389,0,1,0,0,0,1,1,1,0
200071405,0,1,1,1,0,1,1,1,0
200071413,0,1,1,1,0,1,1,1,0
200071454,1,0,1,0,1,0,0,0,1
200071470,0,1,0,0,0,1,1,1,0
200071496,0,1,0,0,0,1,1,1,0
200071504,1,0,0,0,1,0,0,0,1
200071512,0,1,0,0,0,1,1,1,0
200071520,1,0,0,0,1,0,0,0,1
200071538,0,1,0,0,0,1,1,1,0
200071546,1,0,1,0,1,0,0,0,0
200071553,1,0,1,0,1,0,0,0,1
200071579,0,1,0,0,0,1,1,1,0
200071587,1,0,0,0,1,0,0,0,1
200071595,1,1,0,0,1,1,1,1,1
200071629,1,0,1,0,1,0,0,0,0
200071645,0,1,0,0,0,1,1,1,0
200071652,1,0,0,0,1,0,0,0,1
200071678,1,0,1,0,1,0,0,0,1
200071751,0,1,1,0,0,1,1,1,0
200071769,1,1,1,0,1,1,1,0,1
200071777,1,1,0,0,1,1,1,1,1
200071785,1,1,1,0,1,1,1,0,1
200071819,0,0,0,0,0,0,0,0,0
200071827,0,0,1,0,0,0,0,0,0
200071843,1,0,1,0,1,0,1,0,1
200071850,1,0,1,0,1,0,1,0,1
200071868,1,0,1,0,1,0,0,0,1
200071876,1,0,1,0,1,0,0,0,1
200071884,0,1,0,0,0,1,1,1,0
200071892,1,1,1,0,1,1,1,0,1
200071900,0,0,1,0,0,0,0,0,0
200071918,1,0,1,0,1,0,0,0,0
200071926,0,0,0,0,0,0,0,1,0
200071934,0,0,1,0,0,0,0,0,0
200071942,0,0,0,0,0,0,0,0,0
200071967,0,1,1,1,0,1,1,1,0
200071983,1,1,0,0,1,1,1,0,1
200071991,1,1,0,0,1,1,1,0,1
200072007,0,1,0,0,0,1,1,1,0
200072015,0,1,1,0,0,1,1,1,0
200072023,0,0,0,0,0,0,0,0,0
200072031,1,1,1,0,1,1,1,0,1
200072049,0,0,0,0,0,0,0,0,0
200072056,0,1,0,0,0,1,1,1,0
200072064,1,0,1,0,1,0,0,0,1
200072072,1,0,0,0,1,0,0,0,1
200072080,0,1,0,0,0,1,1,1,0
200072098,0,1,0,0,0,1,1,1,0
200072106,0,0,0,0,0,0,0,0,0
200072130,1,1,1,1,1,1,1,0,1
200072304,0,1,0,1,0,1,1,1,0
200072312,1,0,1,0,1,0,1,0,1
200072320,0,0,0,0,0,0,0,0,0
200072346,1,0,1,0,1,0,1,0,1
200072452,1,0,1,0,1,0,0,0,1
200072460,1,0,1,0,1,0,1,0,1
200072478,1,0,1,0,1,0,1,0,1
200072544,1,1,1,0,1,1,1,0,1
200072635,0,0,0,0,0,0,0,0,0
200072643,0,0,0,0,0,0,0,0,0
200072650,1,0,1,0,1,0,0,0,1
200072668,1,0,0,0,1,0,0,0,1
200072676,1,0,0,0,1,0,0,0,1
200072684,1,0,1,0,1,0,0,0,1
200072692,1,0,0,0,1,0,0,0,1
200072700,1,0,0,0,1,0,0,0,1
200072718,1,0,0,0,1,0,0,0,1
200072726,1,0,0,0,1,0,0,0,1
200072734,1,0,1,0,1,0,0,0,1
200072825,1,1,0,0,1,1,1,1,1
200072874,1,1,1,0,1,1,1,0,1
200072882,0,0,1,0,0,0,0,0,0
200072981,1,0,0,0,1,0,0,0,1
200072999,1,1,0,0,1,1,1,1,1
200073013,1,0,1,0,1,0,1,0,1
200073096,0,1,1,0,0,1,1,1,0
200073104,0,1,0,1,0,1,1,1,0
200073112,1,0,0,0,1,0,0,0,1
200073120,0,1,0,1,0,1,1,1,0
200073138,0,1,0,1,0,1,1,1,0
200073146,0,0,0,0,0,0,0,0,0
200073161,1,0,1,0,1,0,0,0,1
200073237,1,0,0,0,1,0,0,0,1
200073245,0,1,1,1,0,1,1,1,0
200073252,0,1,0,1,0,1,1,1,0
200073260,0,0,0,0,0,0,0,0,0
200073344,1,0,1,0,1,0,1,0,1
200073393,0,1,0,0,0,1,1,1,0
200073401,0,1,0,0,0,1,1,1,0
200073419,0,1,1,0,0,1,1,1,0
200073427,0,1,1,0,0,1,1,1,0
200077014,0,1,1,0,0,1,1,1,0
200083392,1,0,1,0,1,0,0,0,1
200084952,1,0,1,0,1,0,0,0,1
200085728,0,1,0,0,0,1,1,1,0
200085751,0,1,1,1,0,1,1,1,0
200089456,1,0,1,0,1,0,1,0,1
200090504,1,1,1,0,1,1,1,0,1
200090561,1,0,1,0,1,0,0,0,1
200090579,0,1,0,0,0,1,1,1,0
200090751,1,0,1,0,1,0,1,0,1
200093201,1,1,1,0,1,1,1,0,1
240100610,0,1,1,0,0,1,1,1,0
240100750,0,1,1,1,0,1,1,1,0
240100800,0,1,1,0,0,1,1,1,0
240100883,0,1,1,0,0,1,1,1,0
240100891,0,1,1,1,0,1,1,1,0
240200444,1,1,0,0,1,1,1,0,1
240200469,1,1,0,0,1,1,1,0,1
240200477,1,1,1,0,1,1,1,0,1
240200493,1,1,1,0,1,1,1,0,1
240200501,1,1,0,0,1,1,1,0,1
240200519,1,1,0,0,1,1,1,0,1
240200576,1,1,0,0,1,1,1,1,1
240200584,1,1,1,1,1,1,1,0,1
240200592,1,1,0,0,1,1,1,0,1
240200600,1,1,1,0,1,1,1,1,1
240200634,1,1,0,0,1,1,1,1,1
240300491,0,1,0,0,0,1,1,1,0
240300558,0,0,0,0,0,0,1,1,0
240300566,0,0,0,0,0,0,1,1,0
240300657,0,0,0,0,0,0,1,0,0
240400440,0,1,0,1,0,1,1,1,0
240500439,0,1,0,0,0,1,1,1,0
240500462,0,1,0,1,0,1,1,1,0
240600551,0,1,1,1,0,1,1,1,0
240600585,0,1,1,1,0,1,1,1,0
240600593,0,1,1,1,0,1,1,1,0
240700302,0,1,0,1,0,1,1,1,0
240700617,0,1,1,1,0,1,1,1,0
240700716,0,1,0,0,0,1,1,1,0
240700815,0,1,0,1,0,1,1,1,0
240700864,0,1,1,1,0,1,1,1,0
240800821,1,1,1,0,1,1,1,1,1
240800847,1,1,0,0,1,1,1,1,1
240800862,1,1,0,0,1,1,1,1,1
240800920,1,1,0,0,1,1,1,1,1
240900431,0,0,0,0,0,0,0,1,0
240900464,0,0,0,0,0,0,0,1,0
241000223,1,1,0,0,1,1,1,1,1
241000405,1,1,0,0,1,1,1,1,1
241000447,1,1,0,0,1,1,1,1,1
241000488,1,1,0,0,1,1,1,1,1
241100593,0,1,1,0,0,1,0,1,0
241200187,0,0,1,0,0,0,0,1,0
241200542,0,0,0,0,0,0,0,1,0
241200567,0,1,0,0,0,1,0,1,0
241200625,0,0,0,0,0,0,0,1,0
241200641,0,0,0,0,0,0,0,1,0
241200658,0,0,0,0,0,0,0,1,0
241200674,0,0,0,0,0,0,0,1,0
241200765,0,1,0,0,0,1,0,1,0
241200807,0,0,0,1,0,0,0,1,0
241200906,0,1,0,0,0,1,0,1,0
241200914,0,1,0,0,0,1,0,1,0
241300375,0,1,1,0,0,1,1,1,0
241300417,0,1,0,1,0,1,1,1,0
241400415,1,0,1,0,1,0,0,0,1
241400514,1,0,0,0,1,0,0,0,1
241400555,1,0,1,0,1,0,0,0,1
241400860,1,0,1,0,1,0,0,0,1
241400878,1,0,0,0,1,0,0,0,1
241500230,0,0,1,0,0,0,0,1,0
241500255,0,0,0,0,0,0,0,1,0
241500271,0,0,0,0,0,0,0,1,0
241501055,0,0,0,0,0,0,0,1,0
241501089,0,0,0,0,0,0,0,1,0
241501139,0,0,0,0,0,0,0,1,0
241600303,0,0,0,0,0,0,0,0,0
241700434,0,0,1,0,0,0,0,0,0
241700459,0,0,1,0,0,0,0,0,0
241700517,0,0,1,0,0,0,0,0,0
241700624,0,0,1,0,0,0,0,0,0
241700632,0,0,0,0,0,0,0,0,0
241700640,0,0,1,0,0,0,0,0,0
241700699,0,0,1,0,0,0,0,0,0
241800374,1,0,0,0,1,0,1,0,1
241800424,0,0,0,0,0,0,1,0,0
241800432,0,1,0,0,0,1,1,1,0
241800457,1,0,0,0,1,0,1,0,1
241800507,1,0,1,0,1,0,1,0,1
241900133,0,0,0,0,0,0,0,0,0
241927201,0,0,0,0,0,0,0,0,0
241927243,0,0,0,0,0,0,0,0,0
242000354,0,1,1,1,0,1,1,1,0
242000495,0,1,0,1,0,1,1,1,0
242000503,0,1,0,1,0,1,1,1,0
242010056,0,1,1,0,0,1,1,1,0
242010130,0,1,0,1,0,1,1,1,0
242020071,0,1,0,0,0,1,1,1,0
242020105,0,1,0,1,0,1,1,1,0
242100154,1,1,0,0,1,1,1,1,1
242100410,1,1,1,0,1,1,1,1,1
242101434,1,1,0,0,1,1,1,1,1
242101442,1,1,0,0,1,1,1,1,1
242101459,1,1,0,0,1,1,1,1,1
242101491,1,1,0,0,1,1,1,1,1
242101509,1,1,0,0,1,1,1,1,1
242200715,1,0,0,0,1,0,0,0,1
242300135,0,0,0,0,0,0,0,0,0
242320000,0,0,0,0,0,0,0,0,0
242320109,0,0,0,0,0,0,0,0,0
242400752,0,0,0,0,0,0,0,0,0
242400935,0,0,0,0,0,0,0,0,0
242401024,0,0,0,0,0,0,0,0,0
242500320,1,1,0,1,1,1,1,1,1
242500338,1,1,1,1,1,1,1,1,1
242500361,1,1,1,0,1,1,1,1,1
242504116,1,1,1,1,1,1,1,1,1
242504181,1,1,0,1,1,1,1,1,1
242504355,1,1,0,1,1,1,1,1,1
242504371,1,1,0,0,1,1,1,1,1
242504447,1,1,0,0,1,1,1,1,1
242504488,1,1,0,1,1,1,1,1,1
242504496,0,1,0,1,0,1,1,1,1
242600252,0,1,0,1,0,1,1,1,0
242600492,0,1,0,1,0,1,1,1,0
242600534,0,1,0,1,0,1,1,1,0
242700276,1,0,1,0,1,0,0,0,1
242700607,1,0,1,0,1,0,0,0,1
242852465,1,0,0,0,1,0,0,0,1
242900074,1,0,1,0,1,0,0,0,1
242900314,1,0,1,0,1,0,0,0,1
242900553,1,0,1,0,1,0,0,0,1
242900561,1,0,0,0,1,0,0,0,1
242900629,1,0,1,0,1,0,0,0,1
242900645,1,0,1,0,1,0,0,0,1
242900660,1,0,1,0,1,0,0,0,1
242900694,1,0,1,0,1,0,0,0,1
242900702,1,0,1,0,1,0,0,0,1
242900710,1,0,1,0,1,0,0,0,1
242900744,1,0,0,0,1,0,0,0,1
242900751,1,0,1,0,1,0,0,0,1
242900769,1,0,1,0,1,0,0,0,1
242900793,1,0,1,0,1,0,0,0,1
242900801,1,0,1,0,1,0,0,0,1
242900835,1,0,1,0,1,0,0,0,1
243000270,0,1,0,1,0,1,1,1,0
243000296,0,1,1,1,0,1,1,1,0
243000569,0,1,1,0,0,1,1,1,0
243000585,0,1,1,1,0,1,1,1,0
243000593,0,1,1,1,0,1,1,1,0
243000643,0,1,1,1,0,1,1,1,0
243000650,0,1,1,0,0,1,1,1,0
243000684,0,1,1,1,0,1,1,1,0
243100518,0,0,1,0,0,0,0,0,0
243100567,0,0,1,0,0,0,0,1,0
243100633,0,0,1,0,0,0,0,0,0
243100732,0,0,1,0,0,0,0,0,0
243100773,0,0,1,1,0,0,0,0,0
243100781,0,0,1,0,0,0,0,0,0
243100815,0,0,1,0,0,0,0,0,0
243200391,0,0,0,0,0,0,0,0,0
243200409,0,0,0,0,0,0,0,0,0
243200417,0,0,0,0,0,0,0,0,0
243200425,0,0,0,0,0,0,0,0,0
243200458,0,0,0,0,0,0,0,0,0
243200508,0,0,0,0,0,0,0,0,0
243200599,0,0,0,0,0,0,0,0,0
243200607,0,0,0,0,0,0,0,0,0
243300316,0,0,1,0,0,0,0,0,0
243300563,0,0,1,0,0,0,0,0,0
243300811,0,0,1,0,0,0,0,0,0
243301165,0,0,1,0,0,0,0,0,0
243301181,0,0,1,1,0,0,0,0,0
243301215,0,0,1,0,0,0,0,0,0
243301223,0,0,1,0,0,0,0,0,0
243301249,0,0,1,0,0,0,0,0,0
243301264,0,0,1,0,0,0,0,0,0
243301355,0,0,1,0,0,0,0,0,0
243301371,0,0,1,0,0,0,0,0,0
243301389,0,0,0,0,0,0,0,0,0
243301397,0,0,1,0,0,0,0,0,0
243301405,0,0,0,0,0,0,0,0,0
243301439,0,0,1,0,0,0,0,0,0
243301447,0,0,1,0,0,0,0,0,0
243301454,0,0,1,0,0,0,0,0,0
243301504,0,0,1,0,0,0,0,0,0
243400017,0,1,1,1,0,1,1,1,0
243400355,0,1,1,1,0,1,0,1,0
243400470,0,1,1,0,0,1,1,1,0
243400488,0,1,1,0,0,1,0,1,0
243400520,0,1,1,1,0,1,1,1,0
243400694,0,1,1,1,0,1,1,1,0
243400736,0,1,0,1,0,1,1,1,0
243400769,0,1,1,1,0,1,0,1,0
243400819,0,1,1,0,0,1,0,1,0
243500139,1,0,1,0,1,0,0,0,1
243500550,1,0,1,0,1,0,0,0,1
243500618,1,0,1,0,1,0,0,0,1
243500634,1,0,1,0,1,0,0,0,1
243500659,1,0,1,0,1,0,0,0,1
243500667,1,0,1,0,1,0,0,0,1
243500725,1,0,1,0,1,0,0,0,1
243500733,1,0,1,0,1,0,0,0,1
243500741,1,0,1,0,1,0,0,0,1
243500774,1,0,1,0,1,0,0,0,1
243500782,1,0,1,0,1,0,0,0,1
243600202,1,0,0,0,1,0,0,0,1
243600236,1,0,1,0,1,0,0,0,1
243600293,1,0,0,0,1,0,0,0,1
243600301,0,0,0,0,0,0,0,0,0
243600319,0,0,0,0,0,0,0,0,0
243600327,0,0,1,0,0,0,0,0,0
243600343,0,0,0,0,0,0,0,0,0
243600350,0,0,0,0,0,0,0,0,0
243700499,1,0,0,0,1,0,0,0,1
243700754,1,0,1,0,1,0,0,0,1
243700820,1,0,1,0,1,0,0,0,1
243800604,0,1,1,1,0,1,1,1,0
243800745,0,1,0,0,0,1,1,1,0
243800935,0,1,1,1,0,1,1,1,0
243800984,0,1,1,0,0,1,1,1,0
243801024,0,1,0,0,0,1,1,1,0
243801073,0,1,1,0,0,1,1,1,0
243801255,0,1,1,0,0,1,1,1,0
243900354,0,1,1,1,0,1,1,1,0
243900420,1,1,0,0,1,1,1,1,1
243900479,0,1,1,1,0,1,1,1,1
243900560,1,1,0,0,1,1,1,1,1
243900610,0,1,0,1,0,1,1,1,1
243901089,1,1,0,0,1,1,1,1,1
244000543,0,0,0,0,0,0,0,0,0
244000659,0,0,1,0,0,0,0,0,0
244000675,0,0,1,0,0,0,0,0,0
244000691,0,0,0,0,0,0,0,0,0
244000766,0,0,0,0,0,0,0,0,0
244000774,0,0,0,0,0,0,0,0,0
244000808,0,0,1,0,0,0,0,0,0
244000824,0,0,0,0,0,0,0,0,0
244000857,0,0,0,0,0,0,0,0,0
244000865,0,0,1,0,0,0,0,0,0
244000873,0,0,0,0,0,0,0,0,0
244000881,0,0,0,0,0,0,0,0,0
244100293,1,0,0,0,1,0,0,0,1
244100780,1,0,0,0,1,0,0,0,1
244100798,1,0,0,0,1,0,0,0,1
244100806,1,0,0,0,1,0,1,0,1
244200614,0,1,0,0,0,1,1,1,0
244200622,0,1,0,0,0,1,1,1,0
244200630,0,1,0,0,0,1,1,1,0
244200770,0,1,1,1,0,1,1,1,0
244200820,0,1,0,0,0,1,1,1,0
244200895,0,1,1,0,0,1,1,1,0
244300307,0,1,0,0,0,1,1,1,0
244301016,0,1,1,0,0,1,1,1,0
244301099,0,1,1,0,0,1,1,1,0
244301107,0,1,0,0,0,1,1,1,0
244301123,0,1,0,0,0,1,1,1,0
244301131,0,1,1,0,0,1,1,1,0
244400404,1,0,1,0,1,0,0,0,1
244400438,1,0,1,0,1,0,0,0,1
244400453,1,0,1,0,1,0,0,0,1
244400503,1,0,1,0,1,0,0,0,1
244400537,1,0,0,0,1,0,0,0,1
244400552,1,0,1,0,1,0,0,0,1
244400586,1,0,1,0,1,0,0,0,1
244400610,1,0,1,0,1,0,0,0,1
244400644,1,0,1,0,1,0,0,0,1
244500203,1,0,1,1,1,0,1,0,1
244500211,1,0,1,0,1,0,1,0,1
244500419,1,1,1,0,1,1,1,0,1
244500427,1,0,1,0,1,0,1,0,1
244500468,1,0,1,0,1,0,1,0,1
244500484,1,0,1,0,1,0,1,0,1
244500542,1,0,0,0,1,0,1,0,1
244600433,0,0,0,0,0,0,0,0,0
244600482,0,0,0,0,0,0,0,0,0
244600532,0,0,0,0,0,0,0,0,0
244600573,0,0,0,0,0,0,0,0,0
244700449,0,0,0,0,0,0,0,0,0
244700464,0,0,0,0,0,0,0,0,0
244701355,0,0,0,0,0,0,0,0,0
244701405,0,0,0,1,0,0,0,0,0
244800405,0,1,1,0,0,1,1,1,0
244800470,0,1,0,0,0,1,1,1,0
244900015,1,0,1,0,1,0,0,0,1
244900809,1,0,0,0,1,0,0,0,1
244900882,1,0,0,0,1,0,0,0,1
245100615,1,1,1,0,1,1,1,1,1
245100888,1,1,0,0,1,1,1,1,1
245100979,1,1,0,0,1,1,1,1,1
245200597,1,1,0,0,1,1,1,1,1
245300223,1,0,0,0,1,0,0,0,1
245300355,1,0,0,0,1,0,0,0,1
245300389,1,0,0,0,1,0,0,0,1
245300447,1,0,1,0,1,0,0,0,1
245400171,1,1,1,0,1,1,1,1,1
245400189,1,1,1,0,1,1,1,1,1
245400262,1,1,1,1,1,1,1,1,1
245400510,1,1,0,0,1,1,1,1,1
245400601,1,1,1,0,1,1,1,1,1
245400676,1,1,1,0,1,1,1,1,1
245400759,1,1,0,0,1,1,1,1,1
245500327,1,1,0,0,1,1,1,1,1
245501176,1,1,0,0,1,1,1,1,1
245501184,1,1,0,0,1,1,1,1,1
245501242,1,1,0,1,1,1,1,1,1
245501259,1,1,0,1,1,1,1,1,1
245600440,1,0,1,0,1,0,0,0,1
245600465,1,0,1,0,1,0,0,0,1
245614383,1,0,1,0,1,0,0,0,1
245614417,1,0,0,0,1,0,0,0,1
245614433,1,0,1,0,1,0,0,0,1
245700133,1,1,1,0,1,1,1,1,1
245700372,1,1,1,1,1,1,1,1,1
245700398,1,1,1,1,1,1,1,1,1
245700695,1,1,1,0,1,1,1,1,1
245700950,1,1,1,0,1,1,1,1,1
245701164,1,1,1,0,1,1,1,1,1
245701206,1,1,0,0,1,1,1,1,1
245701222,1,1,1,1,1,1,1,1,1
245701271,1,1,1,0,1,1,1,1,1
245701354,1,1,1,0,1,1,1,1,1
245701362,1,1,1,0,1,1,1,1,1
245701404,1,1,1,1,1,1,1,1,1
245801063,1,1,0,0,1,1,1,1,1
245804406,1,1,1,0,1,1,1,1,1
245804497,0,1,0,0,0,1,1,1,0
245900428,1,0,1,0,1,0,1,0,1
245900758,1,0,1,0,1,0,1,0,1
245901038,1,1,1,0,1,1,1,0,1
245901152,1,1,1,0,1,1,1,0,1
245901160,1,1,1,0,1,1,1,0,1
246000129,1,0,1,1,1,0,1,0,1
246000376,1,0,1,0,1,0,1,0,1
246000566,1,0,1,0,1,0,1,0,1
246000582,1,0,1,1,1,0,1,0,1
246000707,1,0,1,0,1,0,1,0,1
246000749,1,1,1,0,1,1,1,0,1
246000756,1,1,1,0,1,1,1,0,1
246000764,1,0,1,0,1,0,1,0,1
246000772,1,1,1,0,1,1,1,0,1
246000848,1,0,0,0,1,0,1,0,1
246000855,1,1,1,0,1,1,1,0,1
246000871,1,1,1,0,1,1,1,0,1
246000897,1,0,1,0,1,0,1,0,1
246000913,1,0,1,0,1,0,1,0,1
246000921,1,0,1,0,1,0,1,0,1
246100390,1,0,0,0,1,0,0,0,1
246100663,1,0,1,0,1,0,0,0,1
246200299,1,1,1,0,1,1,1,0,1
246200364,1,1,1,0,1,1,1,0,1
246200380,1,0,1,0,1,0,1,0,1
246200729,1,0,1,0,1,0,1,0,1
246200844,1,0,1,0,1,0,1,0,1
246201016,1,0,1,0,1,0,1,0,1
246300701,0,1,1,0,0,1,1,1,0
246300966,0,1,0,0,0,1,1,1,0
246301097,0,1,1,0,0,1,1,1,0
246400337,0,0,0,0,0,0,0,0,0
246401756,0,0,1,0,0,0,0,0,0
246500482,0,0,0,0,0,0,0,0,0
246500573,0,0,0,0,0,0,0,0,0
246600282,0,1,1,0,0,1,0,1,0
246600373,0,1,1,0,0,1,0,1,0
246600399,0,0,0,1,0,0,0,1,0
246600415,0,0,1,1,0,0,0,1,0
246600423,0,0,0,1,0,0,0,1,0
246600449,0,1,1,1,0,1,0,1,0
246600464,0,0,0,0,0,0,0,1,0
246600548,0,0,0,0,0,0,0,1,0
246700306,1,1,1,0,1,1,1,1,1
246700488,1,1,1,0,1,1,1,1,1
246700744,1,1,1,0,1,1,1,1,1
246700777,1,1,1,0,1,1,1,1,1
246700843,1,1,1,0,1,1,1,1,1
246700926,1,1,1,0,1,1,1,1,1
246700959,1,1,1,0,1,1,1,1,1
246700967,1,1,1,0,1,1,1,1,1
246701064,1,1,1,0,1,1,1,1,1
246701080,1,1,1,0,1,1,1,1,1
246701098,1,1,1,0,1,1,1,1,1
246800205,1,1,1,0,1,1,1,1,1
246800395,1,1,1,0,1,1,1,1,1
246800445,1,1,1,0,1,1,1,1,1
246800494,1,1,1,0,1,1,1,1,1
246800551,1,1,1,0,1,1,1,1,1
246800569,1,1,1,0,1,1,1,1,1
246800577,1,1,1,0,1,1,1,1,1
246800585,1,1,1,0,1,1,1,1,1
246800676,1,1,1,0,1,1,1,1,1
246800726,1,1,1,0,1,1,1,1,1
246900575,0,1,1,0,0,1,1,1,0
246900625,0,1,1,0,0,1,1,1,0
246900724,0,1,1,0,0,1,1,1,0
246900740,0,1,1,0,0,1,1,1,0
246900757,0,1,1,0,0,1,1,1,0
246900765,0,1,1,0,0,1,1,1,0
247000011,1,1,1,0,1,1,1,1,1
247000367,1,1,0,0,1,1,1,1,1
247000623,1,1,0,0,1,1,1,1,1
247000664,1,1,1,0,1,1,1,1,1
247000698,1,1,0,0,1,1,1,1,1
247000706,1,1,0,0,1,1,1,1,1
247000714,1,1,0,0,1,1,1,1,1
247000722,1,1,1,0,1,1,1,1,1
247000755,1,1,1,0,1,1,1,1,1
247000821,1,1,1,0,1,1,1,1,1
247000854,1,1,0,0,1,1,1,1,1
247100290,0,1,1,0,0,1,1,1,0
247100589,0,1,1,0,0,1,1,1,1
247100639,0,1,0,0,0,1,1,1,0
247100647,0,1,0,0,0,1,1,1,1
247103765,0,1,0,0,0,1,1,1,0
247103864,0,1,0,0,0,1,1,1,0
247104094,0,1,0,0,0,1,1,1,0
247200090,1,0,1,0,1,0,0,0,1
247200132,1,0,1,0,1,0,0,0,1
247200348,1,0,1,0,1,0,0,0,1
247200421,1,0,1,0,1,0,0,0,1
247200447,1,0,1,0,1,0,0,0,1
247200629,1,0,1,0,1,0,0,0,1
247200686,1,0,1,0,1,0,0,0,1
247300015,0,1,1,0,0,1,1,1,0
247300254,0,1,0,0,0,1,1,1,0
247300262,0,1,0,0,0,1,1,1,0
247300361,0,1,0,0,0,1,1,1,0
247300452,0,1,0,0,0,1,1,1,0
247300528,0,1,1,0,0,1,1,1,0
247300668,0,1,1,0,0,1,1,1,0
247300676,0,1,0,1,0,1,1,1,0
247300817,0,1,0,0,0,1,1,1,0
247400047,0,1,1,1,0,1,1,1,0
247400112,0,1,1,1,0,1,1,1,0
247400567,0,1,1,1,0,1,1,1,0
247400583,0,1,1,1,0,1,1,1,0
247400617,0,1,0,0,0,1,1,1,0
247400666,0,1,1,1,0,1,1,1,0
247400682,0,1,0,0,0,1,1,1,0
247400690,0,1,1,1,0,1,1,1,0
247400724,0,1,1,1,0,1,1,1,0
247400740,0,1,1,1,0,1,1,1,0
247400773,0,1,1,0,0,1,1,1,0
247600505,1,0,1,0,1,0,0,0,1
247600588,1,0,1,0,1,0,1,0,1
247600604,1,0,0,0,1,0,1,0,1
247600620,1,0,1,0,1,0,0,0,1
247600646,1,0,1,0,1,0,0,0,1
247600729,1,0,1,0,1,0,1,0,1
247600786,1,0,1,0,1,0,1,0,1
247700032,1,1,1,0,1,1,1,0,1
247700057,1,0,1,1,1,0,1,0,1
247700065,1,1,1,1,1,1,1,0,1
247700107,1,1,1,1,1,1,1,0,1
247700339,1,1,1,0,1,1,1,0,1
247700594,1,0,1,0,1,0,1,0,1
247700644,1,0,1,0,1,0,1,0,1
247700701,1,1,1,1,1,1,1,0,1
247800550,1,0,1,0,1,0,1,0,1
247800584,1,0,1,0,1,0,1,0,1
247800618,1,0,1,0,1,0,1,0,1
247900798,1,0,1,0,1,0,0,0,0
248000499,1,0,1,0,1,0,1,0,1
248000531,1,0,1,0,1,0,1,0,1
248000747,1,0,1,0,1,0,1,0,1
248100158,0,0,1,0,0,0,0,1,0
248100430,0,0,1,0,0,0,0,1,0
248100497,0,0,0,0,0,0,0,1,0
248100737,0,0,1,0,0,0,0,1,0
248100745,0,0,0,0,0,0,0,1,0
248200016,0,0,0,0,0,0,0,0,0
248200057,0,0,0,1,0,0,0,0,0
248200065,0,0,0,0,0,0,0,0,0
248200099,0,0,1,1,0,0,0,0,0
248200107,0,0,0,1,0,0,0,1,0
248300394,0,1,1,0,0,1,1,1,0
248300410,0,1,1,1,0,1,1,1,0
248300493,0,1,1,1,0,1,1,1,0
248300543,0,1,1,1,0,1,1,1,0
248300550,0,1,1,1,0,1,1,1,0
248400053,0,1,1,1,0,1,1,1,0
248400160,0,1,1,1,0,1,1,1,0
248400236,0,1,1,1,0,1,1,1,0
248400251,0,1,1,1,0,1,1,1,0
248400285,0,1,1,1,0,1,1,1,0
248400293,0,1,1,1,0,1,1,1,0
248400319,0,1,1,1,0,1,1,1,0
248400335,0,1,1,1,0,1,1,1,0
248500191,1,0,1,0,1,0,0,0,1
248500258,1,0,1,0,1,0,0,0,0
248500340,0,0,1,0,0,0,0,0,0
248500415,0,0,0,0,0,0,0,0,0
248500464,0,0,1,0,0,0,0,0,0
248500530,0,0,1,0,0,0,0,0,0
248500563,0,0,0,0,0,0,0,0,0
248500589,0,0,1,0,0,0,0,0,0
248500621,1,0,1,0,1,0,0,0,0
248500662,1,0,1,0,1,0,0,0,0
248600413,0,0,1,0,0,0,0,0,0
248600447,1,0,0,0,1,0,0,0,0
248700189,0,0,0,0,0,0,0,0,0
248719262,0,0,0,0,0,0,0,0,0
248719288,0,0,1,0,0,0,0,0,0
248719312,0,0,1,0,0,0,0,0,0
248719338,0,0,0,0,0,0,0,0,0
248719353,0,0,0,0,0,0,0,0,0
248719361,0,0,0,0,0,0,0,0,0
248900334,1,1,1,0,1,1,1,1,1
248900383,1,1,1,0,1,1,1,1,1
248900524,1,1,0,0,1,1,1,1,1
248900664,1,1,0,0,1,1,1,1,1
248900748,1,1,0,1,1,1,1,0,1
248900896,1,1,1,0,1,1,1,0,1
248900938,1,1,0,0,1,1,1,1,1
249000241,1,1,1,1,1,1,1,1,1
249100074,1,0,1,0,1,0,1,0,1
249100157,1,0,1,0,1,0,1,0,1
249100546,1,0,1,0,1,0,1,0,1
249100553,1,0,1,0,1,0,1,0,1
249100595,1,0,1,0,1,0,1,0,1
249500109,1,0,1,1,1,0,1,0,1
249500430,1,0,1,0,1,0,1,0,1
249500455,1,0,1,0,1,0,1,0,1
249500489,1,0,1,1,1,0,1,0,1
249500513,1,0,1,0,1,0,1,0,1
93053,1,0,1,1,1,0,0,0,1
91432,1,0,0,0,1,0,0,0,1
93079,1,0,0,1,1,0,0,0,1
94071,1,0,0,0,1,0,0,0,1
91687,1,0,0,1,1,0,0,0,1
94075,1,0,0,1,1,0,0,0,1
92002,1,0,1,0,1,0,0,0,1
93064,1,0,1,1,1,0,0,0,1
94041,1,0,1,1,1,0,0,0,1
93031,1,0,1,1,1,0,0,0,1
94033,1,0,1,0,1,0,0,0,1
94018,1,0,1,0,1,0,0,0,1
94022,1,0,1,1,1,0,0,0,1
94034,1,0,1,1,1,0,0,0,1
92026,1,0,1,0,1,0,0,0,1
93070,1,0,1,1,1,0,0,0,1
92076,1,0,0,0,1,0,0,0,1
69205,0,1,0,0,0,1,1,1,0
69044,0,1,0,0,0,1,1,1,0
69290,0,1,0,1,0,1,1,1,0
69194,0,1,0,0,0,1,1,1,0
69266,0,1,1,1,0,1,1,1,0
69096,0,1,0,1,0,1,1,1,0
69279,0,1,0,0,0,1,1,1,0
69199,0,1,0,1,0,1,1,1,0
69282,0,1,0,1,0,1,1,1,0
69286,0,1,0,1,0,1,1,1,0
69284,0,1,0,0,0,1,1,1,0
69256,0,1,0,1,0,1,1,1,0
69143,0,1,0,0,0,1,1,1,0
69071,0,1,0,0,0,1,1,1,0
69207,0,1,0,1,0,1,1,1,0
69278,0,1,0,0,0,1,1,1,0
69088,0,1,0,0,0,1,1,1,0
93013,1,0,1,1,1,0,0,0,1
93014,1,0,1,1,1,0,0,0,1
93029,1,0,1,1,1,0,0,0,1
93073,1,0,0,1,1,0,0,0,1
94079,1,0,1,1,1,0,0,0,1
92032,1,0,1,0,1,0,0,0,1
92019,1,0,0,0,1,0,0,0,1
93008,1,0,1,1,1,0,0,0,1
94002,1,0,1,1,1,0,0,0,1
92035,1,0,1,0,1,0,0,0,1
92063,1,0,0,0,1,0,0,0,1
92064,1,0,0,0,1,0,0,0,1
92022,1,0,0,0,1,0,0,0,1
92004,1,0,1,1,1,0,0,0,1
13024,0,1,0,1,0,1,0,1,0
13049,0,1,0,1,0,1,0,1,0
13008,0,1,0,0,0,1,0,1,0
84089,1,0,0,1,1,0,0,0,1
94001,1,0,0,1,1,0,0,0,1
94055,1,0,0,0,1,0,0,0,1
94044,1,0,0,1,1,0,0,0,1
91589,1,0,0,1,1,0,0,0,1
92075,1,0,1,0,1,0,0,0,1
92040,1,0,1,0,1,0,0,0,1
94069,1,0,1,0,1,0,0,0,1
92071,1,0,0,0,1,0,0,0,1
94077,1,0,0,1,1,0,0,0,1
93049,1,0,1,0,1,0,0,0,1
94081,1,0,1,1,1,0,0,0,1
94046,1,0,1,0,1,0,0,0,1
92025,1,0,1,1,1,0,0,0,1
92060,1,0,1,0,1,0,0,0,1
92046,1,0,1,0,1,0,0,0,1
92020,1,0,1,1,1,0,0,0,1
94053,1,0,0,0,1,0,0,0,1
94047,1,0,0,0,1,0,0,0,1
93015,1,0,0,1,1,0,0,0,1
93046,1,0,1,1,1,0,0,0,1
93078,1,0,0,1,1,0,0,0,1
93074,1,0,0,1,1,0,0,0,1
94058,1,0,1,0,1,0,0,0,1
94015,1,0,0,0,1,0,0,0,1
94048,1,0,0,0,1,0,0,0,1
94076,1,0,1,1,1,0,0,0,1
93059,1,0,1,1,1,0,0,0,1
95018,1,0,1,1,1,0,0,0,1
92078,1,0,1,1,1,0,0,0,1
94068,1,0,1,0,1,0,0,0,1
93051,1,0,0,1,1,0,0,0,1
92023,1,0,1,0,1,0,0,0,1
93001,1,0,1,1,1,0,0,0,1
92072,1,0,0,0,1,0,0,0,1
93007,1,0,1,1,1,0,0,0,1
93030,1,0,0,1,1,0,0,0,1
93072,1,0,1,1,1,0,0,0,1
93071,1,0,1,1,1,0,0,0,1
94067,1,0,1,0,1,0,0,0,1
93027,1,0,0,1,1,0,0,0,1
93063,1,0,1,1,1,0,0,0,1
93010,1,0,1,1,1,0,0,0,1
94080,1,0,1,0,1,0,0,0,1
92062,1,0,1,0,1,0,0,0,1
93066,1,0,1,1,1,0,0,0,1
92047,1,0,0,0,1,0,0,0,1
94042,1,0,1,0,1,0,0,0,1
92009,1,0,1,0,1,0,0,0,1
94011,1,0,0,1,1,0,0,0,1
91027,1,0,0,1,1,0,0,0,1
94059,1,0,0,0,1,0,0,0,1
94004,1,0,0,1,1,0,0,0,1
94054,1,0,0,1,1,0,0,0,1
94065,1,0,0,0,1,0,0,0,1
94028,1,0,1,1,1,0,0,0,1
94037,1,0,1,1,1,0,0,0,1
94043,1,0,1,0,1,0,0,0,1
94073,1,0,0,1,1,0,0,0,1
94038,1,0,1,1,1,0,0,0,1
94003,1,0,1,0,1,0,0,0,1
92007,1,0,1,1,1,0,0,0,1
92033,1,0,1,0,1,0,0,0,1
92077,1,0,0,0,1,0,0,0,1
69202,0,1,0,0,0,1,1,1,0
69046,0,1,0,0,0,1,1,1,0
69275,0,1,0,1,0,1,1,1,0
69149,0,1,1,0,0,1,1,1,0
93005,1,0,0,1,1,0,0,0,1
94052,1,0,1,0,1,0,0,0,1
94074,1,0,0,1,1,0,0,0,1
93050,1,0,0,1,1,0,0,0,1
93055,1,0,1,1,1,0,0,0,1
94021,1,0,0,1,1,0,0,0,1
94078,1,0,0,1,1,0,0,0,1
92048,1,0,0,0,1,0,0,0,1
94017,1,0,1,1,1,0,0,0,1
69069,0,1,0,0,0,1,1,1,0
69081,0,1,0,0,0,1,1,1,0
69250,0,1,0,0,0,1,1,1,0
69033,0,1,0,0,0,1,1,1,0
92044,1,0,1,0,1,0,0,0,1
93032,1,0,0,1,1,0,0,0,1
94070,1,0,0,0,1,0,0,0,1
93047,1,0,0,1,1,0,0,0,1
13043,0,1,0,1,0,1,0,1,0
13093,0,1,0,0,0,1,0,1,0
13084,0,1,0,1,0,1,0,1,0
13030,0,1,0,1,0,1,0,1,0
92049,1,0,1,0,1,0,0,0,1
69117,0,1,0,0,0,1,1,1,0
69116,0,1,0,0,0,1,1,1,0
13025,0,1,0,0,0,1,0,1,0
92073,1,0,1,0,1,0,0,0,1
13013,0,1,0,1,0,1,0,1,0
94056,1,0,0,0,1,0,0,0,1
93077,1,0,1,1,1,0,0,0,1
92014,1,0,1,0,1,0,0,0,1
13119,0,1,0,1,0,1,0,1,0
13022,0,1,0,0,0,1,0,1,0
13028,0,1,0,1,0,1,0,1,0
13098,0,1,0,1,0,1,0,1,0
13016,0,1,0,1,0,1,0,1,0
13054,0,1,0,1,0,1,0,1,0
13046,0,1,0,1,0,1,0,1,0
13014,0,1,0,1,0,1,0,1,0
13029,0,1,0,1,0,1,0,1,0
13063,0,1,0,1,0,1,0,1,0
13095,0,1,0,0,0,1,0,1,0
13106,0,1,0,1,0,1,0,1,0
13048,0,1,0,1,0,1,0,1,0
13021,0,1,0,0,0,1,0,1,0
13031,0,1,0,1,0,1,0,1,0
13090,0,1,0,0,0,1,0,1,0
13050,0,1,0,1,0,1,0,1,0
13102,0,1,0,1,0,1,0,1,0
13072,0,1,0,1,0,1,0,1,0
13062,0,1,0,1,0,1,0,1,0
13113,0,1,0,0,0,1,0,1,0
13114,0,1,0,0,0,1,0,1,0
13082,0,1,0,0,0,1,0,1,0
13042,0,1,0,1,0,1,0,1,0
13085,0,1,0,1,0,1,0,1,0
13007,0,1,0,1,0,1,0,1,0
13110,0,1,0,1,0,1,0,1,0
13077,0,1,0,1,0,1,0,1,0
13053,0,1,0,1,0,1,0,1,0
69087,0,1,0,0,0,1,1,1,0
69233,0,1,0,0,0,1,1,1,0
13009,0,1,0,1,0,1,0,1,0
13012,0,1,0,0,0,1,0,1,0
13118,0,1,0,0,0,1,0,1,0
13037,0,1,0,1,0,1,0,1,0
13087,0,1,0,1,0,1,0,1,0
13086,0,1,0,1,0,1,0,1,0
13074,0,1,0,1,0,1,0,1,0
13073,0,1,0,1,0,1,0,1,0
13020,0,1,0,1,0,1,0,1,0
13101,0,1,0,1,0,1,0,1,0
13026,0,1,0,1,0,1,0,1,0
13059,0,1,0,1,0,1,0,1,0
13040,0,1,0,1,0,1,0,1,0
13035,0,1,0,1,0,1,0,1,0
13092,0,1,0,1,0,1,0,1,0
13047,0,1,0,1,0,1,0,1,0
13105,0,1,0,1,0,1,0,1,0
13051,0,1,0,1,0,1,0,1,0
13117,0,1,0,1,0,1,0,1,0
13109,0,1,0,0,0,1,0,1,0
13041,0,1,0,1,0,1,0,1,0
13081,0,1,0,1,0,1,0,1,0
13015,0,1,0,0,0,1,0,1,0
13019,0,1,0,0,0,1,0,1,0
13112,0,1,0,0,0,1,0,1,0
13001,0,1,0,1,0,1,0,1,0
13032,0,1,0,0,0,1,0,1,0
13080,0,1,0,1,0,1,0,1,0
13091,0,1,0,0,0,1,0,1,0
13070,0,1,0,1,0,1,0,1,0
13005,0,1,0,1,0,1,0,1,0
13002,0,1,0,1,0,1,0,1,0
13107,0,1,0,1,0,1,0,1,0
13075,0,1,0,1,0,1,0,1,0
13071,0,1,0,1,0,1,0,1,0
13044,0,1,0,1,0,1,0,1,0
13103,0,1,0,1,0,1,0,1,0
13023,0,1,0,1,0,1,0,1,0
13111,0,1,0,0,0,1,0,1,0
13039,0,1,0,1,0,1,0,1,0
13056,0,1,0,1,0,1,0,1,0
13104,0,1,0,0,0,1,0,1,0
13033,0,1,0,1,0,1,0,1,0
13088,0,1,0,1,0,1,0,1,0
13078,0,1,0,1,0,1,0,1,0
83120,1,0,0,1,1,0,0,0,1
13079,0,1,0,1,0,1,0,1,0
69153,0,1,0,0,0,1,1,1,0
69072,0,1,0,0,0,1,1,1,0
69163,0,1,0,0,0,1,1,1,0
92024,1,0,1,1,1,0,0,0,1
69100,0,1,0,0,0,1,1,1,0
13115,0,1,0,1,0,1,0,1,0
69089,0,1,0,0,0,1,1,1,0
69142,0,1,0,1,0,1,1,1,0
69293,0,1,0,0,0,1,1,1,0
69283,0,1,0,0,0,1,1,1,0
69068,0,1,0,0,0,1,1,1,0
69152,0,1,0,1,0,1,1,1,0
69191,0,1,0,0,0,1,1,1,0
69292,0,1,0,0,0,1,1,1,0
69063,0,1,0,0,0,1,1,1,0
69168,0,1,0,0,0,1,1,1,0
69034,0,1,0,0,0,1,1,1,0
69276,0,1,0,1,0,1,1,1,0
69296,0,1,0,0,0,1,1,1,0
69003,0,1,0,0,0,1,1,1,0
69244,0,1,0,0,0,1,1,1,0
69040,0,1,0,0,0,1,1,1,0
69259,0,1,0,1,0,1,1,1,0
69271,0,1,0,0,0,1,1,1,0
69260,0,1,0,0,0,1,1,1,0
91479,1,0,0,1,1,0,0,0,1
93006,1,0,1,1,1,0,0,0,1
92051,1,0,1,0,1,0,0,0,1
92050,1,0,1,1,1,0,0,0,1
93033,1,0,0,0,1,0,0,0,1
93062,1,0,1,0,1,0,0,0,1
91326,1,0,1,1,1,0,0,0,1
93045,1,0,1,0,1,0,0,0,1
92036,1,0,0,1,1,0,0,0,1
93039,1,0,0,1,1,0,0,0,1
92012,1,0,1,0,1,0,0,0,1
94016,1,0,1,0,1,0,0,0,1
69127,0,1,0,0,0,1,1,1,0
69204,0,1,0,0,0,1,1,1,0
69091,0,1,0,1,0,1,1,1,0
94019,1,0,0,1,1,0,0,0,1
94060,1,0,0,1,1,0,0,0,1
93057,1,0,1,1,1,0,0,0,1
93061,1,0,1,1,1,0,0,0,1
93048,1,0,1,1,1,0,0,0,1
69029,0,1,0,1,0,1,1,1,0
69085,0,1,0,0,0,1,1,1,0
13060,0,1,0,1,0,1,0,1,0
13099,0,1,0,1,0,1,0,1,0
13069,0,1,0,1,0,1,0,1,0
13003,0,1,0,1,0,1,0,1,0
69273,0,1,0,1,0,1,1,1,0
13210,0,1,1,1,0,1,0,1,0
13212,0,1,1,1,0,1,0,1,0
13214,0,1,1,1,0,1,0,1,0
13213,0,1,1,1,0,1,0,1,0
13211,0,1,1,1,0,1,0,1,0
69382,0,1,1,0,0,1,1,1,0
69385,0,1,1,0,0,1,1,1,0
69381,0,1,1,0,0,1,1,1,0
69389,0,1,1,1,0,1,1,1,0
69384,0,1,1,0,0,1,1,1,0
69388,0,1,1,1,0,1,1,1,0
69383,0,1,1,0,0,1,1,1,0
69386,0,1,1,0,0,1,1,1,0
75116,1,0,1,0,1,0,0,0,1
75115,1,0,1,0,1,0,0,0,1
75114,1,0,1,0,1,0,0,0,1
75107,1,0,1,0,1,0,0,0,1
75106,1,0,1,0,1,0,0,0,1
75105,1,0,1,0,1,0,0,0,1
75104,1,0,1,0,1,0,0,0,1
75103,1,0,1,0,1,0,0,0,1
75111,1,0,1,0,1,0,0,0,1
75112,1,0,1,0,1,0,0,0,1
75117,1,0,1,0,1,0,0,0,1
75108,1,0,1,0,1,0,0,0,1
75109,1,0,1,0,1,0,0,0,1
75110,1,0,1,0,1,0,0,0,1
75118,1,0,1,0,1,0,0,0,1
13216,0,1,1,1,0,1,0,1,0
13215,0,1,1,1,0,1,0,1,0
13209,0,1,1,1,0,1,0,1,0
13208,0,1,1,0,0,1,0,1,0
13202,0,1,1,1,0,1,0,1,0
75101,1,0,1,0,1,0,0,0,1
75102,1,0,1,0,1,0,0,0,1
69387,0,1,1,0,0,1,1,1,0
13207,0,1,1,0,0,1,0,1,0
13201,0,1,1,1,0,1,0,1,0
13203,0,1,1,1,0,1,0,1,0
13206,0,1,1,1,0,1,0,1,0
13205,0,1,1,1,0,1,0,1,0
13204,0,1,1,1,0,1,0,1,0
75113,1,0,1,0,1,0,0,0,1
75119,1,0,1,0,1,0,0,0,1
75120,1,0,1,0,1,0,0,0,1
