codgeo,Abstention,LePen,Melenchon,Macron,Fillon,DupontAignan,Lassalle,Hamon,Asselineau,Poutou,Arthaud,Cheminade,Abstention2,LePen2,Macron2
13001,1,0,1,1,1,0,0,1,1,0,0,0,1,0,1
13002,0,1,0,0,1,0,1,0,0,0,0,1,0,1,0
13003,0,1,1,0,0,0,1,0,1,0,0,0,0,1,0
13005,1,1,1,0,0,0,0,0,1,0,0,0,1,1,0
13007,0,1,1,0,0,0,0,0,0,0,0,0,0,1,0
13008,0,0,0,1,1,0,1,1,0,0,0,1,0,0,1
13009,0,1,0,0,1,1,1,0,1,0,0,0,0,1,0
13012,0,0,0,1,1,0,0,0,0,0,0,0,0,0,1
13013,0,1,1,0,1,0,1,0,1,0,0,0,0,1,0
13014,1,1,1,0,0,0,0,0,1,0,1,0,1,1,0
13015,0,0,0,1,1,0,0,0,0,0,0,0,0,0,1
13016,0,1,1,0,0,0,1,0,1,0,0,0,0,1,0
13019,0,0,0,1,1,0,1,0,0,0,0,1,0,0,1
13020,0,1,1,0,0,1,0,0,0,0,0,1,0,1,0
13021,0,1,0,0,1,0,0,0,0,0,0,0,1,1,0
13022,1,0,0,0,1,0,0,0,0,0,0,0,1,0,1
13023,0,1,0,0,1,0,1,0,1,0,0,1,1,1,0
13024,0,1,1,0,0,1,1,0,0,1,0,0,1,1,0
13025,0,0,0,1,1,0,1,0,1,0,0,0,0,0,1
13026,1,1,1,0,0,0,1,0,0,0,0,1,1,1,0
13028,1,1,1,0,1,0,0,0,1,0,0,1,1,1,0
13029,0,1,0,0,1,1,0,0,1,0,0,0,1,1,0
13030,0,1,1,0,0,0,0,0,1,0,0,1,1,1,0
13031,0,1,0,0,0,0,0,0,0,0,0,1,0,1,0
13032,0,0,0,1,1,0,1,0,0,0,0,0,1,0,1
13033,0,1,0,0,1,0,1,0,1,0,0,0,0,1,0
13035,0,1,0,0,1,1,1,0,0,0,0,0,1,1,0
13037,1,1,0,0,0,1,1,0,1,0,0,1,1,1,0
13039,1,1,1,0,0,0,1,0,1,1,0,1,1,1,0
13040,0,0,1,1,1,0,1,0,1,0,0,1,0,0,1
13041,1,1,1,0,0,0,0,0,1,0,0,0,1,1,0
13042,0,1,0,0,1,0,1,0,0,0,0,1,0,1,0
13043,1,1,0,0,0,0,0,0,1,0,0,0,1,1,0
13044,0,1,0,0,1,0,1,0,1,0,0,1,1,1,0
13046,0,1,1,1,0,0,1,0,0,0,0,0,0,1,0
13047,0,1,1,0,0,0,1,0,1,0,1,0,0,1,0
13048,1,1,1,0,0,0,1,0,0,0,0,1,1,1,0
13049,0,1,0,0,1,1,1,0,1,0,0,0,0,1,0
13050,0,0,1,1,1,0,1,0,0,0,0,1,0,1,0
13051,1,1,0,0,1,1,1,0,0,0,0,0,1,1,0
13053,1,1,0,0,1,1,0,0,0,0,0,1,1,1,0
13054,1,1,0,0,0,0,0,0,1,0,0,0,1,1,0
13056,1,1,1,0,0,0,0,0,1,0,0,0,1,1,0
13059,1,1,1,0,0,0,0,1,1,0,0,0,1,1,0
13060,0,1,0,0,1,0,0,0,0,0,0,0,1,1,0
13062,0,1,1,0,0,1,0,0,0,0,0,0,1,1,0
13063,1,1,1,0,0,0,1,0,1,0,0,1,1,1,0
13069,0,1,0,1,1,0,1,0,1,0,0,1,1,1,0
13070,1,1,1,0,0,0,1,0,0,0,0,0,1,1,0
13071,1,1,0,0,0,0,0,0,0,0,0,0,1,1,0
13072,0,0,0,1,1,0,1,0,1,0,0,1,0,0,1
13073,0,1,1,0,0,0,0,0,1,0,0,0,1,1,0
13074,1,1,1,0,0,1,0,0,1,0,0,1,1,1,0
13075,1,1,0,0,1,0,1,0,0,0,0,0,1,1,0
13077,1,1,1,0,0,0,0,0,1,0,1,0,1,1,0
13078,1,1,1,0,0,0,0,0,1,1,1,0,1,1,0
13079,0,0,1,0,1,0,1,1,1,0,0,1,0,1,0
13080,0,1,1,1,1,0,1,1,0,0,0,1,1,1,0
13081,1,1,1,0,0,1,0,0,1,0,0,1,1,1,0
13082,0,0,0,1,1,0,0,1,0,0,0,0,0,0,1
13084,0,1,1,0,0,1,1,0,0,1,0,1,0,0,1
13085,0,1,1,0,1,0,0,0,0,0,0,1,1,1,0
13086,0,1,1,0,1,0,1,0,1,0,0,1,0,1,0
13087,0,0,1,1,0,0,0,0,0,0,0,0,0,0,1
13088,0,1,1,0,0,0,0,0,0,0,0,0,1,1,0
13090,1,0,0,1,1,0,0,1,1,0,0,0,1,0,1
13091,1,0,0,1,1,0,1,0,0,0,0,0,1,1,0
13092,0,1,1,0,0,0,1,0,1,0,0,0,1,1,0
13093,0,0,1,0,1,0,0,1,0,0,0,0,0,0,1
13095,0,0,0,1,1,0,1,0,0,0,0,1,0,0,1
13098,0,1,1,0,0,0,1,0,0,0,0,0,1,1,0
13099,0,1,1,0,0,1,1,0,0,1,0,0,0,1,0
13101,0,1,1,0,0,1,0,0,0,0,0,1,0,1,0
13102,1,1,0,0,0,0,0,0,0,0,0,0,1,1,0
13103,1,1,1,0,1,0,0,0,1,0,0,1,1,1,0
13104,1,1,0,0,1,1,0,0,0,0,0,1,1,1,0
13105,0,1,1,0,0,0,1,0,1,0,0,1,0,1,0
13106,1,1,1,0,0,0,0,0,0,0,0,0,1,1,0
13107,0,1,0,1,1,0,0,0,0,0,0,1,0,1,0
13109,0,0,0,1,1,0,1,0,0,0,0,1,0,0,1
13110,0,1,1,0,0,0,0,0,1,0,0,0,0,1,0
13111,0,0,1,1,1,0,0,0,1,0,0,0,0,0,1
13112,0,1,0,1,1,0,1,0,0,0,0,1,0,1,0
13113,0,0,0,1,1,0,0,0,0,0,0,0,0,0,1
13114,0,0,0,1,1,0,0,0,0,0,0,0,0,0,1
13115,0,1,1,0,1,1,1,0,0,0,0,0,1,1,0
13117,1,1,1,0,0,0,0,0,1,0,0,0,1,1,0
13118,0,1,0,1,1,0,1,0,0,0,0,0,0,1,0
13119,1,1,0,0,1,1,0,0,0,0,0,1,1,1,0
69003,1,0,0,1,1,1,0,1,0,0,0,0,1,0,1
69029,1,0,1,1,1,0,0,1,1,0,0,0,1,0,1
69033,0,0,0,1,1,1,0,0,0,0,0,0,0,0,1
69034,1,0,0,1,1,0,0,1,0,0,0,0,1,0,1
69040,1,0,0,1,1,0,0,0,0,0,0,0,0,0,1
69044,0,0,0,1,1,0,0,0,0,0,0,1,1,0,1
69046,0,0,0,1,1,0,0,0,1,0,0,0,0,0,1
69063,0,0,0,1,1,0,0,0,0,0,0,0,0,0,1
69068,1,0,1,1,1,0,0,1,0,0,1,0,0,0,1
69069,0,0,0,1,1,1,0,1,1,0,0,0,0,0,1
69071,0,0,0,1,1,0,0,1,1,0,0,0,0,0,1
69072,1,0,0,1,1,0,0,0,0,0,0,0,1,0,1
69081,1,0,0,1,1,0,0,0,0,0,0,0,1,0,1
69085,0,0,0,1,1,0,0,1,1,1,0,0,0,0,1
69087,0,0,0,1,1,0,0,1,1,0,0,0,0,0,1
69088,1,0,0,1,1,1,0,0,1,0,0,0,1,0,1
69089,0,0,0,1,1,0,0,1,0,0,0,0,0,0,1
69091,1,0,1,0,0,0,0,1,1,0,1,0,1,0,1
69096,1,1,1,0,0,0,0,1,1,1,1,1,1,0,1
69100,1,0,1,1,1,1,0,1,1,0,1,1,1,0,1
69116,0,0,0,1,1,0,0,0,0,0,0,0,0,0,1
69117,0,0,0,1,1,0,0,0,0,0,0,0,0,0,1
69127,0,0,0,1,1,0,0,1,0,0,0,0,0,0,1
69142,1,0,1,1,1,0,0,1,1,0,1,0,1,0,1
69143,1,0,1,1,1,0,0,1,1,0,0,0,1,0,1
69149,1,0,1,1,0,0,0,1,1,0,1,0,1,0,1
69152,1,0,1,1,0,0,0,1,1,0,0,0,1,0,1
69153,0,0,0,1,1,0,1,1,0,0,0,0,0,0,1
69163,0,1,0,1,1,1,0,0,1,0,0,1,0,1,0
69168,0,0,0,1,1,0,0,0,1,0,1,0,0,0,1
69191,0,0,0,1,1,0,0,0,0,0,0,0,0,0,1
69194,0,0,0,1,1,0,0,0,0,0,0,0,1,0,1
69199,1,0,1,0,0,0,0,1,1,1,1,0,1,0,1
69202,0,0,0,1,1,0,0,1,0,0,0,0,0,0,1
69204,1,0,0,1,1,0,0,1,1,0,0,0,1,0,1
69205,0,0,0,1,1,0,0,1,1,0,0,1,0,0,1
69207,1,0,1,1,1,0,0,1,0,0,0,0,1,0,1
69233,0,0,0,1,1,0,1,1,0,0,0,0,0,0,1
69244,0,0,0,1,1,0,0,0,0,0,0,0,0,0,1
69250,0,0,0,1,1,0,0,0,0,0,0,1,0,0,1
69256,1,0,1,0,0,0,0,1,1,0,1,0,1,0,1
69259,1,0,1,1,0,0,0,1,1,1,1,1,1,0,1
69260,0,0,0,1,1,0,0,0,0,0,0,0,1,0,1
69266,1,0,1,1,0,0,0,1,1,0,0,0,1,0,1
69271,1,0,0,1,1,0,0,0,1,0,0,0,0,0,1
69273,1,1,1,1,0,0,0,1,0,0,1,1,1,0,1
69275,1,1,1,1,0,1,0,1,1,0,0,0,1,0,1
69276,1,1,1,1,0,0,0,1,1,0,0,0,1,0,1
69278,1,0,0,1,1,1,0,0,1,0,0,0,1,0,1
69279,0,1,0,1,1,0,0,0,0,0,0,0,0,1,0
69282,1,0,1,1,0,0,0,1,1,0,0,1,1,0,1
69283,0,1,1,1,0,1,0,0,0,0,0,0,0,1,0
69284,0,0,0,1,1,0,0,1,0,0,0,0,0,0,1
69286,1,0,1,1,1,0,0,1,1,0,0,0,1,0,1
69290,1,0,1,1,0,0,0,1,1,0,1,1,1,0,1
69292,1,1,0,1,0,0,0,1,1,0,0,1,1,1,0
69293,0,0,0,1,1,0,0,1,0,0,0,0,0,0,1
69296,0,0,0,1,1,1,0,0,0,0,0,0,0,0,1
83120,0,1,0,0,0,0,1,0,1,0,0,0,0,1,0
84089,1,1,1,1,0,0,1,0,1,1,0,0,1,1,0
91027,1,0,1,1,0,1,0,1,1,0,0,0,1,0,1
91326,1,0,1,1,0,1,0,1,1,0,0,1,1,0,1
91432,0,0,1,1,1,1,0,0,1,0,0,1,1,0,1
91479,1,1,1,0,1,1,0,0,1,0,0,0,1,1,0
91589,1,0,1,1,0,1,0,1,1,0,0,0,1,0,1
91687,1,0,1,1,0,1,0,1,1,0,0,1,1,0,1
92002,0,0,0,1,1,0,0,1,1,0,0,1,0,0,1
92004,0,0,1,1,1,0,0,1,1,0,0,0,1,0,1
92007,1,0,1,1,0,0,0,1,1,1,1,0,1,0,1
92009,0,0,0,1,1,0,0,1,1,0,0,0,1,0,1
92012,1,0,0,1,1,0,0,0,0,0,0,0,1,0,1
92014,0,0,0,1,1,0,0,1,1,0,0,0,0,0,1
92019,0,0,1,1,1,0,0,1,1,0,0,1,1,0,1
92020,0,0,1,1,1,0,0,1,1,0,0,1,0,0,1
92022,0,0,0,1,1,0,0,1,1,0,0,0,0,0,1
92023,0,0,1,1,1,0,0,1,1,0,0,1,1,0,1
92024,1,0,1,1,0,0,0,1,1,0,0,1,1,0,1
92025,1,0,1,1,1,0,0,1,1,0,0,1,1,0,1
92026,0,0,0,1,1,0,0,1,1,0,0,0,1,0,1
92032,1,0,1,1,1,0,0,1,1,0,0,1,1,0,1
92033,0,0,0,1,1,0,0,0,0,0,0,0,0,0,1
92035,0,0,0,1,1,0,0,1,1,0,0,1,0,0,1
92036,1,0,1,0,0,0,0,1,1,1,0,0,1,0,1
92040,1,0,0,1,1,0,0,1,1,0,0,0,1,0,1
92044,0,0,0,1,1,0,0,0,0,0,0,0,0,0,1
92046,0,0,1,1,0,0,0,1,1,0,0,1,1,0,1
92047,0,0,0,1,1,0,0,0,0,0,0,0,0,0,1
92048,0,0,0,1,1,0,0,1,1,0,0,0,1,0,1
92049,0,0,1,1,1,0,0,1,1,0,0,0,0,0,1
92050,1,0,1,1,0,0,0,1,1,0,0,1,1,0,1
92051,0,0,0,1,1,0,0,0,0,0,0,0,0,0,1
92060,0,0,0,1,1,0,0,1,1,0,0,0,0,0,1
92062,0,0,0,1,1,0,0,1,1,0,0,0,0,0,1
92063,0,0,0,1,1,0,0,1,1,0,0,1,1,0,1
92064,0,0,0,1,1,0,0,0,0,0,0,0,0,0,1
92071,1,0,0,1,1,0,0,1,1,0,0,1,1,0,1
92072,0,0,0,1,1,0,0,1,1,0,0,0,0,0,1
92073,0,0,0,1,1,0,0,1,1,0,0,1,0,0,1
92075,0,0,1,1,1,0,0,1,1,0,0,0,1,0,1
92076,0,0,0,1,1,0,0,0,0,0,0,0,0,0,1
92077,0,0,0,1,1,0,0,1,0,0,0,0,0,0,1
92078,1,0,1,1,0,0,0,1,1,0,0,0,1,0,1
93001,1,0,1,1,0,0,0,1,1,0,1,1,1,0,1
93005,1,0,1,1,0,0,0,1,1,1,0,0,1,0,1
93006,1,0,1,1,0,0,0,1,1,1,0,0,1,0,1
93007,1,0,1,0,0,0,0,1,1,1,0,1,1,0,1
93008,1,0,1,1,0,0,0,1,1,1,0,1,1,0,1
93010,1,0,1,1,0,0,0,1,1,0,1,1,1,0,1
93013,1,0,1,1,0,0,0,1,1,0,0,0,1,0,1
93014,1,0,1,1,0,0,0,1,1,0,0,1,1,0,1
93015,0,1,1,0,1,1,0,1,1,0,0,0,1,1,0
93027,1,0,1,0,0,0,0,1,1,0,0,1,1,0,1
93029,1,0,1,0,0,0,0,1,1,0,1,1,1,0,1
93030,1,0,1,0,0,0,0,1,1,1,0,1,1,0,1
93031,1,0,1,1,0,0,0,1,1,1,0,1,1,0,1
93032,1,0,1,1,0,0,0,1,1,0,0,1,1,0,1
93033,0,0,0,1,1,1,0,0,0,0,0,0,1,0,1
93039,1,0,1,0,0,0,0,1,1,1,1,1,1,0,1
93045,1,0,1,1,0,0,0,1,1,0,0,0,1,0,1
93046,1,0,1,1,0,0,0,1,1,0,0,0,1,0,1
93047,1,0,1,0,0,0,0,1,1,0,0,0,1,0,1
93048,1,0,1,1,0,0,0,1,1,1,0,1,1,0,1
93049,1,0,1,1,1,1,0,1,1,0,0,1,1,0,1
93050,1,0,1,1,0,0,0,1,1,1,0,0,1,0,1
93051,1,0,1,1,0,0,0,1,1,0,0,1,1,0,1
93053,1,0,1,1,0,0,0,1,1,0,0,1,1,0,1
93055,1,0,1,1,0,0,0,1,1,0,1,1,1,0,1
93057,1,0,1,1,1,0,0,1,1,0,0,1,1,0,1
93059,1,0,1,1,0,0,0,1,1,0,0,1,1,0,1
93061,1,0,1,1,0,0,0,1,1,1,1,1,1,0,1
93062,1,0,0,1,1,0,0,1,1,0,0,1,1,0,1
93063,1,0,1,1,0,0,0,1,1,1,0,1,1,0,1
93064,1,0,1,1,0,0,0,1,1,0,0,1,1,0,1
93066,1,0,1,1,0,0,0,1,1,1,1,1,1,0,1
93070,1,0,1,1,0,0,0,1,1,1,1,1,1,0,1
93071,1,0,1,1,0,0,0,1,1,1,0,1,1,0,1
93072,1,0,1,1,0,0,0,1,1,1,1,1,1,0,1
93073,1,0,1,0,0,0,0,1,1,1,0,0,1,0,1
93074,1,1,1,0,0,0,0,1,1,1,0,1,1,1,0
93077,0,0,1,1,1,0,0,1,1,0,0,0,1,0,1
93078,1,0,1,1,0,0,0,1,1,0,1,1,1,0,1
93079,1,0,1,1,0,0,0,1,1,1,0,1,1,0,1
94001,1,0,1,1,1,1,0,0,1,0,0,0,1,0,1
94002,1,0,1,1,0,0,0,1,1,0,0,1,1,0,1
94003,1,0,1,1,0,0,0,1,1,0,0,0,1,0,1
94004,1,0,1,1,0,1,0,1,1,0,0,0,1,0,1
94011,1,0,1,0,0,0,0,1,1,1,0,0,1,0,1
94015,1,0,0,1,1,0,0,1,1,0,0,1,1,0,1
94016,1,0,1,1,0,0,0,1,1,0,0,0,1,0,1
94017,1,0,1,1,0,0,0,1,1,0,0,1,1,0,1
94018,0,0,0,1,1,0,0,1,1,0,0,0,1,0,1
94019,1,0,1,1,1,0,0,1,1,0,0,0,1,0,1
94021,1,0,1,1,0,0,0,1,1,0,0,0,1,0,1
94022,1,0,1,1,0,0,0,1,1,0,1,0,1,0,1
94028,1,0,1,1,0,0,0,1,1,0,0,1,1,0,1
94033,1,0,1,1,0,0,0,1,1,0,0,1,1,0,1
94034,1,0,1,1,0,0,0,1,1,0,0,1,1,0,1
94037,1,0,1,1,0,0,0,1,1,0,0,0,1,0,1
94038,1,0,1,1,0,0,0,1,1,0,0,0,1,0,1
94041,0,0,1,1,0,0,0,1,1,1,0,1,1,0,1
94042,0,0,1,1,1,0,0,1,1,0,0,1,1,0,1
94043,1,0,1,1,0,0,0,1,1,0,0,0,1,0,1
94044,1,0,1,1,0,1,0,1,1,0,0,0,1,0,1
94046,0,0,1,1,1,0,0,1,1,0,0,0,1,0,1
94047,0,0,0,1,1,1,0,1,1,0,0,1,1,0,1
94048,0,0,0,1,1,1,0,0,1,0,0,0,1,0,1
94052,1,0,0,1,1,0,0,1,1,0,0,0,1,0,1
94053,0,0,0,1,1,1,0,0,1,0,0,1,1,0,1
94054,1,0,1,1,0,0,0,1,1,1,1,1,1,0,1
94055,0,0,0,1,1,1,0,0,1,0,0,0,1,0,1
94056,0,0,0,1,1,1,0,1,1,0,0,0,0,0,1
94058,1,0,0,1,1,0,0,1,1,0,0,0,1,0,1
94059,1,0,1,1,1,1,0,1,1,0,0,0,1,0,1
94060,1,0,1,1,0,1,0,1,1,0,0,1,1,0,1
94065,0,0,0,1,1,1,0,0,0,0,0,0,0,0,1
94067,0,0,0,1,1,0,0,1,0,0,0,0,1,0,1
94068,0,0,0,1,1,0,0,1,1,0,0,1,1,0,1
94069,0,0,0,1,1,0,0,1,1,0,0,0,1,0,1
94070,0,0,0,1,1,1,0,0,0,0,0,1,0,0,1
94071,0,0,0,1,1,1,0,1,1,0,0,0,0,0,1
94073,1,0,1,1,1,1,0,1,1,0,0,1,1,0,1
94074,1,0,1,0,0,0,0,1,1,1,0,1,1,0,1
94075,0,0,0,1,1,1,0,0,1,0,0,0,1,0,1
94076,1,0,1,1,0,0,0,1,1,1,0,0,1,0,1
94077,1,0,1,1,0,1,0,1,1,0,0,1,1,0,1
94078,1,0,1,0,0,1,0,1,1,1,0,0,1,0,1
94079,1,0,1,1,0,0,0,1,1,1,0,0,1,0,1
94080,0,0,0,1,1,0,0,1,0,0,0,0,0,0,1
94081,1,0,1,1,0,0,0,1,1,1,0,1,1,0,1
95018,1,0,1,1,0,0,0,1,1,0,1,0,1,0,1
200000172,1,1,0,0,1,1,1,0,1,0,0,1,1,1,0
200000438,0,0,1,1,0,1,0,1,1,1,1,1,0,0,1
200000545,1,1,1,0,0,0,0,0,1,0,1,0,1,1,0
200000628,1,1,1,0,0,0,1,0,0,0,0,1,1,1,0
200000800,0,1,0,0,1,1,1,0,0,1,1,1,0,1,0
200000925,0,1,0,0,0,1,0,0,0,0,0,0,0,1,0
200000933,1,1,0,0,1,1,1,0,0,1,1,1,1,1,0
200004802,1,1,0,0,1,1,0,0,1,0,0,0,1,1,0
200005932,0,0,0,1,1,1,0,1,0,0,0,1,0,0,1
200005957,1,1,0,0,0,1,1,0,0,1,1,1,1,1,0
200006682,1,0,0,1,1,1,0,0,0,0,0,0,1,0,1
200006716,0,1,0,0,1,1,0,0,1,0,1,0,0,1,0
200006930,1,0,0,0,1,0,1,0,0,1,0,0,1,1,0
200006971,1,1,0,0,1,1,1,0,0,1,1,1,0,1,0
200007052,1,0,0,0,1,1,1,1,1,1,1,1,1,0,1
200007177,1,1,0,0,0,1,1,0,1,1,1,1,1,1,0
200010650,1,1,1,1,0,0,1,0,0,0,1,0,1,1,0
200010700,1,1,1,0,0,1,0,1,0,1,1,1,1,1,0
200011773,1,0,1,1,1,0,0,1,1,0,0,1,1,0,1
200011781,1,1,1,0,0,1,0,0,0,1,1,0,1,1,0
200013050,0,1,0,0,1,1,1,0,1,1,1,1,0,1,0
200015162,1,0,0,0,1,0,1,0,0,0,0,0,1,1,0
200016905,0,0,1,0,0,1,1,1,1,1,1,0,0,0,1
200017341,1,1,1,0,0,0,1,1,1,1,0,0,1,1,0
200017846,1,1,1,0,0,1,0,0,1,0,1,1,1,1,0
200018083,0,1,0,0,1,1,0,0,0,0,1,1,0,1,0
200018166,0,0,1,1,0,0,0,1,1,0,0,0,0,0,1
200018406,1,1,0,0,1,1,1,0,0,0,1,1,1,1,0
200018521,0,1,1,0,1,1,1,1,1,1,1,1,0,1,0
200022986,0,0,1,1,1,0,1,1,0,0,0,0,0,0,1
200023075,0,1,0,0,1,1,0,0,1,1,1,0,0,1,0
200023125,1,0,0,1,1,1,0,1,1,0,0,0,1,0,1
200023240,1,1,1,1,0,1,0,1,1,0,0,1,1,1,0
200023299,1,0,0,0,1,0,1,0,1,1,0,1,1,0,1
200023307,1,1,1,0,0,0,1,1,1,0,0,0,1,1,0
200023372,1,0,1,1,1,0,1,1,0,1,0,0,1,0,1
200023414,1,0,1,1,0,0,0,1,1,1,1,0,1,0,1
200023620,0,0,1,1,0,0,1,1,1,0,0,0,0,0,1
200023737,0,0,1,1,0,0,1,1,1,1,0,1,1,0,1
200023778,0,0,0,1,1,1,0,0,0,0,1,0,0,0,1
200023794,1,1,1,0,0,1,1,1,1,1,0,1,1,1,0
200023919,1,1,1,0,0,1,0,0,1,1,1,1,1,1,0
200026573,1,0,1,0,0,1,1,1,1,1,1,1,1,0,1
200027027,0,0,0,1,1,1,0,1,0,1,1,1,0,0,1
200027076,1,1,1,0,0,1,1,0,1,1,1,1,1,1,0
200027100,1,1,0,0,1,0,1,0,1,0,0,1,1,1,0
200027183,1,1,1,0,0,0,1,0,1,0,0,0,1,1,0
200027217,0,0,1,1,0,0,1,1,1,1,0,1,0,0,1
200027308,0,1,0,0,1,1,1,0,0,1,1,1,0,1,0
200029734,1,0,1,1,0,1,1,0,0,1,1,1,1,1,0
200029999,0,1,1,0,0,1,1,0,1,0,1,0,0,1,0
200030195,1,1,0,0,1,0,0,0,1,0,0,0,1,1,0
200030385,1,0,1,1,1,1,0,1,1,0,1,0,1,0,1
200030435,0,0,0,1,0,0,1,1,0,1,0,0,0,0,1
200030526,1,1,0,0,1,1,1,0,1,1,1,1,0,1,0
200030633,1,1,0,0,0,1,0,0,0,0,1,0,1,1,0
200030658,0,0,1,1,0,0,1,1,0,1,0,1,0,0,1
200030674,1,1,1,0,0,0,1,1,1,1,0,0,1,1,0
200032514,1,1,1,0,0,1,1,0,0,1,1,1,0,1,0
200033025,1,1,0,1,0,1,1,1,1,1,1,1,1,1,0
200033090,0,1,0,0,0,1,0,0,1,0,0,0,1,1,0
200033116,1,1,0,0,1,1,1,0,1,0,0,0,1,1,0
200033173,0,0,0,1,1,0,0,1,1,0,0,1,0,0,1
200033181,1,0,0,1,1,1,0,1,1,0,1,1,1,0,1
200033298,0,0,0,0,1,1,0,0,0,1,1,1,1,0,1
200033579,1,1,1,1,0,0,0,1,0,0,1,1,1,0,1
200033827,1,1,0,0,1,0,1,0,0,0,0,0,1,1,0
200033868,1,1,0,0,0,1,1,0,1,1,1,1,1,1,0
200034023,0,0,1,1,0,0,1,1,1,1,0,1,0,0,1
200034031,0,0,0,0,1,1,1,1,0,1,1,0,0,0,1
200034049,0,1,1,0,0,1,1,0,1,0,1,1,0,1,0
200034056,0,1,1,0,0,1,1,1,0,1,0,1,0,1,0
200034064,0,0,1,1,0,0,1,1,1,1,0,0,0,0,1
200034098,1,0,0,1,1,1,1,0,1,1,0,0,1,0,1
200034130,0,0,0,1,1,0,0,0,1,0,0,0,0,0,1
200034197,0,1,0,0,0,0,1,0,1,1,1,1,0,1,0
200034205,1,1,0,0,1,0,1,0,0,0,0,0,1,1,0
200034270,1,1,0,0,1,1,1,0,1,1,1,1,1,1,0
200034379,1,1,1,0,0,0,1,1,1,1,0,0,1,1,0
200034411,0,1,1,0,0,0,1,1,0,1,0,0,0,1,0
200034601,0,0,1,0,0,0,1,1,1,1,0,1,1,0,1
200034635,0,0,0,1,1,1,0,0,0,0,0,1,0,0,1
200034692,1,1,1,0,0,0,1,0,1,0,0,1,1,1,0
200034700,1,1,1,0,1,0,1,0,1,0,0,1,1,1,0
200034718,1,1,0,0,1,1,0,0,0,0,1,0,1,1,0
200034726,0,0,1,1,1,0,1,1,0,1,0,0,0,0,1
200034825,1,0,1,1,0,0,1,1,1,1,1,1,1,0,1
200034833,0,0,1,1,0,0,1,1,1,1,1,0,0,0,1
200034874,0,1,0,0,1,1,1,0,1,0,1,1,0,1,0
200034882,1,0,0,1,1,1,1,0,1,0,0,1,1,0,1
200034957,0,1,1,1,0,1,1,1,0,0,0,1,0,0,1
200035087,0,1,0,0,1,0,1,0,0,0,0,1,1,1,0
200035103,0,1,0,0,1,1,1,0,0,0,1,0,0,1,0
200035111,0,1,0,0,1,1,0,0,0,1,1,1,0,1,0
200035129,1,1,1,0,0,0,1,0,1,1,1,1,1,1,0
200035137,1,1,1,0,1,1,1,1,0,1,1,0,1,0,1
200035202,0,1,0,0,1,1,1,0,1,1,1,0,0,1,0
200035319,1,1,0,0,1,0,0,0,1,0,0,0,1,1,0
200035327,0,0,1,0,0,0,1,1,1,1,0,0,0,0,1
200035442,0,1,0,0,0,1,0,0,0,0,1,1,0,1,0
200035459,1,1,1,1,0,0,1,1,1,0,0,0,1,0,1
200035533,0,1,0,0,1,0,1,0,0,1,0,1,0,1,0
200035541,0,0,1,1,0,0,1,1,0,1,0,0,0,0,1
200035632,0,0,0,1,0,0,1,1,1,1,1,0,0,0,1
200035707,0,1,1,0,0,0,1,1,0,1,0,0,0,1,0
200035715,1,1,1,0,0,0,1,1,0,1,0,0,0,1,0
200035723,0,1,1,0,0,0,1,0,1,1,0,0,0,1,0
200035731,1,1,0,1,1,1,1,1,0,0,1,1,0,0,1
200035756,0,0,1,1,0,0,1,1,1,0,0,0,0,0,1
200035764,0,1,0,0,1,1,0,0,0,0,1,1,0,1,0
200035772,0,1,0,0,0,1,1,0,1,1,1,1,0,1,0
200035814,1,0,0,1,1,1,0,1,1,1,1,1,1,0,1
200035848,1,1,0,0,1,1,1,0,1,1,1,1,0,1,0
200035855,0,1,1,1,0,0,1,1,0,0,0,0,0,1,0
200035863,1,1,1,0,0,0,1,1,0,1,0,0,1,1,0
200035970,0,0,0,1,1,1,0,0,1,0,0,1,0,0,1
200036069,0,0,0,0,1,1,0,0,0,0,1,0,0,1,0
200036077,1,1,0,0,1,0,0,0,1,0,0,0,1,1,0
200036135,1,1,1,1,0,1,1,0,0,0,1,1,1,1,0
200036150,1,1,0,0,1,1,1,0,1,1,1,1,0,1,0
200036465,1,1,0,0,1,1,1,0,1,1,1,1,1,1,0
200036473,1,0,1,1,0,1,1,1,1,1,1,0,1,0,1
200036499,1,1,0,0,1,0,1,0,0,0,0,0,1,1,0
200036523,0,1,1,0,0,1,1,0,1,1,0,0,0,1,0
200036549,1,1,0,0,1,1,1,0,0,1,1,1,0,1,0
200036572,0,1,0,0,0,1,1,1,1,1,0,1,0,1,0
200037059,1,1,0,0,0,0,0,0,0,1,1,0,1,1,0
200037133,1,1,0,0,1,1,0,0,1,0,0,1,1,1,0
200038958,1,1,0,0,1,0,1,0,0,0,0,0,1,1,0
200038990,0,0,0,1,0,1,0,1,0,1,1,0,0,0,1
200039022,0,0,0,1,1,1,0,1,0,1,1,0,0,0,1
200039055,0,1,1,1,0,1,0,1,1,0,0,0,0,1,0
200039063,0,0,0,1,1,1,1,0,1,0,0,1,0,0,1
200039204,1,0,1,1,0,0,1,1,0,1,0,0,0,0,1
200039519,0,0,1,1,1,1,1,1,1,0,0,0,0,0,1
200039642,1,1,1,0,1,1,0,0,0,1,1,1,1,1,0
200039709,1,1,0,0,1,1,1,0,0,0,1,0,0,1,0
200039758,1,1,0,1,1,1,1,0,1,1,1,0,1,1,0
200039808,0,0,1,0,0,0,1,1,1,1,0,1,0,0,1
200039824,0,1,1,0,0,0,1,1,1,1,1,1,1,1,0
200039832,0,0,1,0,0,0,1,1,1,1,1,1,1,0,1
200039857,1,1,0,0,1,0,0,0,1,0,0,1,1,1,0
200039865,1,0,1,1,1,0,0,1,1,0,0,1,1,0,1
200039907,0,1,0,0,1,1,0,0,1,0,0,1,0,1,0
200039915,1,1,0,0,1,0,0,0,1,0,0,0,1,1,0
200039931,1,1,0,0,1,0,1,0,1,0,0,1,0,1,0
200039949,1,1,1,1,0,0,0,1,1,1,1,0,1,1,0
200040038,0,1,0,0,0,1,0,0,0,0,1,0,0,1,0
200040095,0,0,1,0,0,0,1,1,1,1,1,0,0,1,0
200040111,1,1,1,0,0,1,1,1,1,1,1,0,0,1,0
200040137,0,1,0,0,1,1,0,0,1,0,1,1,0,1,0
200040178,1,1,0,0,1,1,1,0,1,1,1,1,1,1,0
200040202,1,1,1,0,0,0,1,0,1,0,0,1,1,1,0
200040210,0,1,1,0,1,0,1,0,0,0,0,0,0,1,0
200040244,0,0,0,1,1,1,1,0,0,1,1,0,0,0,1
200040251,1,1,0,0,0,1,0,0,1,0,0,1,1,1,0
200040277,1,1,1,0,1,1,0,1,1,0,1,1,1,1,0
200040293,0,0,1,1,1,1,1,1,1,0,0,0,0,0,1
200040350,1,1,1,0,0,1,1,1,1,1,0,1,1,1,0
200040384,1,1,1,0,0,0,1,0,1,1,0,1,1,1,0
200040392,1,0,1,1,0,0,1,1,1,1,0,0,1,0,1
200040400,0,0,1,0,0,0,1,1,1,1,1,1,0,1,0
200040418,0,0,0,0,1,0,1,1,1,0,1,0,0,1,0
200040426,0,1,0,0,0,0,0,0,0,0,1,1,0,1,0
200040442,1,1,0,0,1,0,1,0,1,0,0,0,1,1,0
200040459,1,1,1,0,1,1,1,0,1,0,0,1,1,1,0
200040475,0,0,0,0,1,0,0,0,0,0,0,0,1,1,0
200040491,0,1,1,0,0,1,1,1,1,0,1,1,0,1,0
200040509,1,0,1,0,0,0,1,1,1,1,0,0,1,0,1
200040558,0,1,0,0,1,1,1,0,1,1,1,1,0,1,0
200040566,1,1,0,0,1,1,1,0,1,0,1,1,1,1,0
200040574,0,0,0,1,1,1,0,0,1,0,0,0,0,0,1
200040590,1,0,0,1,1,1,0,1,1,0,0,0,1,0,1
200040624,0,1,1,0,1,0,1,0,0,0,0,0,0,1,0
200040657,1,1,1,0,0,1,1,1,1,1,1,0,1,1,0
200040681,0,1,1,0,0,0,1,0,1,1,0,1,0,1,0
200040715,1,0,1,1,0,0,0,1,1,0,0,0,1,0,1
200040764,1,1,0,0,1,0,1,0,0,0,0,0,1,1,0
200040772,0,1,0,0,1,1,0,0,0,0,1,0,0,1,0
200040798,1,0,0,0,1,1,1,0,1,0,0,0,1,0,1
200040814,0,0,1,1,0,0,1,1,0,1,1,1,0,0,1
200040830,0,0,1,1,0,0,1,1,1,1,0,0,0,0,1
200040889,0,1,1,0,0,0,1,1,0,1,0,1,0,1,0
200040905,0,0,1,0,0,0,1,1,0,1,1,0,0,0,1
200040947,0,1,0,0,1,1,0,0,0,1,1,0,0,1,0
200040954,0,1,0,0,1,1,0,0,0,0,1,0,0,1,0
200041010,0,1,1,1,0,1,1,1,1,1,0,1,0,1,0
200041051,0,0,1,1,0,0,1,1,0,1,1,0,0,0,1
200041150,0,0,1,1,0,0,1,1,1,1,0,1,0,0,1
200041168,0,0,1,1,0,0,1,1,1,1,1,1,0,0,1
200041283,0,1,0,0,1,1,1,0,1,1,1,1,0,1,0
200041317,1,0,1,1,0,0,1,1,0,1,1,0,0,0,1
200041325,1,1,0,0,1,1,0,0,1,1,1,1,1,1,0
200041333,1,0,1,1,1,1,1,1,0,1,1,1,0,0,1
200041366,0,0,0,1,1,1,1,1,0,0,0,0,0,0,1
200041416,0,1,0,1,1,1,1,0,0,1,1,1,0,1,0
200041440,0,0,1,1,1,0,1,1,1,1,0,1,0,0,1
200041465,1,0,1,1,1,1,1,1,0,1,1,0,0,0,1
200041499,1,1,1,1,0,1,1,1,0,1,1,0,0,1,0
200041515,1,1,1,0,0,1,0,0,1,0,1,1,1,1,0
200041523,1,1,0,0,0,1,1,0,1,1,1,1,1,1,0
200041556,1,1,1,0,0,1,1,1,1,1,1,1,1,1,0
200041572,0,0,1,1,0,0,1,1,0,1,1,1,0,0,1
200041614,1,1,1,1,0,1,1,1,1,1,1,1,0,1,0
200041622,1,1,0,0,0,1,1,0,0,0,1,1,1,1,0
200041630,1,1,1,0,0,0,0,1,0,0,1,0,1,1,0
200041689,1,1,1,0,0,1,1,1,0,1,1,1,1,1,0
200041721,1,1,0,0,0,1,1,0,1,1,1,0,1,1,0
200041762,1,0,1,1,0,1,1,1,0,1,1,0,1,0,1
200041853,0,1,0,0,0,1,1,0,0,1,1,1,0,1,0
200041861,0,1,0,0,0,1,1,0,0,1,1,0,0,1,0
200041879,0,1,0,0,0,1,1,0,0,1,1,1,0,1,0
200041887,0,1,0,0,0,1,1,0,0,1,0,0,0,1,0
200041960,0,1,0,1,1,1,0,0,0,0,0,0,0,0,1
200041994,0,0,1,1,0,1,1,1,0,1,1,0,0,0,1
200042000,0,1,0,0,0,1,1,1,1,1,1,1,0,1,0
200042174,1,0,1,1,0,0,0,1,0,1,1,1,1,0,1
200042182,1,0,0,0,1,1,0,0,0,1,1,0,1,0,1
200042190,1,1,1,0,0,0,0,0,0,0,1,0,1,1,0
200042372,0,0,1,1,0,1,1,1,1,1,1,1,0,0,1
200042414,1,1,0,0,0,1,0,1,0,0,1,1,0,1,0
200042463,0,1,1,0,0,0,1,1,1,1,0,1,0,1,0
200042497,0,1,0,1,1,1,0,0,1,0,0,0,0,0,1
200042604,0,0,0,1,1,0,0,1,0,1,1,1,0,0,1
200042620,1,1,0,0,1,1,0,0,0,0,0,0,1,1,0
200042646,1,1,1,0,0,0,1,1,1,1,1,0,1,1,0
200042653,0,1,1,0,0,0,1,1,0,1,0,0,1,1,0
200042703,1,1,0,0,1,1,1,0,0,0,1,1,1,1,0
200042729,1,1,0,1,1,1,0,0,0,1,1,1,1,1,0
200042901,1,1,0,0,0,1,1,0,1,0,0,1,0,1,0
200042935,1,1,0,0,1,1,1,0,1,0,0,1,1,1,0
200042943,1,1,1,0,1,0,1,0,0,0,0,1,1,1,0
200042992,0,1,0,0,1,1,0,0,0,0,1,1,0,1,0
200043016,1,0,1,1,0,0,1,1,0,1,1,1,1,0,1
200043065,0,0,1,1,1,1,0,1,1,1,1,1,0,0,1
200043081,1,0,1,1,0,1,0,1,0,1,1,1,1,0,1
200043123,0,0,0,1,1,0,1,1,0,1,0,0,0,0,1
200043156,0,1,0,0,1,1,0,0,0,0,1,0,0,1,0
200043172,1,0,1,1,0,0,1,1,0,1,0,1,0,0,1
200043263,1,1,0,0,1,1,0,0,0,0,1,1,1,1,0
200043321,1,1,0,0,0,1,0,0,0,0,1,0,1,1,0
200043354,0,0,0,0,1,1,0,0,0,1,1,0,0,0,1
200043396,1,1,1,0,0,0,0,0,1,0,1,0,1,1,0
200043404,1,1,1,0,0,0,0,0,0,1,1,0,1,1,0
200043438,0,1,0,0,1,1,0,0,0,0,0,1,0,1,0
200043495,1,1,1,0,0,0,0,1,0,1,1,1,1,1,0
200043602,1,1,1,0,0,0,1,0,1,1,0,0,1,1,0
200043628,0,0,1,1,0,1,0,1,0,1,1,1,0,0,1
200043693,1,1,0,0,0,1,0,0,1,1,1,0,1,1,0
200043776,1,1,1,0,0,0,1,1,1,1,1,0,1,1,0
200043974,0,0,1,1,0,0,1,1,1,1,1,1,0,0,1
200043982,0,0,1,0,0,0,1,1,0,1,1,0,0,0,1
200043990,0,0,1,1,0,1,0,1,0,1,1,1,0,0,1
200044014,1,0,1,1,0,0,1,1,0,1,1,1,1,0,1
200044030,0,1,0,0,1,1,0,0,0,1,1,1,0,1,0
200044048,0,1,0,0,0,1,0,0,0,0,1,0,0,1,0
200044253,1,1,0,0,0,1,1,0,1,1,1,0,1,1,0
200044394,0,1,1,0,0,0,1,1,0,1,0,1,0,1,0
200044469,0,0,1,0,0,0,1,1,1,0,0,1,0,1,0
200044618,1,1,1,0,0,0,0,0,0,0,1,1,1,1,0
200048551,0,0,0,1,1,1,0,0,0,1,1,1,0,0,1
200049187,1,1,0,1,1,1,0,0,0,0,1,1,1,1,0
200049211,1,0,1,0,0,0,1,1,1,1,1,0,1,1,0
200049484,1,1,0,0,1,1,1,0,1,1,1,1,0,1,0
200055481,0,1,0,0,1,1,1,1,1,1,1,1,0,1,0
200055655,1,0,1,0,0,0,0,1,1,0,0,0,1,0,1
200055887,0,0,0,1,1,1,0,1,0,1,1,1,0,0,1
200056232,0,0,1,1,1,0,0,1,1,0,0,1,1,0,1
200056380,1,0,1,1,1,0,0,1,1,0,0,0,1,0,1
200057859,1,0,1,1,0,1,0,1,1,0,0,1,1,0,1
200057958,1,0,1,1,0,0,0,1,1,0,0,1,1,0,1
200058360,0,1,0,0,1,1,0,0,0,1,1,0,1,1,0
200058477,1,0,1,1,0,1,0,1,1,0,0,0,1,0,1
200058485,1,0,1,1,1,0,0,1,1,0,0,1,1,0,1
200058519,1,0,0,1,1,0,0,1,1,0,0,0,1,0,1
200058782,1,0,1,1,0,0,0,1,1,0,0,1,1,0,1
200059228,1,0,1,1,0,1,0,1,1,0,0,1,1,0,1
200059392,1,1,0,0,0,1,1,0,1,0,0,1,0,1,0
200059400,1,0,1,1,0,0,1,1,0,1,1,1,0,0,1
200059889,1,0,1,1,1,0,0,1,1,0,0,1,1,0,1
200060010,0,0,0,1,1,1,0,0,0,1,1,0,0,0,1
200065563,0,0,1,1,1,0,0,1,1,1,0,0,1,0,1
200065589,0,1,1,1,0,1,0,1,0,1,1,1,0,1,0
200065597,0,0,1,1,0,0,0,1,0,1,1,0,1,0,1
200065647,1,1,1,0,0,0,0,1,1,1,1,0,1,1,0
200065787,1,1,1,0,0,1,0,0,0,1,1,1,1,1,0
200065886,1,1,0,1,0,1,1,0,0,0,1,1,0,1,0
200065894,1,1,0,1,1,1,1,0,0,0,1,0,0,1,0
200065928,0,0,1,1,0,0,0,1,0,1,1,0,0,0,1
200066009,1,1,0,0,1,1,0,1,1,0,1,1,1,1,0
200066017,0,1,0,0,1,1,0,0,0,1,1,0,0,1,0
200066025,0,1,0,0,1,1,1,0,1,1,1,1,0,1,0
200066033,0,1,0,0,1,1,1,0,1,1,1,1,0,1,0
200066041,0,1,0,0,1,1,1,0,1,0,1,1,0,1,0
200066058,1,1,0,0,1,1,1,0,1,0,0,1,1,1,0
200066108,0,1,0,0,0,1,1,0,1,1,1,1,0,1,0
200066116,0,1,0,0,1,1,1,0,0,0,1,1,0,1,0
200066124,0,0,1,0,0,0,1,1,0,1,0,1,1,0,1
200066132,1,1,0,0,0,1,1,0,1,1,1,1,0,1,0
200066140,0,1,0,0,1,1,1,0,0,0,1,1,0,1,0
200066157,1,1,0,0,0,1,1,0,1,1,1,1,0,1,0
200066165,0,1,0,0,0,1,0,0,1,1,1,1,0,1,0
200066173,1,1,0,0,1,1,1,0,0,1,1,1,0,1,0
200066223,0,0,1,0,0,0,1,1,0,1,0,0,1,0,1
200066231,0,1,1,0,0,0,1,1,1,0,0,0,0,1,0
200066280,1,1,0,0,1,1,0,0,1,1,1,1,1,1,0
200066322,1,1,1,0,0,0,1,0,1,0,0,1,1,1,0
200066330,0,1,1,1,0,1,1,0,0,1,1,1,0,0,1
200066348,0,0,1,0,0,0,1,1,1,1,0,1,1,1,0
200066355,1,1,1,0,0,0,1,0,0,0,0,0,1,1,0
200066363,0,0,1,1,0,0,1,1,0,1,1,0,0,0,1
200066371,0,0,1,1,0,0,1,1,0,1,1,1,0,0,1
200066389,0,0,0,1,1,1,0,1,0,1,1,0,0,0,1
200066405,0,1,1,0,0,1,0,0,1,0,1,0,0,1,0
200066413,1,1,0,0,1,1,0,0,0,1,1,1,1,1,0
200066462,1,1,0,0,1,1,0,0,1,1,1,0,1,1,0
200066512,0,0,1,1,0,0,1,1,0,1,1,1,0,0,1
200066520,0,0,1,1,0,0,1,1,0,1,1,1,0,0,1
200066553,0,1,0,0,1,1,1,0,0,1,0,1,0,1,0
200066561,0,1,0,0,1,1,1,0,0,0,0,0,0,1,0
200066587,0,1,0,0,1,1,1,0,1,0,0,0,0,1,0
200066603,0,0,0,1,1,1,1,0,0,1,1,1,0,0,1
200066637,1,0,0,1,1,0,1,0,0,1,1,1,1,0,1
200066645,0,0,1,1,1,0,1,1,0,1,1,1,0,0,1
200066652,0,1,1,0,0,1,1,1,1,1,0,1,0,1,0
200066660,0,0,0,1,1,0,1,0,0,1,1,1,0,0,1
200066678,0,0,0,1,1,0,1,0,0,1,1,1,0,0,1
200066710,0,1,1,1,0,1,0,1,0,1,1,1,0,1,0
200066728,0,0,1,1,0,1,0,1,0,1,1,1,0,0,1
200066744,1,0,1,1,0,1,1,1,0,1,1,1,0,0,1
200066751,0,0,1,1,0,0,1,1,0,1,1,1,0,0,1
200066769,0,0,1,1,0,0,1,1,0,1,0,1,0,0,1
200066777,0,0,0,1,1,1,0,1,0,1,1,1,0,0,1
200066785,0,0,0,1,1,1,0,1,0,1,1,1,0,0,1
200066793,1,0,0,1,1,1,0,1,1,0,0,1,0,0,1
200066801,1,1,0,0,1,1,0,0,0,1,1,0,1,1,0
200066819,0,1,1,0,0,0,1,1,0,0,0,0,0,1,0
200066827,1,1,0,0,1,1,0,0,0,1,1,1,1,1,0
200066835,1,1,0,0,1,1,0,0,1,1,1,0,1,1,0
200066850,1,1,0,0,1,1,0,0,0,0,1,1,0,1,0
200066868,1,0,0,1,1,0,1,1,1,1,1,0,0,0,1
200066876,1,1,0,0,1,1,0,0,1,0,1,0,1,1,0
200066884,0,1,1,0,0,1,1,1,0,0,0,0,0,1,0
200066892,0,1,0,0,1,1,0,0,0,0,1,1,0,1,0
200066918,1,1,1,0,0,0,1,0,1,0,0,0,1,1,0
200066926,0,0,1,1,0,0,1,1,0,0,0,0,0,0,1
200066975,0,0,0,1,1,0,0,0,1,0,0,0,1,0,1
200067023,0,0,0,1,1,1,0,1,0,1,1,1,0,0,1
200067031,1,1,0,1,1,1,0,0,0,1,1,1,1,1,0
200067049,1,1,0,0,1,0,1,0,0,0,0,0,1,1,0
200067064,1,0,1,1,0,0,1,1,0,1,1,0,1,0,1
200067072,0,0,0,1,1,0,1,1,0,1,0,1,0,0,1
200067080,1,1,0,0,1,1,1,0,1,0,1,1,1,1,0
200067106,1,0,1,1,1,0,1,1,0,1,0,0,1,0,1
200067114,1,0,0,1,1,1,1,1,1,0,0,1,1,0,1
200067122,0,1,0,0,0,1,1,1,1,0,0,1,0,1,0
200067130,1,1,0,0,1,1,1,0,0,1,1,1,1,1,0
200067155,0,0,1,1,0,0,1,1,0,1,1,0,0,0,1
200067163,0,0,1,1,1,0,1,1,0,1,1,0,0,0,1
200067171,0,0,0,0,1,1,1,0,0,0,0,1,0,0,1
200067189,1,0,1,1,0,0,1,1,1,1,1,1,1,0,1
200067197,1,0,1,1,0,0,1,1,0,1,1,1,1,0,1
200067205,1,0,1,1,0,0,0,1,0,1,1,1,1,0,1
200067213,1,1,0,1,1,1,0,1,1,0,1,0,1,0,1
200067221,0,1,0,1,0,1,1,1,0,1,1,1,0,0,1
200067239,0,0,0,1,0,0,1,1,0,0,0,0,0,0,1
200067247,0,0,1,1,0,0,1,1,0,1,1,0,0,0,1
200067254,1,0,1,1,0,0,1,1,0,0,0,0,1,0,1
200067262,0,0,1,1,0,0,1,1,0,1,0,0,0,0,1
200067288,1,0,0,1,0,0,1,1,0,1,0,0,0,0,1
200067296,0,0,0,1,0,0,1,1,0,0,0,0,0,0,1
200067304,1,1,0,0,0,1,0,0,0,1,1,1,1,1,0
200067320,0,1,1,0,0,1,1,0,0,0,0,0,0,1,0
200067346,0,0,1,1,1,1,0,1,0,1,0,1,0,0,1
200067361,0,0,1,1,0,0,1,1,0,1,1,0,0,0,1
200067379,1,1,0,0,0,1,0,0,0,0,1,0,1,1,0
200067429,1,1,1,0,0,1,0,1,1,1,1,0,1,1,0
200067437,1,1,1,0,0,0,1,1,1,1,0,1,1,1,0
200067445,0,0,1,0,0,1,1,1,1,1,1,1,0,1,0
200067452,0,0,1,0,1,1,1,1,1,1,0,1,1,0,1
200067460,0,0,0,1,1,0,0,1,0,1,1,0,0,0,1
200067478,0,0,0,1,1,0,1,0,0,1,0,1,0,0,1
200067486,1,1,0,0,1,1,1,0,1,1,1,1,1,1,0
200067502,1,1,0,0,0,1,0,0,1,1,1,1,1,1,0
200067544,1,0,1,0,1,1,1,1,1,1,1,1,0,1,0
200067551,1,0,0,1,1,1,0,0,1,0,0,1,1,0,1
200067593,1,0,0,1,1,1,1,1,0,1,1,1,1,0,1
200067627,0,0,1,1,0,0,1,1,0,1,1,0,0,0,1
200067635,0,0,1,1,1,1,0,1,0,1,0,1,0,0,1
200067643,0,1,1,0,0,0,1,0,0,1,1,1,1,1,0
200067650,1,1,0,0,0,1,0,0,0,1,1,1,1,1,0
200067668,1,1,0,0,1,1,1,0,0,0,0,1,1,1,0
200067676,0,1,0,0,1,1,1,0,1,0,1,1,0,1,0
200067684,1,1,0,0,1,1,0,0,1,0,1,0,1,1,0
200067692,1,0,0,0,1,1,1,1,0,1,1,0,0,1,0
200067700,1,1,1,1,0,0,0,1,0,1,1,0,1,1,0
200067742,1,0,1,1,1,1,1,0,0,1,0,1,1,0,1
200067759,1,1,1,0,0,0,0,0,0,1,1,1,1,1,0
200067767,0,0,1,0,0,1,1,1,1,1,1,0,0,0,1
200067783,1,1,0,0,0,1,1,0,1,0,1,1,1,1,0
200067791,0,0,1,1,0,0,1,1,0,1,0,0,1,0,1
200067817,1,1,0,0,1,1,1,0,1,0,0,0,0,1,0
200067825,1,0,1,1,1,1,1,1,1,0,0,0,1,0,1
200067841,1,1,0,0,1,1,1,0,1,1,1,1,1,1,0
200067866,0,0,1,1,1,1,0,1,0,0,1,1,0,0,1
200067874,1,1,0,0,1,1,1,0,1,0,1,1,1,1,0
200067882,1,1,0,1,1,1,1,1,0,1,1,0,0,1,0
200067890,1,1,1,1,0,1,1,1,0,1,1,0,1,1,0
200067908,0,1,0,0,1,1,1,1,1,1,0,1,0,1,0
200067916,1,1,0,0,1,1,1,0,1,0,1,1,1,1,0
200067924,1,1,0,0,1,1,1,0,1,1,1,1,1,1,0
200067932,0,0,0,1,1,0,0,1,0,0,0,1,0,0,1
200067940,1,0,1,1,0,0,1,1,1,1,0,0,1,0,1
200067957,0,1,0,1,1,1,0,1,0,0,0,1,0,1,0
200067965,1,1,0,1,1,0,0,1,1,0,1,1,1,0,1
200067973,0,1,0,0,0,1,0,0,1,1,1,1,1,1,0
200067981,0,0,1,1,0,0,1,1,0,1,1,0,0,0,1
200067999,1,1,0,0,0,0,0,0,1,1,1,0,1,1,0
200068005,1,1,0,0,0,1,0,0,1,1,1,1,0,1,0
200068047,1,1,1,0,0,0,0,1,1,1,1,0,1,0,1
200068070,0,0,0,1,1,1,1,1,0,1,1,1,0,0,1
200068088,1,1,1,0,0,1,1,1,1,1,1,1,1,1,0
200068096,0,0,1,0,1,1,1,0,0,1,0,1,0,1,0
200068104,1,1,0,0,0,1,1,0,1,0,0,0,1,1,0
200068112,0,1,0,0,1,1,1,0,1,1,1,1,1,1,0
200068120,0,0,1,1,0,0,0,1,0,1,1,0,0,0,1
200068146,1,1,0,0,1,1,1,0,1,1,1,1,1,1,0
200068229,1,0,1,0,1,0,1,1,1,1,0,0,1,0,1
200068278,1,1,0,0,1,1,1,0,1,1,1,0,1,1,0
200068294,0,1,0,0,0,1,1,0,0,1,1,1,0,1,0
200068369,0,1,0,0,0,1,1,0,1,1,1,1,0,1,0
200068377,1,1,0,1,1,1,1,0,1,1,1,1,1,1,0
200068435,0,1,0,0,1,1,0,0,0,1,1,1,0,1,0
200068443,0,0,0,1,1,1,0,0,0,1,1,1,0,0,1
200068450,0,0,0,1,1,1,0,1,0,1,1,1,0,0,1
200068468,1,1,0,0,1,1,0,0,0,1,1,1,1,1,0
200068484,0,0,0,0,1,0,1,0,0,1,0,1,0,0,1
200068500,1,1,0,0,0,1,0,0,0,0,1,1,1,1,0
200068534,0,1,0,0,1,1,0,0,0,1,1,1,0,1,0
200068542,1,1,0,0,0,1,0,0,1,0,0,1,0,1,0
200068559,1,1,0,0,1,1,1,0,0,1,1,1,0,1,0
200068567,1,1,0,0,0,1,1,0,1,0,0,1,1,1,0
200068625,0,1,1,0,1,1,1,0,1,1,1,1,0,1,0
200068641,0,0,1,1,0,0,1,1,0,0,0,1,0,0,1
200068658,1,1,0,0,1,1,1,0,0,1,1,0,1,1,0
200068666,1,1,0,0,0,1,0,0,0,0,1,0,1,1,0
200068674,1,0,0,1,1,1,1,0,1,0,0,0,1,0,1
200068682,1,1,0,0,1,1,1,0,1,1,1,1,1,1,0
200068757,1,1,0,0,0,1,0,1,1,1,1,0,1,1,0
200068765,0,1,1,0,0,0,1,0,1,1,0,0,0,1,0
200068773,1,1,0,0,0,1,1,0,1,1,1,1,0,1,0
200068781,1,0,1,1,1,0,1,1,1,0,1,0,1,0,1
200068799,1,1,0,1,1,1,0,1,0,1,1,1,1,1,0
200068807,0,1,1,0,0,0,1,1,0,1,0,0,0,1,0
200068815,0,1,1,0,0,0,1,1,1,1,0,1,0,1,0
200068831,0,0,0,1,1,0,1,1,0,0,0,1,0,0,1
200068856,0,1,0,0,1,1,0,0,0,0,1,1,0,1,0
200068864,0,1,0,0,1,1,1,0,1,0,1,1,0,1,0
200068872,1,0,1,0,0,1,1,1,0,1,1,0,0,0,1
200068880,0,1,0,0,1,1,1,0,0,1,1,1,0,1,0
200068914,1,0,1,1,0,1,1,1,0,1,1,1,0,0,1
200068922,0,1,1,0,0,0,1,1,0,1,0,0,0,1,0
200068930,1,1,1,0,0,0,1,1,0,1,1,1,0,1,0
200068948,0,1,1,0,1,0,1,1,0,0,0,0,0,1,0
200068955,0,0,1,0,1,1,0,1,0,1,1,1,0,0,1
200068963,0,0,0,0,1,0,0,1,1,0,1,0,0,0,1
200068989,0,0,1,1,1,0,0,1,0,1,1,0,0,0,1
200068997,1,1,1,0,0,1,1,0,1,0,0,1,1,1,0
200069003,0,1,0,0,1,1,0,0,0,0,0,0,0,1,0
200069029,1,1,0,1,1,0,0,0,0,0,1,0,1,1,0
200069037,1,1,0,0,0,1,0,0,0,1,1,0,0,1,0
200069052,1,1,1,1,0,0,0,1,1,1,1,1,1,0,1
200069060,0,1,1,0,0,1,1,0,1,1,1,1,0,1,0
200069086,0,0,1,1,0,1,1,1,0,1,1,1,0,0,1
200069094,0,0,1,0,0,0,1,1,0,0,0,1,0,1,0
200069102,0,0,0,0,1,1,1,0,0,1,1,0,0,1,0
200069110,1,0,1,1,1,0,1,1,1,0,0,0,1,0,1
200069128,0,0,1,0,1,0,1,1,1,1,1,1,0,0,1
200069136,0,0,1,0,0,0,1,1,1,1,0,0,1,0,1
200069144,0,0,0,0,1,1,1,0,0,0,0,0,0,1,0
200069151,0,0,1,1,0,0,1,1,0,1,1,0,1,0,1
200069169,0,0,1,1,1,0,1,1,0,1,1,1,0,0,1
200069177,0,0,1,1,0,0,1,1,0,1,1,1,0,0,1
200069185,0,0,0,0,1,0,1,0,0,1,1,1,0,0,1
200069193,0,1,0,0,1,1,0,0,0,0,0,1,0,1,0
200069227,1,1,0,0,1,1,1,0,1,1,1,1,0,1,0
200069235,0,1,0,0,1,1,0,0,0,0,1,0,0,1,0
200069250,1,1,0,1,1,1,0,0,0,0,0,0,1,1,0
200069268,0,0,0,0,1,0,1,1,1,1,0,1,0,0,1
200069300,1,0,1,1,0,0,1,1,0,0,0,0,1,0,1
200069383,1,0,1,1,0,0,1,1,0,1,0,0,1,0,1
200069391,0,0,0,1,1,0,0,1,0,0,1,0,0,0,1
200069409,0,0,1,1,0,0,0,1,0,1,1,0,0,0,1
200069417,0,0,1,1,0,0,1,1,0,1,0,0,0,0,1
200069425,0,0,0,1,1,1,0,0,0,1,1,1,0,0,1
200069433,1,1,0,0,0,1,1,0,1,1,1,1,0,1,0
200069441,1,1,0,0,0,1,1,0,1,1,1,1,1,1,0
200069458,1,1,0,0,1,1,0,0,1,1,1,1,1,1,0
200069482,0,1,0,0,1,1,0,0,0,0,1,0,0,1,0
200069516,0,0,1,1,1,1,0,1,0,1,1,1,0,0,1
200069524,0,1,0,0,0,1,0,1,0,1,1,0,0,1,0
200069532,1,1,0,0,1,1,0,0,0,1,1,0,1,1,0
200069540,0,0,0,1,1,1,0,0,1,0,0,1,0,0,1
200069565,0,0,0,1,1,1,0,0,1,1,0,0,0,0,1
200069581,0,0,1,0,0,0,1,1,0,1,1,1,0,0,1
200069599,0,1,1,0,0,0,1,1,0,1,1,1,0,1,0
200069615,0,1,1,1,0,1,1,0,0,1,1,0,0,1,0
200069623,0,1,1,0,1,1,1,0,0,1,1,1,0,0,1
200069631,0,0,1,1,0,0,1,1,1,0,0,0,0,0,1
200069649,0,0,0,1,0,0,1,1,0,1,0,0,0,0,1
200069656,0,0,1,0,0,0,1,1,1,1,1,0,0,0,1
200069664,0,1,0,0,1,1,1,0,0,1,1,1,0,1,0
200069672,0,1,0,0,1,1,0,0,0,0,1,0,0,1,0
200069698,1,0,0,1,1,1,0,1,1,0,0,0,1,0,1
200069722,0,1,0,0,0,1,0,0,0,0,1,1,0,1,0
200069730,1,1,0,0,1,1,0,0,0,1,1,1,1,1,0
200069748,0,0,1,1,0,1,1,1,1,1,1,1,0,0,1
200069755,1,0,1,1,0,0,1,1,0,1,1,1,0,0,1
200069763,0,0,1,1,0,1,1,1,1,1,1,1,0,0,1
200069821,1,1,1,0,0,1,0,1,0,1,1,0,1,1,0
200069839,0,1,0,0,1,1,0,0,0,1,1,1,0,1,0
200069847,0,1,0,0,1,1,0,0,0,1,1,0,0,1,0
200069854,1,0,1,1,0,0,1,1,0,1,1,1,1,0,1
200069912,1,1,0,0,1,1,0,0,1,0,1,1,1,1,0
200069953,0,1,0,1,1,1,0,1,1,1,0,1,1,1,0
200069961,1,1,0,0,1,1,0,0,0,1,1,0,0,1,0
200069995,1,1,0,0,0,0,1,0,0,1,0,0,1,1,0
200070035,1,0,1,1,1,1,1,1,1,1,1,1,1,0,1
200070043,1,0,1,1,1,1,1,1,1,1,1,1,0,0,1
200070068,0,1,0,0,1,1,0,0,0,1,1,0,0,1,0
200070092,1,1,1,1,0,0,1,1,0,1,0,1,1,1,0
200070100,0,1,0,0,1,1,1,0,1,0,1,1,0,1,0
200070118,0,1,0,0,1,1,0,0,0,0,0,1,0,1,0
200070126,0,1,0,0,1,1,0,0,0,0,1,0,0,1,0
200070142,0,1,0,0,0,0,0,0,0,1,1,1,0,1,0
200070159,0,1,0,0,1,1,0,0,0,1,1,1,0,1,0
200070167,0,1,0,0,1,1,0,0,0,1,1,1,0,1,0
200070183,0,1,0,1,1,1,0,1,0,0,1,1,0,0,1
200070233,0,0,0,1,1,1,0,0,0,1,1,1,0,0,1
200070282,1,1,1,1,0,1,1,1,0,1,1,1,0,1,0
200070290,1,1,1,0,0,0,0,0,0,1,1,0,1,1,0
200070308,1,0,0,1,1,1,0,1,1,0,0,1,1,0,1
200070316,1,0,1,1,0,1,1,1,0,1,1,1,0,0,1
200070324,1,1,0,0,0,1,1,0,1,1,1,0,1,1,0
200070332,1,1,0,0,1,1,1,0,1,1,1,1,0,1,0
200070340,1,0,0,1,1,1,1,0,1,0,1,1,1,0,1
200070365,1,1,1,0,0,0,1,0,0,1,1,0,1,1,0
200070373,0,0,0,0,1,0,0,0,0,0,1,0,1,1,0
200070407,1,0,1,1,0,0,1,1,0,1,1,1,1,0,1
200070431,1,1,1,0,0,1,1,1,1,1,1,1,1,1,0
200070449,0,1,0,1,1,1,0,0,0,0,1,1,0,1,0
200070464,1,1,0,1,1,0,1,1,1,0,0,0,1,1,0
200070506,0,0,1,1,0,0,1,1,1,1,1,1,0,0,1
200070514,1,0,0,1,1,1,1,1,0,1,1,1,1,0,1
200070530,1,1,0,1,1,1,0,1,0,0,1,1,0,1,0
200070548,1,1,0,1,1,1,1,0,0,0,1,0,0,0,1
200070555,0,1,0,1,1,1,0,0,0,0,1,1,0,1,0
200070563,1,1,0,0,0,1,0,1,1,0,1,1,1,1,0
200070571,0,1,1,0,0,1,1,0,0,1,1,1,0,1,0
200070589,0,1,0,0,0,1,1,1,1,0,0,0,0,1,0
200070647,1,0,1,1,0,0,1,1,1,1,0,0,1,0,1
200070662,0,0,1,1,0,1,0,1,0,1,1,1,0,0,1
200070670,0,1,0,1,1,1,0,1,0,0,1,0,0,0,1
200070688,0,0,0,1,1,1,1,1,0,1,1,1,0,0,1
200070712,1,0,1,1,0,0,1,1,1,1,1,0,1,0,1
200070720,1,1,1,1,0,0,1,0,0,1,0,0,0,1,0
200070738,0,1,0,0,0,1,0,0,1,0,1,1,0,1,0
200070746,1,1,0,0,0,1,1,0,1,1,1,1,1,1,0
200070753,0,0,1,1,0,0,1,1,0,1,0,1,0,0,1
200070761,1,0,1,1,0,1,1,1,1,1,1,1,1,0,1
200070779,0,1,0,0,0,1,0,0,1,0,0,1,1,1,0
200070787,1,0,1,1,0,0,1,1,0,1,1,0,1,0,1
200070795,1,0,1,1,0,1,1,1,0,1,0,0,0,0,1
200070803,0,0,1,1,0,0,1,1,0,0,0,0,0,0,1
200070811,0,0,1,1,0,0,1,1,0,1,0,0,0,0,1
200070829,1,0,1,1,0,0,1,1,0,1,0,0,1,0,1
200070845,1,1,1,0,0,0,0,0,0,1,1,1,1,1,0
200070852,0,1,0,0,1,1,1,0,1,1,0,1,0,1,0
200070894,0,1,0,1,1,1,0,1,0,0,1,1,0,0,1
200070902,1,1,0,0,0,1,0,0,0,1,0,1,1,1,0
200070910,0,1,0,0,1,1,1,0,1,1,0,0,0,1,0
200070928,0,1,0,0,0,0,0,0,0,1,1,0,0,1,0
200070936,0,1,0,0,1,1,0,0,0,0,1,0,0,1,0
200070944,1,1,1,0,0,1,0,0,0,1,1,1,0,1,0
200070951,0,1,0,0,0,1,0,0,0,0,1,1,0,1,0
200070969,0,1,0,0,0,1,0,0,0,1,1,0,0,1,0
200070977,1,1,1,0,0,0,0,0,0,1,1,0,1,1,0
200070985,1,1,0,0,0,0,0,0,0,1,1,0,1,1,0
200070993,1,1,0,1,0,0,0,0,0,0,1,1,1,1,0
200071017,0,0,0,1,1,1,1,1,0,1,1,1,0,1,0
200071025,0,0,1,0,0,0,1,0,1,1,0,1,0,1,0
200071033,0,1,1,0,0,1,1,0,1,1,0,1,0,1,0
200071041,0,1,0,0,1,1,0,0,1,0,1,0,0,1,0
200071058,0,1,1,0,0,0,1,0,0,0,0,1,0,1,0
200071066,1,1,0,0,0,1,0,0,1,1,1,0,1,1,0
200071074,0,1,0,0,0,1,0,0,1,0,1,0,1,1,0
200071082,1,0,1,1,0,0,1,1,0,0,1,0,1,0,1
200071116,1,0,1,1,0,0,1,1,1,0,0,1,1,0,1
200071140,1,0,1,1,0,0,1,1,0,0,1,0,1,0,1
200071157,0,0,1,0,1,1,1,1,1,1,1,1,0,0,1
200071165,1,0,0,1,1,1,0,0,0,0,0,0,1,0,1
200071173,1,1,0,0,1,1,1,0,0,0,0,0,1,1,0
200071181,0,1,0,0,0,1,0,0,0,0,1,1,0,1,0
200071199,0,1,1,1,0,0,1,0,1,1,1,1,0,1,0
200071207,0,1,0,0,1,1,1,0,1,1,1,0,0,1,0
200071215,1,0,1,1,0,0,1,1,0,1,1,1,0,0,1
200071223,0,1,1,0,0,0,0,0,0,1,1,0,0,1,0
200071298,0,0,1,1,0,0,1,1,1,0,0,1,0,0,1
200071314,0,1,1,1,0,1,1,1,1,1,0,1,0,0,1
200071363,1,0,0,1,1,1,1,0,0,0,0,1,1,0,1
200071371,0,1,0,1,1,1,1,0,1,0,0,1,0,1,0
200071389,1,1,1,1,0,1,1,0,1,1,1,1,0,1,0
200071405,1,1,1,0,0,0,1,1,1,1,0,0,1,1,0
200071413,1,0,1,1,0,0,1,1,1,1,1,0,1,0,1
200071454,1,1,1,1,0,1,0,1,1,0,1,0,1,1,0
200071470,1,1,0,1,0,1,1,0,0,1,1,1,0,1,0
200071496,0,0,1,0,0,0,1,0,0,1,1,0,0,0,1
200071504,0,1,0,0,1,1,0,0,1,1,1,1,1,1,0
200071512,1,0,1,1,0,0,1,1,0,1,1,1,1,0,1
200071520,1,0,0,1,1,1,0,0,0,1,1,1,1,0,1
200071538,1,1,0,0,0,1,0,0,0,1,1,0,0,1,0
200071546,0,0,1,1,1,1,0,1,0,0,1,0,0,0,1
200071553,0,0,0,1,1,1,0,1,0,1,1,1,0,0,1
200071579,1,1,0,0,1,1,0,0,1,1,1,0,1,1,0
200071587,0,1,0,0,1,1,1,1,0,1,1,1,0,0,1
200071595,1,0,1,1,1,1,1,1,0,1,1,1,0,0,1
200071629,0,0,0,1,1,1,0,0,0,1,1,0,0,0,1
200071645,0,1,0,0,1,1,1,1,1,0,1,0,0,0,1
200071652,0,1,0,0,1,1,1,0,1,1,1,0,0,1,0
200071678,0,0,0,1,1,1,0,1,0,1,1,0,1,0,1
200071751,1,0,0,1,1,1,1,1,1,0,0,0,1,0,1
200071769,1,1,0,0,0,1,0,0,1,0,1,0,0,1,0
200071777,0,1,0,0,1,1,0,0,1,0,1,0,0,1,0
200071785,1,1,1,0,0,0,0,0,1,1,1,1,1,1,0
200071819,0,0,1,1,0,0,1,1,0,1,1,0,0,0,1
200071827,1,0,1,1,0,0,1,1,1,1,1,1,1,0,1
200071843,1,1,0,0,0,1,0,0,0,1,1,0,1,1,0
200071850,1,1,0,0,1,1,0,0,1,1,1,1,1,1,0
200071868,0,0,0,1,1,1,0,1,0,1,1,1,0,0,1
200071876,0,1,0,1,1,1,0,0,0,1,1,0,1,1,0
200071884,1,0,0,1,1,1,1,0,0,0,1,0,0,1,0
200071892,1,1,1,0,0,0,0,0,0,1,1,0,1,1,0
200071900,0,0,0,1,1,1,0,0,0,1,0,0,0,0,1
200071918,0,0,0,1,1,1,0,0,0,1,1,1,0,0,1
200071926,0,1,1,1,0,0,1,1,1,1,0,1,0,1,0
200071934,0,0,0,1,1,1,0,1,0,1,1,0,0,0,1
200071942,1,0,1,1,0,0,1,1,1,1,1,1,1,0,1
200071967,1,0,0,0,1,1,1,0,1,0,1,0,1,0,1
200071983,1,1,0,0,0,1,0,0,0,1,1,0,0,1,0
200071991,1,1,0,0,0,1,0,0,0,1,1,1,1,1,0
200072007,0,1,0,0,1,0,1,0,0,0,0,0,0,1,0
200072015,1,1,1,1,0,1,1,1,1,1,1,0,1,0,1
200072023,1,1,1,1,0,1,1,0,1,1,1,0,0,1,0
200072031,1,1,1,0,0,1,0,0,1,1,1,1,1,1,0
200072049,1,0,1,1,0,1,1,1,0,1,1,1,1,0,1
200072056,0,1,1,0,0,1,1,0,1,1,1,1,0,1,0
200072064,0,1,0,0,1,1,0,0,0,1,1,1,0,1,0
200072072,0,0,0,0,1,1,0,1,0,1,1,1,0,0,1
200072080,1,0,1,0,0,0,1,1,0,1,1,1,1,1,0
200072098,0,0,1,1,0,0,1,1,0,1,1,1,0,0,1
200072106,1,0,1,1,0,0,1,1,0,1,0,0,0,1,0
200072130,1,1,1,1,0,1,0,1,1,0,0,0,1,0,1
200072304,1,0,1,0,1,1,1,0,0,1,1,1,1,1,0
200072312,1,1,0,0,1,1,0,1,1,0,0,1,1,1,0
200072320,0,0,1,1,0,0,1,1,0,0,0,0,0,0,1
200072346,1,0,0,1,1,1,0,1,1,0,0,1,1,0,1
200072452,0,0,0,1,1,1,0,1,0,1,1,1,0,0,1
200072460,1,1,1,0,0,0,0,1,0,0,1,0,1,1,0
200072478,1,1,0,0,0,1,0,0,0,0,1,1,0,1,0
200072544,1,1,0,0,1,0,0,0,1,0,1,0,1,1,0
200072635,1,0,1,1,0,0,1,1,0,0,0,1,1,0,1
200072643,1,1,1,1,0,0,1,1,0,0,0,0,1,1,0
200072650,0,0,1,1,1,1,0,1,0,1,1,1,0,0,1
200072668,0,1,0,0,1,1,1,0,0,1,1,1,0,1,0
200072676,1,1,0,0,1,0,0,0,0,1,1,0,1,1,0
200072684,0,1,0,0,1,0,0,0,0,1,1,0,0,1,0
200072692,0,1,0,0,1,0,0,0,0,1,1,1,0,1,0
200072700,0,1,0,0,1,0,0,0,0,1,1,1,0,1,0
200072718,0,0,0,0,1,0,0,0,0,0,1,1,0,1,0
200072726,0,0,0,1,1,1,0,1,0,1,1,1,0,0,1
200072734,0,0,1,1,0,1,0,1,0,1,1,0,0,0,1
200072825,0,1,0,1,1,1,0,0,0,1,0,1,0,1,0
200072874,0,1,0,0,0,1,0,0,1,0,0,0,1,1,0
200072882,0,0,0,1,1,1,0,0,0,1,1,1,0,0,1
200072981,0,1,0,0,1,1,0,0,1,1,1,1,0,1,0
200072999,1,1,0,0,1,1,1,0,0,1,1,0,1,1,0
200073013,0,1,1,1,1,1,0,1,1,0,0,0,1,1,0
200073096,0,1,0,1,1,1,1,1,1,1,1,1,0,0,1
200073104,1,0,0,0,1,0,1,0,0,1,0,0,1,1,0
200073112,0,1,0,0,1,0,0,0,0,0,1,1,0,1,0
200073120,1,1,0,0,1,0,1,0,0,0,0,0,1,1,0
200073138,1,0,0,0,1,0,1,0,0,0,0,0,1,1,0
200073146,1,0,1,1,0,0,1,1,1,0,1,1,1,0,1
200073161,0,0,1,1,0,1,0,1,0,0,1,0,0,0,1
200073237,0,0,1,1,1,1,0,0,0,0,1,0,0,0,1
200073245,1,0,1,0,0,0,1,1,1,1,0,1,1,0,1
200073252,1,1,0,1,1,0,1,0,0,0,0,0,1,1,0
200073260,0,0,0,1,1,1,1,0,0,1,1,0,0,0,1
200073344,0,0,0,1,1,1,0,1,1,0,0,1,0,0,1
200073393,1,0,0,1,1,1,1,0,0,1,1,1,1,0,1
200073401,0,0,1,1,0,1,1,1,0,1,1,1,0,0,1
200073419,1,0,1,1,1,1,1,1,0,1,1,0,0,0,1
200073427,0,1,0,0,0,1,1,0,0,1,1,1,0,1,0
200077014,1,1,0,1,1,1,0,1,1,0,0,0,1,0,1
200083392,0,0,0,1,1,0,0,1,0,0,1,0,0,0,1
200084952,1,0,1,0,0,0,0,1,0,0,0,0,1,0,1
200085728,1,0,1,1,0,1,1,1,1,1,1,1,1,0,1
200085751,1,1,1,0,0,1,0,0,1,0,0,0,1,1,0
200089456,1,1,1,0,0,1,0,1,1,1,1,0,1,1,0
200090504,1,1,1,0,0,1,0,0,1,0,0,1,1,1,0
200090561,1,1,1,0,0,0,0,0,1,1,1,0,1,1,0
200090579,0,1,1,0,1,1,1,0,1,1,1,1,0,1,0
200090751,1,1,1,0,0,0,0,0,0,0,1,0,1,1,0
200093201,1,0,1,1,1,0,0,1,1,0,0,0,1,0,1
240100610,1,1,0,1,0,1,0,0,1,0,0,1,1,1,0
240100750,1,0,0,1,1,0,0,1,1,0,0,1,1,0,1
240100800,1,0,0,1,1,1,0,0,1,0,0,1,1,0,1
240100883,1,1,0,0,0,1,0,0,1,0,0,0,1,1,0
240100891,1,1,1,0,0,1,1,1,1,1,0,0,1,0,1
240200444,1,1,0,0,1,1,0,0,0,0,1,1,0,1,0
240200469,0,1,0,0,0,0,0,0,0,0,1,0,0,1,0
240200477,1,1,0,0,0,0,0,0,1,0,1,0,1,1,0
240200493,0,1,0,0,0,0,0,0,0,0,1,0,0,1,0
240200501,0,1,0,0,0,1,0,0,0,0,1,0,0,1,0
240200519,0,1,0,0,0,1,1,0,1,0,1,1,0,1,0
240200576,0,1,0,0,0,1,0,0,0,1,1,0,0,1,0
240200584,1,1,0,0,0,1,0,0,1,0,1,1,1,1,0
240200592,0,1,0,0,0,1,0,0,0,0,1,0,0,1,0
240200600,1,1,0,0,0,0,0,0,0,0,1,1,1,1,0
240200634,1,1,0,0,1,0,1,0,0,0,1,1,0,1,0
240300491,0,1,0,0,0,1,1,0,1,1,1,0,0,1,0
240300558,1,1,1,0,1,0,1,0,1,1,1,0,0,1,0
240300566,0,1,1,1,0,1,1,1,0,1,1,1,0,1,0
240300657,1,1,1,0,0,0,1,1,1,1,1,0,1,1,0
240400440,0,0,1,0,0,0,1,0,1,1,0,1,1,0,1
240500439,1,0,1,0,1,0,1,1,0,1,0,0,1,0,1
240500462,1,0,1,1,0,1,1,1,0,1,0,1,1,0,1
240600551,1,1,0,0,1,0,1,0,1,0,0,0,1,1,0
240600585,1,1,0,0,1,0,0,0,1,0,0,0,1,1,0
240600593,0,1,1,0,0,0,0,0,1,0,0,0,0,1,0
240700302,0,0,1,0,0,0,1,1,1,1,0,0,1,0,1
240700617,1,0,1,0,0,0,1,1,1,1,0,1,1,0,1
240700716,0,1,1,0,0,1,1,0,1,1,1,1,0,1,0
240700815,0,0,1,0,0,1,1,1,0,1,0,0,0,0,1
240700864,1,1,1,0,0,0,1,0,1,1,0,1,0,1,0
240800821,1,1,1,0,0,0,0,1,0,1,1,1,1,1,0
240800847,1,1,0,0,0,1,1,0,0,1,1,1,1,1,0
240800862,0,1,0,0,1,1,1,0,0,1,1,1,0,1,0
240800920,1,1,0,0,1,1,1,0,0,1,1,0,0,1,0
240900431,0,0,1,0,0,0,1,1,0,1,0,1,0,0,1
240900464,1,1,1,0,0,0,1,1,1,1,1,0,1,1,0
241000223,0,1,0,0,1,1,0,0,0,0,0,1,0,1,0
241000405,1,1,0,0,1,1,0,0,0,0,1,1,1,1,0
241000447,0,1,0,0,1,1,0,0,1,0,1,1,0,1,0
241000488,0,1,0,0,1,1,0,0,1,0,1,1,0,1,0
241100593,1,1,1,0,0,0,1,1,1,0,0,0,1,1,0
241200187,0,0,1,1,1,0,1,1,0,0,0,0,0,0,1
241200542,0,0,0,1,1,1,1,0,0,1,1,0,0,0,1
241200567,1,0,1,1,0,0,1,1,0,1,0,1,1,0,1
241200625,0,0,1,1,1,0,1,1,0,0,1,0,0,0,1
241200641,0,0,1,1,1,0,1,1,0,1,0,0,0,0,1
241200658,0,0,0,1,1,1,1,0,0,1,1,0,0,0,1
241200674,0,0,0,1,1,0,1,1,1,0,1,0,0,0,1
241200765,0,0,0,1,1,1,1,0,0,0,0,1,0,0,1
241200807,0,0,1,1,0,0,1,1,1,1,1,0,0,0,1
241200906,0,0,1,0,0,0,1,1,1,1,0,1,0,0,1
241200914,0,0,1,1,0,1,1,1,0,1,0,1,0,0,1
241300375,0,1,0,0,1,0,1,0,0,0,0,1,0,1,0
241300417,1,1,1,0,0,0,1,0,0,0,0,0,1,1,0
241400415,1,0,0,1,1,0,0,0,0,0,0,0,1,0,1
241400514,1,1,1,0,0,1,0,1,0,1,1,0,1,1,0
241400555,1,0,0,1,1,1,0,1,0,1,1,1,1,0,1
241400860,0,0,0,1,1,0,0,1,0,0,0,0,0,0,1
241400878,0,1,0,0,1,1,0,0,0,0,1,1,0,1,0
241500230,1,0,1,1,1,0,1,1,0,1,1,0,0,0,1
241500255,1,0,0,1,1,1,1,0,0,1,1,1,1,0,1
241500271,1,0,0,1,1,0,1,1,0,1,1,1,1,0,1
241501055,1,0,1,1,0,0,1,1,0,1,1,1,1,0,1
241501089,0,0,0,1,1,0,1,0,0,1,1,0,0,0,1
241501139,1,0,0,1,1,0,1,0,0,0,1,1,1,0,1
241600303,1,1,1,1,0,0,1,1,0,1,1,1,0,1,0
241700434,1,0,1,1,1,0,1,1,0,0,0,0,1,0,1
241700459,0,0,0,1,1,0,1,0,0,0,0,0,0,0,1
241700517,0,1,0,0,0,1,1,0,0,1,1,1,0,1,0
241700624,1,0,1,0,1,1,1,0,0,1,0,1,1,1,0
241700632,1,1,0,0,1,1,1,0,1,1,1,1,0,1,0
241700640,1,0,0,1,1,1,1,0,0,0,0,0,1,0,1
241700699,1,1,0,0,1,1,1,0,0,1,1,0,1,1,0
241800374,0,1,0,0,0,1,1,0,1,1,1,1,0,1,0
241800424,1,1,0,0,1,1,1,0,1,1,1,1,1,1,0
241800432,1,1,0,0,1,1,1,0,1,1,1,1,1,1,0
241800457,1,0,1,1,0,1,0,1,1,1,1,0,1,0,1
241800507,1,0,1,1,1,0,0,1,0,0,1,0,1,0,1
241900133,0,0,1,1,0,0,1,1,0,1,1,0,0,0,1
241927201,0,0,1,1,0,0,1,1,0,1,1,1,0,0,1
241927243,0,0,1,1,0,0,1,1,1,1,1,1,0,0,1
242000354,1,1,0,0,1,0,1,0,0,0,0,1,1,1,0
242000495,1,1,0,0,1,0,1,0,0,0,0,0,1,1,0
242000503,1,1,0,0,1,0,1,0,0,0,0,1,1,1,0
242010056,1,1,0,0,1,0,1,0,0,0,0,0,1,1,0
242010130,1,1,0,0,1,0,1,0,0,0,0,1,1,1,0
242020071,1,0,0,1,1,0,1,0,1,1,0,1,1,0,1
242020105,1,1,0,0,1,0,1,0,0,0,0,0,1,1,0
242100154,0,1,0,1,1,1,0,1,0,1,0,1,0,1,0
242100410,1,0,1,1,1,0,0,1,1,0,0,0,1,0,1
242101434,1,1,0,0,1,1,1,0,0,1,1,1,1,1,0
242101442,1,1,0,0,1,1,1,0,0,1,1,1,0,1,0
242101459,1,1,1,0,0,1,1,1,0,1,1,0,0,1,0
242101491,1,1,1,0,0,1,1,0,0,1,1,1,1,1,0
242101509,1,1,0,0,0,1,1,0,1,0,1,1,0,1,0
242200715,0,0,1,1,0,0,1,1,0,1,1,0,0,0,1
242300135,1,0,1,1,0,0,1,1,0,1,1,0,1,0,1
242320000,1,0,1,1,0,0,1,1,1,1,1,1,1,0,1
242320109,1,0,1,0,1,1,1,1,0,1,1,1,1,0,1
242400752,0,0,1,0,0,0,1,1,0,1,1,1,0,0,1
242400935,1,1,1,0,0,1,1,0,0,1,0,0,1,1,0
242401024,0,0,1,1,0,0,1,1,0,1,1,1,0,0,1
242500320,0,1,0,0,1,1,1,0,1,1,0,1,0,1,0
242500338,1,0,0,1,1,1,0,0,1,1,0,1,1,0,1
242500361,1,0,1,1,1,0,0,1,1,0,0,1,1,0,1
242504116,1,0,0,1,1,1,0,0,1,1,0,1,1,0,1
242504181,0,1,0,0,1,1,0,0,1,1,0,0,0,1,0
242504355,0,0,0,0,1,1,0,0,1,0,0,0,0,0,1
242504371,0,1,0,0,1,1,1,0,1,1,1,0,0,1,0
242504447,0,1,0,0,1,1,1,0,0,1,1,1,0,1,0
242504488,0,1,0,0,1,1,1,0,1,1,1,1,0,1,0
242504496,0,1,0,0,1,1,1,0,0,0,1,1,0,1,0
242600252,0,1,1,0,0,1,1,1,1,1,1,0,0,1,0
242600492,0,0,1,1,0,0,1,1,1,1,1,1,0,0,1
242600534,0,0,1,1,0,0,1,1,1,1,0,1,0,0,1
242700276,0,1,0,0,0,1,0,0,1,1,1,0,0,1,0
242700607,0,1,0,0,1,1,0,0,0,1,1,0,0,1,0
242852465,0,1,0,0,1,1,1,0,1,1,1,0,0,1,0
242900074,0,0,0,1,1,0,1,1,0,1,0,0,0,0,1
242900314,1,0,1,1,0,0,0,1,0,1,0,0,1,0,1
242900553,0,0,0,1,0,0,1,1,0,1,1,0,0,0,1
242900561,0,0,1,1,0,0,1,1,0,1,1,0,0,0,1
242900629,1,0,0,1,1,0,1,1,0,1,1,0,0,0,1
242900645,1,0,1,1,0,0,1,1,0,1,1,0,1,0,1
242900660,0,0,0,1,1,0,0,1,0,0,0,0,0,0,1
242900694,0,0,1,1,0,0,1,1,1,1,1,0,0,0,1
242900702,0,0,1,1,0,0,1,1,0,1,1,0,0,0,1
242900710,0,0,1,1,0,0,1,1,0,1,1,0,0,0,1
242900744,0,0,1,1,0,0,1,1,0,1,1,0,0,0,1
242900751,0,0,0,1,1,0,1,1,0,1,1,0,0,0,1
242900769,1,0,1,1,0,0,1,1,0,1,1,0,1,0,1
242900793,0,0,0,1,1,0,0,1,0,1,0,0,0,0,1
242900801,0,0,1,1,0,0,1,1,0,1,0,1,0,0,1
242900835,0,0,1,1,0,0,0,1,0,1,1,1,0,0,1
243000270,1,0,1,0,0,0,1,1,1,1,0,0,1,0,1
243000296,0,1,1,0,0,0,1,1,0,0,0,0,1,1,0
243000569,0,1,1,0,0,0,1,0,1,0,0,0,1,1,0
243000585,1,1,1,0,0,0,1,0,1,0,0,0,1,1,0
243000593,0,1,1,0,0,0,1,0,1,0,0,0,0,1,0
243000643,1,1,1,0,0,0,1,0,1,0,0,0,1,1,0
243000650,1,1,0,0,1,0,1,0,0,0,0,0,1,1,0
243000684,0,1,1,0,0,0,1,0,1,0,0,1,0,1,0
243100518,1,0,1,1,0,0,1,1,1,0,0,0,1,0,1
243100567,0,1,1,1,0,0,1,1,0,1,0,0,0,1,0
243100633,0,0,1,1,0,0,1,1,0,0,0,0,0,0,1
243100732,0,0,1,1,1,0,1,1,0,0,0,0,0,0,1
243100773,0,1,1,1,0,0,1,1,1,1,1,1,1,1,0
243100781,0,0,1,1,0,0,1,1,0,0,0,1,0,0,1
243100815,0,0,1,1,0,0,1,1,1,0,0,0,0,0,1
243200391,0,0,1,1,1,0,1,1,1,0,0,0,0,0,1
243200409,0,0,0,1,0,0,1,1,0,0,1,0,0,0,1
243200417,0,0,0,1,1,0,1,1,0,1,0,0,0,0,1
243200425,0,0,1,0,0,0,1,1,1,0,1,1,0,0,1
243200458,0,0,0,1,1,0,1,1,0,0,1,1,0,0,1
243200508,0,0,1,1,0,0,1,1,1,1,0,0,0,0,1
243200599,0,0,1,1,0,0,1,1,0,0,0,1,0,0,1
243200607,0,0,0,0,1,0,1,1,1,0,0,0,0,0,1
243300316,1,0,1,1,0,0,1,1,1,1,0,0,1,0,1
243300563,1,0,0,1,1,0,1,0,0,0,0,1,1,0,1
243300811,1,1,0,0,0,1,1,1,1,1,1,1,1,1,0
243301165,0,0,1,1,0,0,1,1,0,1,0,1,0,0,1
243301181,1,1,1,0,0,1,1,0,0,1,1,0,1,1,0
243301215,0,0,1,1,0,0,1,1,0,1,0,0,0,0,1
243301223,1,1,1,0,0,1,1,1,0,1,1,0,1,1,0
243301249,1,0,1,1,0,0,1,1,1,1,0,1,1,0,1
243301264,0,0,1,1,0,0,1,1,0,1,0,0,0,0,1
243301355,0,0,1,1,0,0,1,1,0,1,0,0,0,0,1
243301371,1,1,0,0,1,0,1,1,0,1,0,0,1,1,0
243301389,0,1,1,0,0,1,1,0,0,1,0,1,0,1,0
243301397,0,1,1,1,0,0,1,1,0,1,0,0,0,1,0
243301405,0,0,1,1,0,1,1,1,1,1,0,1,0,1,0
243301439,0,0,1,1,0,0,1,1,0,1,0,0,0,0,1
243301447,0,1,1,1,0,1,1,1,0,1,0,0,0,1,0
243301454,1,1,1,0,0,0,1,0,1,1,0,1,0,1,0
243301504,1,0,1,1,1,0,1,1,0,1,0,1,1,0,1
243400017,1,0,1,1,0,0,0,1,1,0,0,0,1,0,1
243400355,1,1,1,0,0,0,1,1,1,1,0,0,1,1,0
243400470,0,1,0,0,1,0,1,0,1,0,0,0,1,1,0
243400488,0,1,1,0,0,0,1,0,0,0,0,0,0,1,0
243400520,1,1,1,0,0,0,1,0,1,0,0,0,1,1,0
243400694,0,1,1,0,0,0,1,0,1,0,0,0,1,1,0
243400736,0,1,1,0,0,0,1,1,1,1,0,1,1,1,0
243400769,1,1,1,0,0,0,1,0,0,0,0,0,1,1,0
243400819,1,1,1,0,0,0,1,0,0,0,0,0,1,1,0
243500139,0,0,1,1,0,0,0,1,0,0,0,0,0,0,1
243500550,0,0,1,1,0,0,0,1,0,1,1,0,0,0,1
243500618,0,0,1,1,0,1,0,1,0,1,1,0,0,0,1
243500634,0,0,0,1,1,1,0,1,0,1,1,1,0,0,1
243500659,0,0,1,1,0,0,0,1,0,0,1,0,0,0,1
243500667,0,0,1,1,0,0,0,1,0,1,1,1,0,0,1
243500725,0,0,0,1,1,0,0,1,0,0,0,0,0,0,1
243500733,0,0,1,1,0,0,0,1,0,1,1,1,0,0,1
243500741,0,0,1,1,0,0,0,1,0,1,1,1,0,0,1
243500774,0,0,1,1,0,0,0,1,0,1,1,0,0,0,1
243500782,1,0,0,1,1,0,0,1,0,0,1,0,1,0,1
243600202,1,1,1,0,1,1,1,0,1,1,1,1,1,1,0
243600236,1,1,1,0,0,0,1,1,0,1,1,1,1,1,0
243600293,0,1,0,0,1,1,0,0,0,1,1,1,0,1,0
243600301,0,1,0,0,0,1,1,0,0,1,1,1,0,1,0
243600319,1,1,0,0,1,1,1,0,1,1,1,1,1,1,0
243600327,1,0,1,1,0,0,0,1,0,1,1,1,1,0,1
243600343,0,1,0,0,1,1,1,0,1,1,1,1,0,1,0
243600350,1,0,0,0,1,1,1,1,1,1,1,1,0,0,1
243700499,1,1,1,0,1,1,0,1,0,1,1,1,1,1,0
243700754,1,0,1,1,1,0,0,1,0,0,0,1,1,0,1
243700820,0,1,1,0,1,1,0,0,1,1,1,1,0,1,0
243800604,1,1,1,1,0,1,0,1,1,0,0,0,1,0,1
243800745,1,0,1,1,1,0,1,0,0,1,1,1,1,0,1
243800935,1,1,0,0,0,1,0,0,1,0,0,0,1,1,0
243800984,1,0,1,1,0,1,0,1,1,0,0,1,1,0,1
243801024,0,0,1,1,1,0,0,1,1,0,0,0,0,0,1
243801073,0,1,1,1,0,1,1,1,0,1,1,1,0,1,0
243801255,0,1,0,0,0,1,1,0,1,0,0,0,0,1,0
243900354,1,0,0,0,1,1,1,0,1,1,0,0,1,0,1
243900420,0,1,1,0,1,1,1,0,1,1,1,0,0,1,0
243900479,1,0,1,0,1,1,1,0,1,1,0,1,1,0,1
243900560,0,1,1,0,0,1,0,0,1,1,1,0,0,1,0
243900610,0,0,1,0,1,1,1,0,1,1,1,1,0,0,1
243901089,0,1,0,0,0,1,1,0,0,1,0,0,0,1,0
244000543,1,0,1,1,0,0,1,1,0,1,0,1,0,0,1
244000659,0,0,1,1,0,0,1,1,1,1,0,0,0,0,1
244000675,1,0,1,1,1,0,1,1,0,0,0,0,0,0,1
244000691,1,0,1,0,0,0,1,1,0,1,0,0,0,0,1
244000766,0,0,1,1,0,0,1,1,0,1,0,0,0,0,1
244000774,0,0,1,1,0,0,1,1,0,0,0,1,0,0,1
244000808,1,0,1,1,0,0,1,1,0,0,0,0,0,0,1
244000824,0,0,0,1,0,1,1,1,0,1,0,0,0,0,1
244000857,0,0,1,1,0,0,1,1,0,1,0,0,0,0,1
244000865,0,0,1,1,1,0,1,1,0,0,0,0,0,0,1
244000873,1,0,1,1,0,1,1,1,1,1,0,1,1,1,0
244000881,0,0,1,1,0,0,1,1,0,0,0,0,0,0,1
244100293,0,1,0,0,1,1,0,0,0,0,1,1,0,1,0
244100780,0,1,0,0,1,1,1,0,0,0,1,0,0,1,0
244100798,0,1,0,0,0,1,0,1,0,1,1,1,0,1,0
244100806,1,1,0,0,1,1,0,0,1,1,1,0,1,1,0
244200614,1,1,0,0,0,1,1,0,1,0,1,0,1,1,0
244200622,0,0,0,1,1,1,1,1,0,1,1,1,0,0,1
244200630,0,1,0,0,1,1,1,0,0,1,0,0,0,1,0
244200770,1,0,1,1,0,0,0,1,1,0,0,0,1,0,1
244200820,1,1,0,0,1,1,1,0,1,1,1,0,0,1,0
244200895,0,1,1,1,0,1,1,1,1,1,1,1,0,1,0
244300307,0,1,0,0,1,1,1,0,0,1,1,1,0,1,0
244301016,1,1,0,1,0,1,1,0,0,1,1,1,0,1,0
244301099,1,1,1,1,0,0,1,0,0,1,1,0,1,1,0
244301107,1,0,1,1,1,1,1,1,1,1,1,1,1,0,1
244301123,0,1,0,0,1,1,1,0,0,0,0,0,0,1,0
244301131,0,1,0,0,0,1,1,0,1,0,1,1,0,1,0
244400404,0,0,1,1,0,0,0,1,0,0,0,0,1,0,1
244400438,0,0,1,1,1,1,0,1,0,1,0,1,0,0,1
244400453,0,0,1,1,0,1,0,1,0,1,1,0,0,0,1
244400503,0,0,1,1,0,1,0,1,0,1,0,1,0,0,1
244400537,0,0,1,1,0,1,0,1,0,1,1,1,0,0,1
244400552,0,0,1,1,1,1,0,1,0,1,1,1,0,0,1
244400586,0,0,1,1,1,1,0,1,1,1,1,0,0,0,1
244400610,0,0,0,1,1,0,0,0,0,0,0,0,0,0,1
244400644,1,0,1,1,0,0,0,1,0,1,1,0,1,0,1
244500203,1,1,0,0,1,1,0,0,1,0,1,1,1,1,0
244500211,1,1,0,0,1,1,0,0,1,0,1,1,1,1,0
244500419,0,1,0,0,1,1,0,0,1,0,1,1,0,1,0
244500427,0,1,0,1,1,1,0,1,0,0,0,1,0,0,1
244500468,1,0,1,1,1,0,0,1,1,0,0,0,1,0,1
244500484,0,1,0,1,1,1,0,0,0,0,1,1,0,1,0
244500542,0,1,0,0,1,1,1,0,0,0,1,0,0,1,0
244600433,0,0,1,1,0,0,1,1,0,1,0,1,0,0,1
244600482,0,0,1,1,0,0,1,1,0,0,1,1,0,0,1
244600532,0,0,1,1,0,0,1,1,1,1,1,1,0,0,1
244600573,0,0,1,1,1,0,1,1,0,1,1,1,0,0,1
244700449,0,0,0,0,1,1,1,1,1,1,1,1,0,1,0
244700464,1,1,0,0,1,1,1,0,1,1,1,1,0,1,0
244701355,0,1,1,0,0,1,1,0,0,0,0,0,0,1,0
244701405,0,1,1,0,1,1,1,0,1,1,1,1,0,1,0
244800405,1,0,1,1,1,0,1,1,1,1,0,1,0,0,1
244800470,0,0,1,1,1,0,1,1,0,1,0,1,0,0,1
244900015,0,0,1,1,1,0,0,1,0,0,1,0,1,0,1
244900809,0,0,0,1,1,1,0,0,0,1,1,0,0,0,1
244900882,0,0,0,0,1,1,0,1,0,1,1,1,0,0,1
245100615,0,1,0,0,1,1,0,0,0,0,0,1,1,1,0
245100888,1,1,0,0,1,1,1,0,0,0,1,0,1,1,0
245100979,0,1,0,0,1,1,0,0,0,1,1,1,0,1,0
245200597,1,1,0,0,1,1,1,0,0,0,1,1,1,1,0
245300223,0,0,0,0,1,1,0,0,0,1,0,0,0,0,1
245300355,0,0,0,1,1,1,1,0,0,1,1,1,0,0,1
245300389,0,0,0,1,1,1,1,0,0,1,1,1,0,0,1
245300447,0,0,0,1,1,0,0,0,0,1,1,0,0,0,1
245400171,1,1,1,1,0,1,0,1,1,1,1,1,1,1,0
245400189,1,1,1,0,0,1,0,1,0,1,1,1,1,1,0
245400262,1,0,1,1,0,0,0,1,1,1,1,1,1,0,1
245400510,0,1,0,0,0,1,1,1,1,0,1,1,0,1,0
245400601,1,1,1,1,0,1,0,1,1,1,1,1,1,1,0
245400676,1,0,1,1,1,0,0,1,1,0,0,1,1,0,1
245400759,0,1,0,0,1,1,1,0,0,0,1,1,0,1,0
245500327,1,1,0,0,0,1,0,0,0,1,1,0,1,1,0
245501176,0,1,0,0,1,1,1,0,0,1,0,1,0,1,0
245501184,1,1,0,0,0,1,1,0,1,1,0,1,1,1,0
245501242,1,1,0,0,1,1,0,0,0,0,1,0,1,1,0
245501259,1,1,0,0,0,1,1,0,0,1,1,1,1,1,0
245600440,0,0,1,1,0,0,1,1,0,1,0,0,0,0,1
245600465,0,0,1,1,1,1,1,1,1,1,0,0,0,0,1
245614383,0,0,1,1,0,1,0,1,0,1,1,1,0,0,1
245614417,1,0,1,1,0,0,1,1,0,1,1,1,1,0,1
245614433,0,0,0,1,1,1,1,1,0,1,1,0,0,0,1
245700133,1,1,0,0,0,1,1,0,1,1,1,1,1,1,0
245700372,1,1,1,0,0,1,0,0,1,1,1,1,1,1,0
245700398,1,1,1,0,0,1,0,0,1,1,1,1,1,1,0
245700695,1,0,0,1,1,1,0,0,1,0,0,1,1,0,1
245700950,0,1,0,0,0,1,1,0,0,0,1,1,0,1,0
245701164,1,1,0,0,0,1,0,1,1,1,1,1,1,1,0
245701206,1,1,0,0,1,1,1,0,1,1,1,1,0,1,0
245701222,1,1,1,0,0,0,0,1,1,1,1,0,1,1,0
245701271,1,1,1,0,0,0,0,0,1,1,1,0,1,1,0
245701354,1,1,0,1,0,1,0,0,1,1,1,1,1,1,0
245701362,1,0,1,1,1,0,0,1,1,0,1,1,1,0,1
245701404,1,0,1,0,0,0,0,1,1,1,1,0,1,0,1
245801063,1,1,1,1,0,1,0,1,1,0,1,0,0,1,0
245804406,1,0,1,1,0,0,0,1,0,1,1,0,1,0,1
245804497,1,1,0,0,0,1,1,0,1,1,1,0,0,1,0
245900428,1,1,1,0,0,1,0,1,1,1,1,1,1,1,0
245900758,1,1,0,0,0,1,0,0,0,0,1,1,0,1,0
245901038,1,1,1,0,0,1,0,0,0,0,1,0,1,1,0
245901152,1,1,1,0,0,0,0,0,0,0,1,0,1,1,0
245901160,1,1,1,0,0,0,0,0,1,0,1,1,1,1,0
246000129,1,1,1,0,0,1,0,0,1,1,1,1,1,1,0
246000376,0,1,1,0,0,1,0,0,1,0,1,1,0,1,0
246000566,0,1,0,0,0,1,0,0,0,1,1,1,0,1,0
246000582,1,1,1,0,0,1,0,0,1,0,1,1,1,1,0
246000707,0,1,0,0,1,1,0,0,1,1,1,1,0,1,0
246000749,0,1,0,0,0,1,0,0,0,0,1,1,0,1,0
246000756,1,1,0,0,0,1,0,0,1,1,1,0,1,1,0
246000764,0,0,0,1,1,0,0,0,1,0,0,0,1,0,1
246000772,1,1,1,0,0,1,0,0,0,0,1,1,1,1,0
246000848,0,1,0,0,0,1,0,0,0,0,1,0,0,1,0
246000855,0,1,0,0,0,1,0,0,1,1,1,1,0,1,0
246000871,1,1,0,0,0,1,0,0,1,0,1,0,1,1,0
246000897,0,1,0,0,0,1,0,0,1,1,1,0,0,1,0
246000913,0,1,0,0,0,1,0,0,0,1,1,1,0,1,0
246000921,1,1,0,0,0,1,0,0,1,0,1,1,1,1,0
246100390,0,1,0,0,1,1,1,0,0,1,1,1,0,1,0
246100663,0,0,0,1,1,0,0,1,0,1,1,1,1,0,1
246200299,1,1,1,0,0,0,0,1,1,0,1,0,1,1,0
246200364,1,1,1,0,0,0,0,1,0,1,1,0,1,1,0
246200380,0,1,0,0,0,1,0,0,0,0,1,1,0,1,0
246200729,1,1,1,0,0,0,0,1,0,0,1,1,1,1,0
246200844,0,1,0,0,0,1,0,0,0,0,1,0,0,1,0
246201016,0,1,0,0,0,1,0,1,0,0,1,1,0,1,0
246300701,1,0,1,1,0,0,1,1,1,0,0,1,1,0,1
246300966,1,0,1,1,1,0,1,1,0,1,1,1,1,0,1
246301097,1,1,1,1,0,1,1,1,0,1,1,1,0,1,0
246400337,0,0,1,1,0,0,1,1,0,1,0,0,0,0,1
246401756,0,0,1,1,0,0,1,1,0,0,0,0,0,0,1
246500482,1,0,1,1,0,0,1,1,0,1,0,0,1,0,1
246500573,1,0,1,1,0,0,1,1,0,1,0,0,1,0,1
246600282,0,1,1,0,1,0,1,0,0,0,0,1,0,1,0
246600373,1,1,1,0,0,0,1,1,1,1,0,0,1,1,0
246600399,1,0,1,0,0,0,1,1,0,1,1,0,1,0,1
246600415,0,1,1,0,0,0,1,1,0,1,0,1,0,1,0
246600423,1,1,1,0,0,0,1,1,0,1,1,1,1,1,0
246600449,0,1,1,0,0,0,1,1,1,1,1,0,1,1,0
246600464,1,0,1,0,1,0,1,0,0,0,0,0,1,1,0
246600548,1,1,1,0,0,0,1,1,1,1,1,0,1,1,0
246700306,1,1,0,0,0,1,1,0,1,1,1,1,1,1,0
246700488,1,0,1,1,1,0,0,1,1,0,0,0,1,0,1
246700744,0,0,0,1,1,1,1,0,1,0,1,1,0,0,1
246700777,0,1,0,1,1,1,1,0,1,1,1,1,0,1,0
246700843,0,1,0,0,1,1,1,0,0,0,1,1,1,1,0
246700926,1,1,0,0,1,1,1,0,1,1,1,0,1,1,0
246700959,0,1,0,0,1,1,1,0,1,0,1,1,0,1,0
246700967,1,1,0,1,1,1,1,0,1,1,1,0,1,1,0
246701064,0,1,0,1,1,1,1,0,1,0,1,1,1,1,0
246701080,1,1,0,1,1,1,1,0,1,0,1,1,1,1,0
246701098,1,1,0,0,1,1,1,0,1,1,1,0,1,1,0
246800205,1,1,0,0,0,1,1,0,1,1,1,1,1,1,0
246800395,1,1,1,0,0,1,1,0,1,1,1,1,1,1,0
246800445,1,1,0,0,0,1,1,0,1,1,1,1,1,1,0
246800494,0,1,0,0,1,1,1,0,1,0,1,1,0,1,0
246800551,0,0,0,0,1,1,1,0,1,1,1,1,0,0,1
246800569,1,1,0,0,1,1,1,0,1,1,1,1,1,1,0
246800577,0,1,0,0,1,1,1,0,1,0,1,0,0,1,0
246800585,0,1,0,0,1,1,1,0,1,1,1,1,0,1,0
246800676,0,1,0,0,1,1,1,0,1,1,1,1,0,1,0
246800726,1,0,0,1,1,1,1,1,1,0,1,1,1,0,1
246900575,0,1,0,1,1,1,0,0,1,0,0,0,0,1,0
246900625,0,0,0,1,1,1,0,1,1,0,0,0,0,0,1
246900724,0,0,0,1,1,1,0,1,1,0,0,0,0,0,1
246900740,0,0,0,1,1,1,0,1,1,0,0,0,0,0,1
246900757,0,0,0,1,1,0,0,0,1,0,0,0,0,0,1
246900765,0,1,0,1,1,1,0,0,0,0,0,0,0,0,1
247000011,1,0,0,1,1,1,0,1,1,1,1,0,1,0,1
247000367,0,1,0,0,1,1,1,0,1,1,1,1,0,1,0
247000623,0,1,0,0,1,1,1,0,1,1,1,0,0,1,0
247000664,1,1,0,0,0,1,0,1,1,1,1,1,0,1,0
247000698,0,1,0,0,0,1,0,0,0,1,1,1,0,1,0
247000706,0,1,0,1,0,1,0,0,0,1,0,1,0,1,0
247000714,0,1,0,0,0,1,1,0,1,1,1,1,0,1,0
247000722,1,1,1,0,0,1,1,1,1,1,1,0,1,1,0
247000755,1,1,0,0,1,1,0,0,0,1,1,1,1,1,0
247000821,1,1,1,0,0,0,0,0,1,1,1,1,1,1,0
247000854,1,1,0,0,0,0,1,0,0,1,1,0,0,1,0
247100290,1,1,1,1,0,0,0,1,0,1,1,0,1,1,0
247100589,1,0,1,1,0,1,0,1,0,0,0,0,1,0,1
247100639,1,0,0,0,1,1,0,0,0,0,1,1,1,1,0
247100647,1,1,0,0,1,1,1,0,1,0,1,1,0,1,0
247103765,0,1,1,0,1,1,1,1,0,1,0,0,0,1,0
247103864,0,0,0,1,1,1,1,0,1,1,0,1,0,0,1
247104094,0,0,1,1,1,1,1,1,1,1,0,1,0,0,1
247200090,1,0,0,0,1,0,0,0,0,0,1,0,1,0,1
247200132,1,0,1,1,1,0,0,1,0,0,0,0,1,0,1
247200348,0,0,0,0,1,0,0,0,0,1,1,0,1,1,0
247200421,0,0,0,0,1,0,0,0,0,0,0,1,0,0,1
247200447,0,1,0,0,1,0,0,0,0,0,0,0,0,1,0
247200629,0,0,1,0,1,0,0,0,0,1,1,0,0,1,0
247200686,1,1,0,0,1,1,0,0,0,0,1,1,1,1,0
247300015,1,1,1,0,1,1,1,0,0,1,0,1,1,1,0
247300254,1,0,0,0,1,1,1,0,1,1,0,0,1,0,1
247300262,0,1,0,0,1,1,1,0,1,1,0,1,0,1,0
247300361,0,1,0,0,0,1,1,0,0,0,1,1,0,1,0
247300452,1,1,0,1,1,1,1,0,1,1,0,0,1,0,1
247300528,1,1,1,0,0,1,1,0,1,0,0,1,1,1,0
247300668,0,0,1,1,0,1,1,1,0,0,0,0,0,0,1
247300676,1,1,1,0,0,1,1,0,1,1,0,0,1,1,0
247300817,1,0,1,1,1,1,1,0,0,1,0,1,1,0,1
247400047,0,0,1,0,1,1,1,1,1,0,0,1,0,0,1
247400112,0,0,0,1,1,1,1,0,1,0,0,1,0,0,1
247400567,0,0,0,1,1,1,0,0,1,0,0,0,0,0,1
247400583,1,0,0,1,1,1,1,0,1,0,0,1,0,0,1
247400617,0,0,0,0,1,1,1,0,1,0,0,1,0,0,1
247400666,1,1,0,0,1,1,0,0,1,0,0,1,0,1,0
247400682,1,0,0,0,1,1,1,0,1,1,0,0,1,0,1
247400690,1,0,0,1,1,1,1,1,1,0,0,1,1,0,1
247400724,1,0,0,1,1,1,1,1,1,1,0,1,0,0,1
247400740,1,1,0,1,0,1,1,0,1,1,0,1,1,1,0
247400773,1,0,0,1,1,1,1,0,1,0,1,1,1,0,1
247600505,0,1,1,0,0,1,0,0,0,1,1,0,0,1,0
247600588,1,1,1,0,0,1,0,0,0,1,1,1,1,1,0
247600604,0,1,0,0,1,1,0,0,0,1,1,0,0,1,0
247600620,0,1,1,0,1,0,0,1,0,0,1,0,0,1,0
247600646,1,1,1,0,0,0,0,1,1,1,1,1,1,1,0
247600729,0,1,0,0,0,1,0,0,0,1,1,1,0,1,0
247600786,1,1,1,0,1,0,0,0,0,0,1,0,1,1,0
247700032,1,0,1,1,0,1,0,1,1,0,0,0,1,0,1
247700057,1,0,1,1,0,1,0,1,1,0,0,0,1,0,1
247700065,1,1,1,0,0,1,0,0,1,1,0,0,1,1,0
247700107,1,1,1,0,0,1,0,1,1,1,0,0,1,1,0
247700339,0,0,1,1,1,1,0,0,1,0,0,1,1,0,1
247700594,1,0,1,1,1,1,0,1,1,0,0,1,1,0,1
247700644,1,0,0,1,0,1,0,1,1,0,0,0,1,0,1
247700701,1,1,1,0,0,1,0,0,1,0,0,0,1,1,0
247800550,0,0,0,1,1,1,0,1,1,0,0,1,0,0,1
247800584,0,0,0,1,1,0,0,1,1,0,0,0,1,0,1
247800618,0,0,0,1,1,1,0,1,1,0,0,1,0,0,1
247900798,1,1,1,1,1,1,1,1,0,1,1,1,1,0,1
248000499,0,1,1,1,0,1,0,0,1,1,1,1,0,1,0
248000531,1,0,1,1,0,0,0,1,1,0,1,1,1,0,1
248000747,1,1,0,0,0,1,0,0,0,1,1,0,0,1,0
248100158,0,1,1,0,0,1,1,1,1,0,1,1,0,1,0
248100430,1,1,1,1,1,0,1,1,0,0,0,1,1,0,1
248100497,0,0,0,1,0,1,1,1,0,1,0,0,0,1,0
248100737,0,0,1,1,0,0,1,1,0,0,0,0,1,0,1
248100745,0,1,0,0,0,1,1,1,0,1,0,0,0,1,0
248200016,0,1,0,0,0,1,1,1,1,1,0,1,0,1,0
248200057,0,1,1,0,0,1,1,0,1,0,0,1,0,1,0
248200065,0,1,0,1,1,0,1,1,0,1,1,0,0,1,0
248200099,1,0,1,1,1,0,1,1,1,0,0,0,1,0,1
248200107,0,0,1,0,0,0,1,1,1,1,0,0,0,0,1
248300394,1,1,0,0,1,0,0,0,0,0,0,0,1,1,0
248300410,1,1,0,0,1,1,1,0,1,0,0,0,1,1,0
248300493,1,1,0,0,1,0,1,0,1,0,0,0,1,1,0
248300543,1,1,0,0,1,0,1,0,1,0,0,0,1,1,0
248300550,1,1,0,0,0,1,1,0,1,0,0,1,1,1,0
248400053,1,1,0,0,1,0,1,0,1,0,0,0,1,1,0
248400160,0,1,0,0,1,1,1,0,1,0,0,0,0,1,0
248400236,1,1,0,0,1,1,1,0,1,0,0,1,1,1,0
248400251,1,1,1,0,0,0,1,0,1,0,0,1,1,1,0
248400285,0,1,1,0,0,0,1,0,0,0,0,0,0,1,0
248400293,1,1,0,0,0,0,1,0,1,0,0,1,1,1,0
248400319,1,1,1,0,1,0,1,0,0,0,0,0,1,1,0
248400335,0,1,1,0,1,0,1,0,0,0,0,0,0,1,0
248500191,1,0,0,1,1,1,0,0,1,0,0,0,1,0,1
248500258,0,0,0,1,1,1,0,0,0,0,1,0,0,0,1
248500340,0,0,0,1,1,1,0,0,0,1,1,1,0,0,1
248500415,0,0,0,1,1,1,0,0,0,1,1,1,0,0,1
248500464,0,0,0,1,1,1,0,0,0,1,1,1,0,0,1
248500530,0,0,0,1,1,1,0,0,1,1,1,0,0,0,1
248500563,0,0,1,1,1,1,1,1,0,1,1,0,0,0,1
248500589,0,0,1,1,1,0,0,1,0,0,1,0,0,0,1
248500621,0,0,0,1,1,1,0,0,0,1,1,1,0,0,1
248500662,0,0,0,1,1,1,0,0,0,1,1,1,0,0,1
248600413,1,1,1,1,0,1,0,1,0,1,1,1,1,1,0
248600447,1,1,0,0,1,1,1,0,0,1,1,1,1,1,0
248700189,1,0,1,1,0,0,1,1,0,1,1,0,0,0,1
248719262,1,1,1,0,0,0,1,1,1,1,1,1,1,1,0
248719288,0,0,1,1,0,1,1,1,0,1,1,0,0,0,1
248719312,1,0,1,1,0,0,1,1,0,1,1,1,1,0,1
248719338,1,0,1,1,0,0,1,1,0,1,1,1,1,0,1
248719353,0,0,1,1,0,0,1,1,0,1,1,0,1,0,1
248719361,0,0,1,1,0,0,1,1,0,1,1,1,0,0,1
248900334,1,1,0,0,1,1,0,0,1,0,1,0,1,1,0
248900383,1,1,1,0,0,1,0,0,1,1,1,0,1,1,0
248900524,1,1,0,0,0,1,1,0,1,1,1,1,1,1,0
248900664,1,1,0,0,1,1,1,0,0,1,1,1,1,1,0
248900748,0,1,0,0,1,1,0,0,1,0,1,0,0,1,0
248900896,1,1,0,0,0,1,0,0,1,0,1,0,1,1,0
248900938,1,1,0,0,1,1,0,0,1,1,1,1,1,1,0
249000241,1,1,1,0,0,1,0,0,1,1,1,1,1,1,0
249100074,0,0,0,1,1,1,0,1,1,0,0,0,0,0,1
249100157,0,1,0,0,1,1,0,0,1,0,0,0,1,1,0
249100546,0,0,1,1,1,1,0,0,1,0,0,1,1,0,1
249100553,0,0,1,1,0,1,0,1,1,0,0,0,1,0,1
249100595,0,0,1,1,1,1,0,1,1,0,0,0,0,0,1
249500109,1,0,1,1,0,0,0,1,1,0,0,1,1,0,1
249500430,0,0,0,1,1,1,0,1,1,0,0,0,0,0,1
249500455,0,0,0,1,1,1,0,1,1,0,0,1,1,0,1
249500489,1,1,1,0,0,1,0,1,1,1,1,0,1,1,0
249500513,0,1,0,0,1,1,0,0,1,0,0,1,0,1,0
69381,0,0,1,1,0,0,0,1,0,0,0,0,1,0,1
69382,0,0,0,1,1,0,0,1,0,0,0,0,0,0,1
69383,1,0,1,1,1,0,0,1,1,0,0,0,1,0,1
69384,1,0,1,1,1,0,0,1,0,0,0,0,1,0,1
69385,1,0,1,1,1,0,0,1,1,0,0,1,1,0,1
69386,0,0,0,1,1,0,0,1,0,0,0,0,1,0,1
69387,1,0,1,1,0,0,0,1,1,0,0,0,1,0,1
69388,1,0,1,1,0,0,0,1,1,0,0,1,1,0,1
69389,1,0,1,1,0,0,0,1,1,0,0,1,1,0,1
13201,1,0,1,1,0,0,0,1,1,0,0,1,1,0,1
13202,1,0,1,1,0,0,0,1,1,0,0,0,1,0,1
13203,1,0,1,0,0,0,0,1,1,0,0,1,1,0,1
13204,1,1,1,0,0,0,0,1,1,0,0,0,1,0,1
13205,1,0,1,0,0,0,0,1,1,0,0,0,1,0,1
13206,1,0,1,1,1,0,0,1,1,0,0,0,1,0,1
13207,1,0,1,1,1,0,0,1,0,0,0,0,1,0,1
13208,1,0,0,1,1,0,0,0,0,0,0,0,1,0,1
13209,1,0,1,1,1,0,0,0,0,0,0,0,1,0,1
13210,1,1,1,0,0,0,0,0,1,0,0,0,1,1,0
13211,1,1,1,0,0,0,0,0,1,0,0,0,1,1,0
13212,1,1,0,0,1,0,0,0,0,0,0,0,1,1,0
13213,1,1,1,0,0,0,0,0,1,0,0,0,1,1,0
13214,1,1,1,0,0,0,0,0,1,0,0,1,1,0,1
13215,1,1,1,0,0,0,0,0,1,0,1,1,1,0,1
13216,1,1,1,0,0,0,0,0,1,0,0,0,1,1,0
75101,0,0,0,1,1,0,0,1,0,0,0,0,0,0,1
75102,0,0,0,1,1,0,0,1,0,0,0,0,0,0,1
75103,0,0,0,1,1,0,0,1,0,0,0,0,0,0,1
75104,0,0,0,1,1,0,0,1,0,0,0,0,0,0,1
75105,0,0,0,1,1,0,0,1,0,0,0,0,0,0,1
75106,0,0,0,1,1,0,0,1,0,0,0,0,0,0,1
75107,0,0,0,1,1,0,0,0,0,0,0,0,0,0,1
75108,0,0,0,1,1,0,0,0,0,0,0,0,0,0,1
75109,0,0,0,1,1,0,0,1,0,0,0,0,0,0,1
75110,0,0,1,1,0,0,0,1,0,0,0,0,0,0,1
75111,0,0,1,1,0,0,0,1,0,0,0,0,0,0,1
75112,0,0,1,1,1,0,0,1,0,0,0,0,0,0,1
75113,0,0,1,1,0,0,0,1,1,0,0,1,1,0,1
75114,0,0,1,1,1,0,0,1,0,0,0,0,0,0,1
75115,0,0,0,1,1,0,0,1,0,0,0,0,0,0,1
75116,0,0,0,1,1,0,0,0,0,0,0,0,1,0,1
75117,0,0,0,1,1,0,0,1,0,0,0,0,0,0,1
75118,1,0,1,1,0,0,0,1,1,0,0,0,1,0,1
75119,1,0,1,1,0,0,0,1,1,0,0,0,1,0,1
75120,1,0,1,1,0,0,0,1,1,0,0,0,1,0,1
