codgeo,D1_st_Living,Median_st_Living,D9_st_Living,Interdecile_91_Ratio,Taxable_HH,Poverty_amg_Owners,Poverty_amg_Tenants,-30_Poverty,3039_Poverty,4049_Poverty,5059_Poverty,6074_Poverty,75+_Poverty,Poverty,Activity_Income,Salary_Income,Unemployment_Benef,Self-Employment,Pensions_Annuities,Estate,Social_Benef,Family_Benef,Social_Minima,Housing_Benef,Tax,taux_cumu_1_inj
200000172,1,1,1,1,1,0,0,0,0,0,0,0,NA,0,1,1,1,0,0,0,0,0,0,0,0,1
200000438,1,1,0,0,0,0,0,0,0,0,0,0,1,0,1,1,1,0,0,0,1,1,0,0,1,0
200000545,0,0,0,1,0,1,1,1,1,1,1,1,NA,1,0,0,1,0,1,0,1,1,1,1,1,1
200000628,0,0,0,1,0,1,1,1,1,1,1,1,1,1,0,0,1,0,1,0,1,1,1,1,1,1
200000800,1,1,0,0,1,0,0,NA,NA,0,0,NA,NA,0,0,0,1,0,1,1,0,0,0,0,1,0
200000925,1,1,0,0,1,0,0,NA,0,0,0,0,NA,0,1,1,0,0,0,0,0,1,0,0,0,0
200000933,1,0,0,0,0,1,0,NA,1,0,0,0,NA,0,0,0,0,1,1,1,0,0,1,1,1,0
200004802,0,1,1,1,1,1,1,NA,1,1,1,1,1,1,0,0,1,1,1,1,0,0,0,0,0,1
200005932,1,1,1,1,1,0,0,NA,0,0,0,NA,NA,0,1,1,0,0,1,1,0,0,0,0,0,0
200005957,0,0,0,1,0,1,1,1,1,1,1,1,NA,1,0,0,1,0,1,0,1,1,1,1,1,0
200006682,1,1,1,1,1,0,0,0,0,0,0,0,0,0,1,0,0,1,0,1,0,0,0,0,0,0
200006716,0,0,1,1,1,0,1,NA,1,1,0,1,NA,1,1,1,1,1,0,1,1,1,1,1,0,0
200006930,0,0,0,0,0,1,1,NA,NA,NA,NA,NA,NA,1,0,0,0,1,1,1,1,0,1,1,1,0
200006971,0,0,0,1,0,0,1,1,1,1,1,0,0,1,0,0,1,1,1,1,1,1,1,1,1,0
200007052,0,0,0,0,0,1,1,NA,NA,NA,NA,1,1,1,0,0,0,1,1,1,1,0,1,0,1,0
200007177,0,0,0,0,0,1,1,NA,NA,NA,NA,NA,NA,1,0,0,1,0,1,0,1,1,1,1,1,0
200010650,0,1,0,1,1,0,1,0,1,1,0,0,0,1,0,0,0,0,1,0,1,1,1,1,0,0
200010700,1,1,0,0,1,0,1,0,0,0,0,0,0,0,1,1,1,0,0,0,1,1,1,1,1,0
200011773,0,1,1,1,0,0,1,0,1,1,1,1,0,1,1,1,1,0,0,0,0,0,0,0,1,1
200011781,1,0,0,0,0,1,1,NA,NA,0,1,NA,NA,0,0,0,1,0,1,0,1,1,1,1,1,0
200013050,1,1,1,0,1,0,0,NA,NA,0,0,NA,NA,0,1,1,0,0,1,0,0,0,0,0,0,0
200015162,0,0,0,1,0,1,1,NA,NA,1,1,1,1,1,0,0,0,1,1,1,1,0,1,1,0,1
200016905,0,0,0,0,0,1,1,NA,NA,1,1,1,NA,1,0,0,1,1,1,1,1,1,1,1,1,0
200017341,0,0,0,1,0,1,1,1,1,1,1,1,1,1,0,0,1,1,1,0,1,1,1,1,1,1
200017846,0,1,1,1,1,0,1,0,1,0,0,0,0,0,1,1,1,0,0,0,1,1,0,0,0,1
200018083,0,0,0,0,0,1,1,0,0,0,1,1,1,1,1,1,1,1,0,0,1,1,1,1,1,0
200018166,1,1,1,1,1,0,0,0,0,0,0,0,0,0,1,1,0,0,0,1,0,0,0,0,0,0
200018406,0,0,0,1,0,1,1,1,1,1,1,0,0,1,0,0,1,0,1,0,1,1,1,1,1,0
200018521,0,0,0,0,0,1,1,NA,NA,NA,NA,NA,NA,1,0,0,1,1,1,0,1,0,1,0,1,0
200022986,1,1,1,1,1,0,0,NA,0,0,0,0,0,0,1,1,0,1,0,1,0,0,0,0,0,0
200023075,1,1,1,1,1,0,0,NA,NA,0,0,0,NA,0,1,1,1,0,0,0,0,0,0,0,0,1
200023125,1,1,1,1,1,0,0,0,0,0,0,0,NA,0,1,1,0,0,0,1,0,0,0,0,0,0
200023240,0,1,1,1,1,0,1,1,1,1,0,0,NA,1,1,1,1,0,0,1,1,1,1,1,0,0
200023299,0,1,1,1,1,0,0,NA,1,1,1,NA,NA,1,1,0,1,1,0,1,0,0,0,0,0,0
200023307,0,0,0,1,0,1,1,1,1,1,1,1,1,1,0,0,1,1,1,1,1,1,1,1,1,1
200023372,1,1,1,1,1,1,0,NA,0,0,0,0,NA,0,1,0,1,1,0,1,0,0,0,0,0,0
200023414,0,0,1,1,1,0,1,1,1,1,1,1,0,1,1,1,1,0,0,0,1,1,1,1,0,0
200023620,1,1,1,1,1,0,0,NA,0,0,0,0,NA,0,1,1,0,0,0,1,0,1,0,0,0,0
200023737,0,0,1,1,1,1,1,1,1,1,1,0,0,1,0,0,1,1,1,1,1,0,1,1,0,0
200023778,1,1,1,0,1,0,0,0,0,0,0,0,0,0,0,0,1,0,1,1,0,0,0,0,0,0
200023794,0,0,1,1,0,1,1,1,1,1,1,1,1,1,0,0,1,0,1,0,1,1,1,1,1,0
200023919,0,1,1,1,1,0,1,1,1,1,0,0,NA,1,1,1,1,0,0,0,1,1,0,0,0,0
200026573,0,0,1,1,1,0,1,0,1,1,0,0,NA,1,0,1,1,0,1,0,1,1,1,1,0,1
200027027,1,1,0,0,0,0,0,NA,0,0,0,0,0,0,0,0,1,1,1,1,0,1,0,0,1,0
200027076,0,0,0,0,0,1,1,NA,1,1,NA,NA,NA,1,0,0,0,0,1,0,1,0,1,1,1,0
200027100,0,1,1,1,1,1,0,0,0,1,1,1,0,0,0,0,1,1,1,1,0,0,0,0,0,0
200027183,0,0,0,1,0,1,1,1,1,1,1,1,1,1,0,0,1,1,1,1,1,1,1,1,0,1
200027217,0,0,1,1,0,1,0,NA,1,1,1,1,1,1,0,0,1,1,1,1,1,0,1,1,0,0
200027308,1,1,0,0,0,1,0,NA,NA,0,NA,NA,NA,0,0,0,1,1,1,1,0,0,0,0,1,0
200029734,0,0,0,1,0,1,1,0,1,1,1,1,1,1,0,0,0,1,1,1,1,0,1,1,1,0
200029999,1,1,1,0,1,0,0,NA,0,0,0,NA,NA,0,1,1,1,0,0,0,0,1,0,0,1,0
200030195,0,1,1,1,1,1,1,1,1,1,1,1,1,1,1,1,1,1,0,1,1,0,1,1,0,1
200030385,0,1,1,1,1,0,1,1,1,1,1,0,0,1,0,0,1,0,1,0,1,1,1,1,0,0
200030435,0,0,1,1,0,1,1,NA,1,1,0,1,1,1,0,0,0,1,1,1,1,0,1,1,1,0
200030526,1,1,1,0,1,0,0,NA,0,0,0,0,NA,0,1,1,0,0,0,0,0,0,0,0,0,0
200030633,0,0,0,1,0,1,1,1,1,1,1,1,1,1,0,0,1,0,0,0,1,1,1,1,1,0
200030658,1,1,1,1,1,1,0,NA,1,0,0,NA,NA,0,0,0,1,1,1,1,0,0,0,0,0,0
200030674,0,0,0,1,0,1,1,1,1,1,1,1,1,1,0,0,1,1,1,1,1,1,1,1,1,0
200032514,0,0,0,0,0,1,1,NA,NA,NA,NA,NA,NA,1,0,0,0,0,1,1,1,1,1,1,1,0
200033025,0,1,1,1,1,0,1,1,1,1,1,0,0,1,0,0,0,0,1,0,1,0,1,1,0,0
200033090,1,1,1,0,1,0,0,NA,0,0,0,NA,NA,0,1,1,0,0,0,0,0,0,0,0,0,0
200033116,1,1,1,1,1,0,0,0,0,0,0,1,0,0,1,1,1,0,0,1,0,1,0,0,0,1
200033173,1,1,1,1,1,0,0,NA,NA,0,0,NA,NA,0,1,1,0,0,0,1,0,0,0,0,0,0
200033181,1,1,1,1,1,0,0,0,0,0,0,0,0,0,1,1,1,0,0,0,0,1,0,1,0,0
200033298,1,0,0,0,0,1,1,0,0,0,0,1,1,0,0,0,0,1,1,0,1,1,0,1,1,0
200033579,0,1,1,1,1,0,1,1,1,1,1,0,0,1,1,1,0,1,0,0,1,1,1,1,0,0
200033827,0,0,0,1,0,1,1,NA,1,1,1,1,1,1,0,0,1,1,1,1,1,1,1,1,0,1
200033868,0,0,0,0,0,1,1,NA,1,1,1,1,NA,1,0,0,1,0,1,0,1,0,1,1,1,0
200034023,1,1,1,1,1,0,0,0,0,0,0,0,1,0,1,1,1,0,0,1,0,1,0,0,0,0
200034031,0,0,0,1,0,1,1,NA,NA,1,1,1,NA,1,0,0,1,1,1,1,1,0,1,1,1,0
200034049,0,0,0,0,0,1,1,NA,0,1,1,1,1,1,0,0,1,1,1,1,1,1,1,1,1,0
200034056,1,0,0,0,0,1,0,NA,0,0,0,0,1,0,0,0,1,1,0,1,0,1,0,0,1,0
200034064,0,0,0,1,0,1,1,NA,1,1,1,1,NA,1,0,0,1,1,1,1,1,0,1,1,1,0
200034098,1,1,1,1,1,0,0,NA,NA,0,0,NA,NA,0,1,1,1,1,0,1,0,0,0,0,0,0
200034130,1,1,1,1,1,0,0,NA,NA,0,0,NA,NA,0,1,1,0,1,0,1,0,0,0,0,0,0
200034197,0,0,0,1,0,1,1,NA,1,1,1,1,1,1,0,0,1,1,1,0,1,1,1,1,1,0
200034205,0,0,0,1,0,1,1,NA,1,1,1,1,1,1,0,0,1,1,1,1,1,0,1,1,1,1
200034270,1,1,1,1,1,0,0,NA,0,0,0,0,NA,0,1,1,0,1,0,1,0,0,0,0,0,0
200034379,0,0,1,1,0,1,1,NA,1,1,1,1,1,1,0,0,1,1,1,1,1,0,1,1,0,0
200034411,0,0,0,1,0,1,1,1,1,1,1,1,1,1,0,0,1,1,1,1,1,1,1,1,1,1
200034601,0,0,0,1,0,1,1,NA,NA,1,1,1,NA,1,0,0,1,1,1,1,1,0,1,1,1,1
200034635,1,1,1,1,1,0,0,NA,0,0,0,NA,NA,0,1,1,0,1,0,1,0,0,0,0,0,0
200034692,0,0,1,1,0,1,1,1,1,1,1,1,1,1,0,0,1,1,1,0,1,1,1,1,0,1
200034700,0,0,1,1,0,1,1,1,1,1,1,1,0,1,0,0,1,1,1,1,1,0,1,1,0,1
200034718,0,0,0,1,0,0,1,1,1,1,1,1,0,1,0,0,1,1,1,1,1,1,1,1,1,0
200034726,0,1,1,1,0,1,0,NA,NA,0,0,1,1,1,0,0,0,1,1,1,0,0,1,0,1,0
200034825,0,0,0,1,1,0,1,1,1,1,1,0,1,1,0,0,0,0,1,0,1,0,1,1,0,0
200034833,0,0,0,1,0,1,1,NA,1,1,1,1,1,1,0,0,1,1,1,1,0,0,1,1,1,0
200034874,0,0,0,0,0,1,1,NA,NA,1,NA,NA,NA,1,0,0,0,1,1,1,0,1,0,0,1,0
200034882,1,1,1,1,1,0,0,0,0,0,0,0,0,0,1,1,0,1,0,1,0,0,0,0,0,0
200034957,1,1,1,0,1,0,0,NA,0,0,0,0,NA,0,1,1,1,0,0,1,0,1,0,0,0,0
200035087,0,0,1,1,0,1,0,0,0,1,1,1,1,1,1,1,1,1,0,1,1,1,1,1,0,1
200035103,0,0,0,0,0,1,1,NA,1,1,1,NA,NA,1,0,0,0,1,1,0,1,1,0,1,1,0
200035111,0,0,0,0,0,1,0,NA,0,1,1,1,NA,1,0,0,0,1,1,0,1,1,1,1,1,0
200035129,0,0,0,1,0,1,1,1,1,1,1,1,1,1,0,0,1,1,1,1,1,1,1,1,1,1
200035137,0,0,0,1,0,1,1,NA,NA,1,1,1,1,1,0,0,1,1,1,1,1,0,1,1,1,0
200035202,1,0,0,0,0,0,0,NA,0,0,0,0,NA,0,0,0,0,0,1,1,0,1,0,0,1,0
200035319,0,1,1,1,1,1,0,0,1,1,1,1,0,1,0,0,1,1,1,1,0,0,0,0,0,1
200035327,0,0,0,1,0,1,1,NA,NA,1,1,1,NA,1,0,0,1,1,1,1,1,0,1,1,1,0
200035442,0,0,0,0,0,1,1,1,1,0,0,0,1,1,1,1,1,1,0,0,1,1,1,1,1,0
200035459,0,0,1,1,1,0,1,1,1,1,1,1,1,1,0,0,1,0,1,0,1,1,1,1,0,0
200035533,1,1,1,1,1,1,0,NA,0,0,0,0,NA,0,1,0,0,1,0,1,0,0,0,0,0,0
200035541,0,0,0,0,0,1,1,NA,1,0,0,1,1,1,0,0,1,1,1,1,0,0,1,1,1,0
200035632,0,0,0,1,0,1,1,NA,NA,1,1,1,NA,1,0,0,0,1,1,1,1,0,1,1,1,0
200035707,0,0,0,1,0,1,1,NA,1,1,1,1,1,1,0,0,1,1,1,1,1,1,1,1,1,1
200035715,0,0,0,1,0,1,1,1,1,1,1,1,1,1,0,0,1,1,1,0,1,1,1,1,1,0
200035723,0,0,0,1,0,1,1,NA,1,1,1,1,NA,1,0,0,1,1,1,1,1,1,1,1,1,1
200035731,0,0,0,1,0,0,1,1,1,1,1,0,0,1,0,0,0,0,1,1,1,1,1,1,0,0
200035756,0,0,0,1,0,1,1,NA,NA,NA,1,1,NA,1,0,0,0,1,1,1,0,0,1,0,1,0
200035764,1,1,1,0,1,0,0,NA,0,0,0,NA,NA,0,1,1,0,0,0,1,0,1,0,0,1,0
200035772,1,1,1,0,1,0,0,NA,0,0,0,NA,NA,0,1,1,0,1,0,0,0,1,0,0,1,0
200035814,0,0,0,0,0,1,1,1,1,1,1,0,0,1,0,0,0,0,1,0,1,1,1,1,1,0
200035848,0,0,0,0,0,1,1,NA,NA,NA,NA,NA,NA,1,0,0,0,1,1,1,1,0,1,1,1,0
200035855,0,0,0,1,0,1,1,1,1,1,1,1,1,1,0,0,1,0,1,0,1,1,1,1,1,0
200035863,0,0,0,1,0,1,1,1,1,1,1,1,1,1,0,0,1,1,1,1,1,1,1,1,1,1
200035970,1,1,1,0,1,0,0,NA,0,0,0,NA,NA,0,1,1,0,0,0,1,0,0,0,0,0,0
200036069,0,0,0,1,0,1,1,NA,1,1,1,1,NA,1,0,0,0,1,1,1,1,0,1,1,1,0
200036077,0,1,1,1,1,1,0,0,1,1,1,1,0,1,0,0,1,1,1,1,0,0,0,0,0,0
200036135,0,0,0,0,0,1,1,1,1,1,1,1,0,1,0,0,0,0,1,0,1,0,1,1,1,0
200036150,0,0,0,0,0,1,1,NA,1,1,1,1,NA,1,0,0,0,1,1,0,1,1,1,1,1,0
200036465,1,1,1,1,1,0,0,0,0,0,0,0,0,0,1,1,1,0,1,0,0,0,0,0,0,1
200036473,0,1,1,1,0,0,1,1,1,0,0,0,0,1,0,0,1,1,1,0,1,0,1,1,0,0
200036499,0,0,1,1,0,1,1,NA,1,1,1,1,1,1,1,1,1,1,0,0,1,0,1,1,0,1
200036523,0,0,0,1,0,1,1,NA,1,1,1,1,1,1,0,0,1,1,1,1,1,0,1,1,1,0
200036549,0,0,0,0,0,1,1,1,1,1,1,1,0,1,0,0,0,1,1,1,1,1,1,1,1,0
200036572,0,0,0,1,0,1,1,NA,NA,NA,NA,NA,NA,1,0,0,1,1,1,1,0,0,0,0,1,0
200037059,0,0,0,1,0,1,1,1,1,1,1,1,0,1,0,0,1,1,1,0,1,1,1,1,1,0
200037133,0,0,1,1,1,1,1,1,1,1,1,1,0,1,1,1,1,1,0,1,1,1,1,1,0,0
200038958,0,1,1,1,1,1,0,NA,NA,1,1,1,1,1,0,0,0,1,1,1,0,0,1,0,0,0
200038990,1,1,0,0,0,0,0,NA,0,0,0,0,1,0,1,1,0,1,0,0,1,1,0,0,1,0
200039022,1,1,0,0,0,0,0,0,0,0,0,0,0,0,1,1,0,0,0,1,0,1,0,0,1,0
200039055,1,1,1,0,1,0,0,NA,NA,NA,NA,NA,NA,0,1,1,0,0,0,0,0,0,0,0,0,0
200039063,1,1,1,1,1,0,NA,NA,NA,NA,NA,NA,NA,0,1,1,0,1,0,1,0,0,0,0,0,0
200039204,1,1,1,0,0,0,0,0,0,0,0,0,0,0,0,0,1,0,1,0,1,1,1,1,1,0
200039519,0,0,0,1,0,1,1,NA,NA,1,1,1,1,1,0,0,0,1,1,1,0,0,1,0,1,0
200039642,0,0,0,1,0,1,1,1,1,1,1,1,NA,1,0,0,0,1,1,1,1,1,1,1,1,0
200039709,1,0,1,1,0,1,0,NA,NA,NA,NA,NA,NA,0,0,0,0,1,1,1,0,0,1,0,1,0
200039758,0,0,0,1,0,1,1,NA,1,1,1,1,0,1,0,0,0,1,1,1,1,0,1,1,1,0
200039808,0,0,0,1,0,1,1,NA,1,1,1,1,NA,1,0,0,1,1,1,1,0,0,1,1,1,0
200039824,0,0,0,1,0,1,1,NA,1,1,1,1,NA,1,0,0,1,0,1,1,1,1,1,1,1,1
200039832,0,0,0,1,0,1,1,NA,1,1,1,1,NA,1,0,0,1,1,1,1,1,0,1,1,1,1
200039857,1,1,1,1,1,0,0,0,0,0,0,1,0,0,1,1,1,1,0,1,0,0,0,0,0,1
200039865,0,1,1,1,1,0,1,1,1,1,1,1,0,1,0,0,1,1,0,1,1,0,1,1,0,0
200039907,1,1,1,0,1,0,0,NA,0,0,0,NA,NA,0,1,1,0,0,0,1,0,0,0,0,0,0
200039915,0,1,1,1,1,1,0,0,1,1,1,1,1,1,0,0,1,1,1,1,0,0,1,1,0,1
200039931,0,0,0,1,0,1,1,NA,1,1,1,1,NA,1,0,0,1,1,1,1,1,1,1,1,1,1
200039949,0,1,1,1,0,0,1,0,1,1,0,0,0,1,0,0,1,0,0,1,0,0,0,1,1,0
200040038,1,1,0,0,1,0,0,NA,NA,0,NA,NA,NA,0,1,1,1,1,0,0,0,1,0,0,1,0
200040095,0,0,0,0,0,1,1,NA,1,0,1,1,1,1,0,0,1,0,1,0,1,1,1,1,1,0
200040111,1,1,1,0,1,0,0,NA,0,0,0,0,NA,0,1,1,1,0,0,0,0,1,0,0,1,0
200040137,0,0,0,1,0,1,1,NA,1,1,1,1,NA,1,0,0,0,1,1,1,1,0,1,1,1,0
200040178,1,1,1,0,1,0,0,NA,0,0,0,NA,NA,0,1,1,0,0,0,0,0,0,0,0,0,0
200040202,0,0,0,1,0,1,1,NA,1,1,1,1,1,1,0,0,1,0,1,0,1,1,1,1,1,1
200040210,0,0,0,1,0,1,1,NA,1,1,1,1,NA,1,0,0,1,1,1,1,0,0,1,1,0,1
200040244,1,0,0,0,0,0,1,0,0,0,0,0,1,0,0,0,0,1,0,1,1,1,0,1,1,0
200040251,1,1,1,0,1,0,0,NA,0,0,0,0,NA,0,1,1,1,0,0,0,0,1,0,0,0,0
200040277,0,0,0,1,1,0,1,0,1,1,1,1,0,1,1,1,1,0,0,0,1,1,1,1,0,1
200040293,1,1,1,1,1,1,0,NA,NA,0,1,0,NA,0,0,0,0,1,1,1,0,0,0,0,0,0
200040350,1,1,1,1,1,0,0,0,0,0,0,0,0,0,0,0,1,0,1,1,1,1,0,1,1,0
200040384,0,0,0,0,0,1,1,NA,1,1,1,1,1,1,0,0,1,0,1,0,1,1,1,1,1,0
200040392,0,0,1,1,1,0,1,1,1,0,1,0,0,1,0,0,1,0,1,1,1,0,1,1,0,0
200040400,0,0,0,1,0,1,1,NA,1,1,1,1,1,1,0,0,1,1,1,1,1,0,1,1,1,0
200040418,0,0,0,1,0,1,1,NA,1,1,1,1,1,1,0,0,1,1,1,1,1,0,1,1,1,1
200040426,0,0,0,1,0,1,1,NA,1,1,1,0,NA,1,0,0,1,1,1,0,1,1,1,1,1,0
200040442,0,0,1,1,0,1,1,1,1,1,1,1,1,1,0,0,1,1,1,1,1,1,1,1,0,1
200040459,0,0,1,1,0,1,1,1,1,1,1,1,0,1,0,0,1,1,1,1,1,1,1,1,0,1
200040475,1,0,0,0,0,0,0,NA,0,0,0,0,NA,0,1,1,0,1,0,0,0,1,0,0,1,0
200040491,0,0,0,0,0,1,1,0,1,1,0,0,0,1,0,1,1,0,0,0,1,1,1,1,1,1
200040509,0,0,0,1,0,1,1,NA,1,1,1,1,NA,1,0,0,1,1,1,1,1,1,1,1,1,1
200040558,0,0,0,0,0,1,1,NA,1,1,1,1,1,1,0,0,0,1,1,1,0,0,1,1,1,0
200040566,1,0,0,0,0,0,1,0,0,1,0,0,0,0,0,0,0,0,1,0,1,1,1,1,1,0
200040574,1,1,1,1,1,0,0,NA,0,0,0,0,NA,0,1,1,0,0,0,1,0,0,0,0,0,0
200040590,0,0,1,1,1,0,1,1,1,1,1,1,0,1,1,1,1,0,0,1,1,1,1,1,0,1
200040624,0,0,1,1,0,1,1,1,1,1,1,1,1,1,0,0,1,1,1,1,1,0,1,1,0,1
200040657,1,1,0,0,1,0,0,NA,0,0,0,0,NA,0,0,0,0,0,1,0,0,0,0,0,1,0
200040681,0,0,1,1,0,1,1,1,1,1,1,1,1,1,0,0,1,1,1,1,1,1,1,1,0,1
200040715,0,1,1,1,1,0,1,1,1,1,0,0,0,1,1,1,1,0,0,1,1,0,1,1,0,0
200040764,0,0,1,1,1,1,1,NA,1,1,1,1,1,1,0,0,1,1,0,1,1,0,1,1,0,1
200040772,1,0,0,0,0,1,0,NA,0,0,NA,1,NA,0,0,0,0,1,1,0,0,1,0,0,1,0
200040798,1,1,1,1,1,0,0,NA,NA,0,NA,NA,NA,0,1,0,1,1,0,1,0,0,0,0,0,0
200040814,0,0,0,1,0,1,1,NA,NA,0,1,1,1,1,0,0,0,1,1,1,0,0,0,0,0,0
200040830,0,0,0,1,0,1,0,NA,NA,1,1,1,1,1,0,0,1,1,1,1,0,0,0,0,1,0
200040889,0,0,0,1,0,1,1,NA,NA,1,1,1,1,1,0,0,1,1,1,1,0,0,1,1,1,0
200040905,0,0,0,0,0,1,1,1,1,1,1,1,1,1,0,0,1,1,1,0,1,1,1,1,1,0
200040947,1,1,1,0,1,0,0,0,0,0,0,0,0,0,1,1,0,1,0,1,1,1,0,0,0,0
200040954,1,1,1,0,1,0,0,0,0,0,0,0,1,0,1,1,0,1,0,0,0,1,0,0,0,0
200041010,1,1,1,0,1,0,0,NA,0,0,0,0,NA,0,1,1,0,1,0,1,0,0,0,0,0,0
200041051,0,0,0,1,0,1,1,NA,1,1,1,1,1,1,0,0,1,1,1,1,1,0,1,1,1,0
200041150,0,0,0,1,0,1,1,1,1,1,1,1,1,1,0,0,1,1,1,0,1,0,1,1,1,0
200041168,0,0,0,1,0,1,1,NA,1,1,1,1,1,1,0,0,1,1,1,1,1,0,1,1,1,0
200041283,1,1,1,1,1,0,0,NA,0,0,0,0,NA,0,1,1,0,0,0,0,0,0,0,0,0,0
200041317,1,1,1,1,1,0,1,1,0,0,0,0,0,0,1,1,0,0,1,0,0,0,1,1,0,0
200041325,1,1,1,0,1,0,0,0,0,0,0,0,0,0,1,1,0,0,0,0,0,0,0,0,0,0
200041333,0,0,0,0,0,1,1,0,1,1,1,1,1,1,0,0,0,1,1,1,1,1,1,1,1,0
200041366,1,1,1,0,1,0,0,0,0,0,0,0,0,0,1,1,0,1,1,1,0,0,0,0,0,0
200041416,0,0,0,0,0,1,1,NA,NA,1,NA,1,NA,1,0,0,0,1,1,1,1,0,1,1,1,0
200041440,0,0,0,1,0,1,1,NA,NA,1,1,1,1,1,0,0,1,1,1,1,0,0,1,1,1,0
200041465,0,0,0,0,0,1,1,NA,1,0,1,1,1,1,0,0,0,1,1,1,1,0,1,1,1,0
200041499,1,1,0,0,0,0,0,0,0,0,0,0,0,0,1,1,1,1,0,0,1,1,0,0,1,0
200041515,0,1,0,1,1,0,1,0,0,1,0,0,0,0,1,1,0,0,1,0,1,1,1,1,1,0
200041523,0,0,0,1,0,1,1,1,1,1,1,1,1,1,0,0,1,1,1,1,1,0,1,1,1,0
200041556,0,0,0,0,0,1,1,NA,NA,1,1,1,1,1,0,0,0,1,1,0,1,0,1,0,1,0
200041572,0,0,0,1,0,1,1,NA,0,1,1,1,1,1,0,0,1,1,1,1,0,0,1,0,1,0
200041614,1,0,0,0,0,1,0,0,0,0,0,0,0,0,0,0,1,0,1,0,1,1,1,1,1,0
200041622,0,0,0,1,0,1,1,NA,1,1,1,1,NA,1,0,0,1,1,0,1,1,1,1,1,1,0
200041630,0,0,0,1,0,1,1,1,1,1,1,1,0,1,0,0,1,0,1,0,1,1,1,1,1,0
200041689,0,0,0,1,0,1,1,1,1,1,1,1,1,1,0,0,1,1,1,1,1,1,1,1,1,0
200041721,0,0,0,0,0,1,1,1,1,1,1,1,1,1,0,0,1,0,1,0,1,1,1,1,1,0
200041762,0,0,0,1,0,0,1,1,1,1,1,0,0,1,0,0,1,0,1,0,1,1,1,1,1,0
200041853,1,1,0,0,0,0,0,NA,NA,NA,NA,NA,NA,0,1,1,0,1,0,0,0,1,0,0,1,0
200041861,1,1,0,0,0,1,0,NA,0,0,0,0,NA,0,1,1,0,1,0,0,0,1,0,0,1,0
200041879,1,0,0,0,0,1,1,NA,0,0,0,0,NA,0,0,1,0,0,1,0,1,1,0,0,1,0
200041887,1,1,1,0,1,0,0,NA,NA,0,0,NA,NA,0,1,1,0,0,0,1,0,1,0,0,0,0
200041960,1,1,1,1,1,0,0,0,0,0,0,0,0,0,1,1,0,1,0,1,0,0,0,0,0,0
200041994,1,1,0,0,1,0,0,0,0,0,0,0,1,0,1,1,0,0,1,0,1,1,0,0,1,0
200042000,0,0,0,0,0,1,1,NA,1,1,1,1,NA,1,0,0,1,0,1,0,1,1,1,1,1,0
200042174,0,1,1,1,1,0,1,1,1,0,0,0,0,0,0,0,1,0,1,0,1,0,1,1,0,0
200042182,0,0,0,0,0,1,1,NA,1,1,1,1,1,1,0,0,0,1,1,1,1,1,1,1,1,0
200042190,0,0,0,1,0,1,1,1,1,1,1,1,1,1,0,1,1,0,0,0,1,1,1,1,1,0
200042372,0,1,1,1,0,1,0,NA,0,0,0,1,1,0,0,0,0,1,0,1,0,1,0,0,1,0
200042414,0,0,0,0,0,1,0,NA,0,0,1,1,1,1,0,0,0,1,1,0,0,1,0,0,1,0
200042463,0,0,0,1,0,1,1,NA,NA,1,1,1,NA,1,0,0,1,0,1,0,1,1,1,1,1,1
200042497,1,1,1,0,1,0,0,NA,0,0,0,0,NA,0,1,1,0,0,0,1,0,0,0,0,0,0
200042604,1,1,1,1,1,0,0,0,1,0,0,0,0,0,0,0,0,1,1,1,0,0,0,0,0,0
200042620,1,0,1,0,0,0,0,NA,0,0,NA,NA,NA,0,1,0,0,1,0,1,1,1,0,1,1,0
200042646,0,0,0,1,0,1,1,1,1,1,1,1,1,1,0,0,1,1,1,1,1,1,1,1,1,1
200042653,0,0,0,1,0,1,1,1,1,1,1,1,1,1,0,0,1,1,1,1,1,1,1,1,1,0
200042703,0,0,0,1,0,1,1,NA,1,1,1,0,NA,1,0,0,0,1,1,1,1,1,1,1,1,0
200042729,0,0,0,0,0,1,0,0,0,1,1,1,0,1,0,0,0,1,1,0,1,1,1,1,1,0
200042901,0,1,1,1,1,1,1,0,1,1,0,1,0,1,1,1,1,0,0,1,1,1,0,1,0,1
200042935,0,0,1,1,1,0,1,1,1,1,1,1,0,1,1,1,1,0,0,1,1,1,1,1,0,1
200042943,0,0,1,1,0,1,1,NA,NA,1,1,1,NA,1,0,0,1,1,1,1,0,0,1,0,0,0
200042992,1,1,0,0,1,0,0,NA,NA,NA,NA,NA,NA,0,0,0,0,1,1,1,0,1,0,0,1,0
200043016,0,0,0,1,0,1,1,NA,1,1,1,1,1,1,0,0,0,1,1,1,1,0,1,1,1,0
200043065,1,1,1,1,1,0,0,0,0,0,0,0,0,0,0,0,1,0,1,1,0,0,0,0,0,0
200043081,1,1,1,1,1,0,0,0,1,0,0,0,0,0,0,0,0,1,1,0,1,0,1,1,0,0
200043123,1,1,1,1,1,0,0,0,0,0,0,0,0,0,0,0,1,1,1,1,0,0,0,0,0,0
200043156,0,0,0,1,0,1,1,1,0,1,1,0,0,1,1,0,0,1,0,1,1,1,1,1,1,0
200043172,1,1,1,1,1,0,0,0,1,0,0,0,0,0,0,0,0,1,1,1,1,0,1,1,0,0
200043263,0,0,0,1,0,1,1,1,1,1,1,1,1,1,0,0,1,1,0,1,1,1,1,1,1,0
200043321,0,1,1,1,0,1,1,1,0,1,1,1,1,1,1,1,0,1,0,0,1,1,1,1,0,0
200043354,0,0,0,0,0,1,0,NA,0,1,1,1,0,1,0,0,0,1,1,1,1,1,1,1,1,0
200043396,0,0,0,1,0,1,1,1,1,1,1,1,1,1,0,0,1,0,1,0,1,1,1,1,1,1
200043404,0,0,0,1,0,1,1,1,1,1,1,1,1,1,0,0,1,0,1,0,1,1,1,1,1,0
200043438,1,1,1,0,1,0,NA,NA,NA,NA,NA,NA,NA,0,1,1,0,1,0,1,0,0,0,0,0,0
200043495,0,0,0,1,0,0,1,1,1,1,1,1,0,1,0,0,1,0,1,0,1,1,1,1,0,0
200043602,0,0,0,1,0,1,1,1,1,1,1,1,1,1,0,0,1,1,1,1,1,0,1,1,0,0
200043628,1,1,0,0,1,0,0,NA,0,0,0,0,NA,0,1,1,0,0,0,0,0,1,0,0,0,0
200043693,0,1,1,1,0,1,1,NA,1,1,0,1,NA,1,0,0,0,0,0,1,0,0,0,0,1,0
200043776,0,0,0,1,0,1,1,NA,1,1,1,1,1,1,0,0,1,1,1,1,1,0,1,1,1,1
200043974,0,0,0,1,0,1,0,0,1,1,0,1,1,1,0,0,1,0,1,0,1,1,1,1,1,0
200043982,0,0,0,0,0,1,1,NA,1,1,1,1,1,1,0,0,1,0,1,1,1,0,1,1,1,0
200043990,1,1,0,0,0,0,0,0,0,0,0,0,0,0,1,1,0,0,0,0,1,1,0,0,1,0
200044014,0,0,0,1,0,1,1,NA,1,1,1,1,1,1,0,0,1,1,1,1,1,0,1,1,1,0
200044030,0,0,0,1,0,1,1,1,1,1,1,1,1,1,0,0,1,1,1,0,1,1,1,1,1,0
200044048,1,1,1,0,1,0,0,0,0,0,0,0,0,0,1,1,1,1,0,0,0,1,0,0,1,0
200044253,0,0,0,0,0,1,1,NA,1,1,1,1,NA,1,0,0,1,1,1,0,1,1,1,1,1,0
200044394,0,0,0,1,0,1,1,1,1,1,1,1,1,1,0,0,1,1,1,0,1,1,1,1,1,0
200044469,0,0,0,1,0,1,1,NA,1,1,1,1,NA,1,0,0,1,1,1,1,1,0,1,1,1,1
200044618,0,0,0,1,0,1,1,1,1,1,1,1,1,1,0,1,1,0,0,0,1,1,1,1,1,0
200048551,1,0,0,0,0,1,0,0,0,0,0,0,1,0,0,0,0,1,0,0,1,1,0,1,1,0
200049187,0,0,0,1,0,0,1,1,1,1,1,1,0,1,0,0,0,1,1,0,1,1,1,1,1,0
200049211,0,0,0,1,0,1,1,1,1,1,1,1,1,1,0,0,1,1,1,0,1,1,1,1,1,1
200049484,0,0,0,1,0,1,1,NA,1,1,1,1,1,1,0,0,0,1,1,1,1,0,1,1,1,0
200055481,1,1,1,0,1,0,1,NA,0,0,0,0,NA,0,0,1,0,0,1,0,1,1,0,0,1,0
200055655,0,0,0,1,1,1,1,1,1,1,1,1,1,1,1,1,1,0,0,0,1,1,1,1,1,1
200055887,1,1,0,0,0,0,0,0,0,0,0,0,0,0,0,1,0,0,1,1,0,1,0,0,1,0
200056232,1,1,1,1,1,0,0,0,0,0,0,0,0,0,1,1,0,0,0,0,0,0,0,0,0,0
200056380,1,1,1,1,1,0,0,0,0,0,0,0,0,0,1,1,1,1,0,1,0,0,0,0,0,1
200057859,0,1,1,1,1,0,0,0,0,1,0,0,0,0,1,1,0,0,0,0,0,1,0,0,0,1
200057958,0,1,1,1,1,0,0,0,1,1,1,1,0,1,1,1,1,0,0,0,1,1,0,1,0,1
200058360,1,1,0,0,1,0,0,NA,0,0,0,0,NA,0,1,1,0,0,0,0,0,1,0,0,1,0
200058477,0,1,1,1,1,0,1,0,1,0,0,0,0,0,1,1,0,0,0,0,0,1,0,0,0,1
200058485,1,1,1,1,1,0,0,0,0,0,0,0,0,0,1,1,1,0,0,0,0,1,0,0,0,1
200058519,1,1,1,1,1,0,0,0,0,0,0,0,0,0,1,1,0,0,0,1,0,0,0,0,0,0
200058782,1,1,1,1,1,0,0,0,0,0,0,0,0,0,1,1,0,0,0,0,0,1,0,0,0,1
200059228,0,0,1,1,1,0,1,1,1,1,1,1,0,1,1,1,1,0,0,0,1,1,1,1,0,1
200059392,1,1,0,0,1,0,0,0,0,0,0,0,0,0,1,1,1,0,0,1,0,1,0,0,1,0
200059400,1,0,0,0,0,1,1,1,1,0,1,0,0,1,0,0,0,0,1,0,1,0,1,1,1,0
200059889,0,1,1,1,1,0,1,0,1,1,1,1,0,1,1,1,1,0,0,0,1,1,0,1,0,1
200060010,1,0,0,0,0,0,0,0,0,0,0,0,0,0,1,1,0,0,0,0,1,1,0,0,1,0
200065563,1,1,1,1,1,0,0,0,0,0,0,0,0,0,0,0,0,1,1,1,0,0,0,0,0,0
200065589,1,1,0,0,1,0,0,NA,0,0,0,NA,NA,0,1,1,0,0,0,0,1,1,0,0,1,0
200065597,0,1,1,1,1,0,0,1,1,1,0,0,0,1,1,1,1,0,1,0,1,0,1,1,0,0
200065647,0,0,1,1,1,0,1,1,1,1,1,1,0,1,0,1,1,0,1,0,1,1,1,1,1,1
200065787,0,0,0,0,0,0,1,0,0,1,0,1,0,1,1,1,1,0,1,0,1,1,1,1,1,0
200065886,1,1,1,0,1,0,0,0,0,0,0,0,0,0,1,1,0,0,0,1,0,1,0,0,0,0
200065894,1,1,0,0,0,0,0,0,0,0,0,0,0,0,0,1,0,0,1,1,0,1,0,0,1,0
200065928,1,1,1,1,1,1,1,0,0,0,0,0,0,0,0,0,0,1,1,1,0,0,1,1,0,0
200066009,0,0,1,1,1,1,1,1,1,1,1,1,0,1,1,1,1,0,0,0,1,1,1,1,0,1
200066017,1,0,0,0,0,1,0,NA,0,0,1,0,0,0,0,0,1,1,1,1,1,1,1,0,1,0
200066025,1,1,1,0,1,0,0,NA,0,0,0,0,NA,0,1,1,0,0,0,0,0,0,0,0,0,0
200066033,1,1,1,1,1,0,0,NA,0,0,0,0,NA,0,1,1,1,0,0,0,0,0,0,0,0,0
200066041,1,1,1,1,1,0,0,0,0,0,0,0,0,0,1,1,1,0,0,0,0,0,0,0,0,1
200066058,1,1,1,1,1,0,0,0,0,0,0,0,0,0,1,1,1,0,0,0,0,0,0,0,0,1
200066108,1,0,0,0,0,1,1,NA,0,0,0,0,NA,0,0,0,1,0,1,0,0,1,0,0,1,0
200066116,0,0,0,0,0,1,1,NA,1,NA,NA,1,NA,1,0,0,0,1,1,1,1,1,1,1,1,0
200066124,0,0,0,1,0,1,1,0,1,1,1,1,1,1,0,0,1,1,1,1,1,1,1,1,1,1
200066132,0,0,0,1,0,1,1,NA,1,1,1,1,NA,1,0,0,0,1,1,1,1,1,1,1,1,0
200066140,1,1,1,0,0,1,0,NA,NA,NA,NA,NA,NA,0,0,0,0,1,1,1,0,1,0,0,1,0
200066157,0,0,0,0,0,1,1,1,1,1,1,1,1,1,0,0,1,0,1,0,1,1,1,1,1,0
200066165,1,0,0,0,0,0,0,NA,NA,0,NA,NA,NA,0,1,1,0,0,0,0,0,1,0,0,1,0
200066173,0,0,0,1,0,1,1,NA,1,1,1,NA,NA,1,0,0,0,1,0,1,0,0,0,0,1,0
200066223,0,0,0,1,0,1,1,NA,1,1,1,1,1,1,0,0,1,1,1,1,1,1,1,1,1,1
200066231,0,0,0,1,0,1,1,1,1,1,1,1,1,1,0,0,1,0,1,0,1,1,1,1,1,1
200066280,0,0,0,0,1,0,1,0,1,0,0,0,0,1,1,1,1,0,0,0,1,1,0,1,1,0
200066322,0,0,0,1,0,1,1,1,1,1,1,1,1,1,0,0,1,0,1,0,1,1,1,1,1,1
200066330,1,1,1,0,1,0,0,NA,0,0,0,0,0,0,1,1,0,1,1,1,0,0,0,0,0,0
200066348,0,0,0,1,0,1,1,NA,1,1,1,1,1,1,0,0,1,1,1,1,1,0,1,1,1,1
200066355,0,0,0,1,0,1,1,1,1,1,1,1,1,1,0,0,1,1,1,1,1,0,1,1,0,0
200066363,0,0,0,1,0,1,1,NA,NA,1,NA,NA,NA,1,0,0,1,1,1,0,0,0,1,1,1,0
200066371,0,0,0,1,0,1,1,0,1,1,1,1,1,1,0,0,1,1,1,1,0,0,1,0,1,0
200066389,1,0,0,0,0,0,0,0,0,0,0,0,0,0,0,0,0,0,1,0,1,1,1,1,1,0
200066405,1,1,1,0,1,0,0,NA,0,0,0,0,NA,0,1,1,0,0,0,0,0,1,0,0,0,0
200066413,0,0,0,1,1,0,1,1,1,0,0,0,0,1,0,0,1,0,1,0,1,1,1,1,1,0
200066462,0,0,0,0,0,1,1,1,1,1,1,0,0,1,0,0,1,1,1,0,1,1,1,1,1,0
200066512,1,0,0,0,0,0,0,NA,0,0,0,0,0,0,0,1,0,0,1,0,0,0,1,0,1,0
200066520,0,0,0,1,0,1,1,NA,1,1,1,1,1,1,0,0,0,1,1,1,0,0,1,0,1,0
200066553,0,0,0,1,0,1,1,NA,1,1,1,1,1,1,0,0,1,1,1,1,1,0,1,1,1,0
200066561,0,0,0,0,0,1,1,NA,1,1,0,1,1,1,0,0,1,1,1,1,0,0,1,0,1,0
200066587,1,1,0,0,0,0,0,NA,0,0,0,0,0,0,1,1,0,1,0,1,0,1,0,0,1,1
200066603,0,0,0,1,0,1,1,NA,NA,1,1,NA,NA,1,0,0,0,1,1,1,0,0,1,0,1,0
200066637,0,0,0,1,0,1,1,NA,NA,1,1,1,1,1,0,0,0,1,1,1,1,0,1,1,1,0
200066645,0,0,0,1,0,1,1,NA,NA,NA,NA,NA,NA,1,0,0,0,1,1,1,0,0,1,0,1,0
200066652,1,1,0,0,0,1,0,0,0,0,0,1,1,0,1,1,1,0,0,0,1,1,0,1,1,1
200066660,1,0,0,0,0,1,0,NA,0,0,0,1,1,1,0,0,0,1,1,1,1,0,1,1,1,0
200066678,0,0,0,0,0,1,1,NA,0,0,1,1,1,1,0,0,0,1,1,1,0,0,1,0,1,0
200066710,1,1,0,0,0,0,0,NA,0,0,0,0,NA,0,1,1,1,0,0,0,0,1,0,0,1,0
200066728,1,1,1,0,1,0,0,NA,0,0,0,NA,NA,0,1,1,0,0,0,0,0,1,0,0,0,0
200066744,0,0,0,0,0,1,0,0,0,1,1,1,1,1,0,0,0,1,1,1,1,0,1,1,1,0
200066751,0,0,0,0,0,1,1,NA,1,1,1,1,1,1,0,0,0,1,1,1,0,0,1,0,1,0
200066769,0,0,0,1,0,1,0,NA,0,0,1,1,1,1,0,0,1,1,1,1,0,0,0,0,1,0
200066777,1,0,0,0,0,1,1,0,0,0,0,0,1,0,0,0,0,1,1,0,1,1,1,0,1,0
200066785,1,0,0,0,0,1,0,0,0,0,0,0,1,0,0,0,0,1,1,0,1,1,0,0,1,0
200066793,1,1,1,1,1,0,0,0,0,0,0,0,0,0,1,1,0,0,0,1,0,0,0,0,0,0
200066801,1,0,0,0,0,1,0,0,0,0,1,0,1,0,0,0,0,1,1,0,1,1,1,1,1,0
200066819,1,1,1,1,0,1,0,0,0,0,0,1,1,0,1,1,1,0,0,0,1,1,1,1,1,0
200066827,1,1,1,1,1,0,0,0,0,0,1,0,0,0,1,1,1,1,1,1,0,1,0,1,0,0
200066835,1,1,1,1,1,0,0,NA,0,0,0,0,NA,0,0,0,0,1,1,1,0,0,0,0,0,0
200066850,1,1,1,1,1,0,0,NA,0,0,0,0,NA,0,1,0,0,1,0,1,0,0,0,0,0,0
200066868,1,1,0,0,0,1,0,NA,0,0,0,0,0,0,0,0,1,0,1,1,0,0,0,0,1,0
200066876,0,0,1,1,1,0,1,1,1,1,0,0,0,1,1,1,0,0,0,0,1,1,1,1,0,0
200066884,0,0,0,0,0,1,1,NA,0,1,0,0,1,1,1,1,1,0,0,0,1,1,1,1,1,1
200066892,1,0,0,0,0,0,1,NA,1,0,NA,NA,NA,0,0,0,1,1,1,1,0,1,0,0,0,0
200066918,0,0,0,1,0,1,1,1,1,1,1,1,1,1,0,0,1,0,1,1,1,1,1,1,1,1
200066926,0,1,1,1,1,0,1,1,1,1,0,0,0,1,0,0,0,1,1,1,1,0,1,1,0,0
200066975,1,1,1,1,1,0,0,NA,0,0,0,0,NA,0,1,1,0,1,0,1,0,0,0,0,0,0
200067023,1,0,0,0,0,1,0,0,0,1,1,0,0,0,0,0,0,1,1,1,1,0,1,1,1,0
200067031,0,0,0,0,0,1,1,0,1,1,1,0,1,1,0,0,0,1,1,0,1,1,1,1,1,0
200067049,0,0,1,1,0,1,1,NA,NA,NA,NA,1,1,1,0,0,1,1,1,1,0,0,1,0,0,0
200067064,0,0,0,0,0,1,1,1,1,1,1,1,1,1,0,0,0,0,1,0,1,0,1,1,1,0
200067072,1,0,0,0,0,1,0,NA,0,0,0,0,1,0,0,0,0,1,1,1,0,0,0,0,1,0
200067080,1,1,1,1,1,0,0,NA,0,0,0,0,NA,0,1,0,0,1,0,1,0,0,0,0,0,0
200067106,1,1,1,1,1,0,0,0,0,0,0,0,0,0,0,0,1,1,1,1,0,0,1,1,0,0
200067114,0,1,1,1,1,0,1,0,1,1,1,0,0,1,0,0,0,0,1,1,1,1,1,1,0,0
200067122,0,0,0,0,0,1,1,NA,0,1,1,1,1,1,0,0,1,1,1,0,1,1,1,0,1,1
200067130,0,0,0,1,0,1,1,1,1,1,1,1,0,1,0,0,0,1,1,0,0,0,1,0,1,0
200067155,0,0,0,0,0,1,1,NA,1,1,0,1,0,1,0,0,0,1,1,1,1,0,1,1,1,0
200067163,0,0,0,1,0,1,1,NA,NA,NA,1,1,NA,1,0,0,0,1,1,1,1,0,1,1,1,0
200067171,0,0,0,1,0,1,0,NA,NA,1,1,1,1,1,0,0,0,1,1,1,0,0,0,0,1,0
200067189,0,0,0,1,0,1,1,NA,1,1,1,1,1,1,0,0,1,1,1,1,1,0,1,1,1,0
200067197,0,0,0,1,0,1,1,NA,1,1,1,1,NA,1,0,0,1,1,1,1,1,1,1,1,1,0
200067205,1,1,1,0,1,0,0,0,0,0,0,0,0,0,1,1,0,0,1,0,1,1,1,1,1,0
200067213,0,1,1,1,1,0,1,1,1,1,1,0,0,1,1,1,0,1,0,1,1,1,1,1,0,0
200067221,1,0,0,0,0,1,0,0,0,0,0,0,1,0,1,0,1,1,0,0,1,1,0,0,1,0
200067239,1,1,1,0,1,0,0,NA,0,0,0,0,1,0,1,1,0,0,0,1,0,1,0,0,0,0
200067247,1,0,0,0,0,1,0,NA,0,0,0,0,1,0,0,0,1,1,1,0,1,1,1,1,1,0
200067254,0,1,1,1,1,0,1,1,1,1,1,0,0,1,0,0,1,0,1,1,1,0,1,1,0,0
200067262,0,0,0,0,1,1,1,0,0,1,0,0,1,0,0,0,0,1,1,0,0,0,1,1,1,0
200067288,0,0,0,1,0,1,1,NA,1,1,1,0,1,1,0,0,1,1,1,1,1,0,1,1,1,0
200067296,1,1,1,1,1,0,0,NA,0,0,0,0,1,0,1,1,0,1,0,1,0,0,0,0,0,0
200067304,0,0,0,0,0,1,1,0,1,0,1,1,0,1,0,0,1,0,1,0,1,1,1,1,1,0
200067320,1,0,0,0,0,1,0,NA,NA,0,NA,NA,NA,0,0,0,1,1,1,1,1,1,0,1,1,1
200067346,1,1,1,0,1,0,0,0,0,0,0,0,0,0,0,0,1,0,1,1,0,0,0,0,0,0
200067361,0,0,0,1,0,1,1,0,1,1,1,1,1,1,0,0,0,1,1,1,0,0,1,1,1,0
200067379,1,0,0,0,0,1,1,NA,0,0,1,NA,NA,0,0,0,0,1,1,1,0,1,0,0,1,0
200067429,0,0,0,1,0,1,1,NA,1,1,1,1,NA,1,0,0,0,1,1,0,1,0,1,1,1,0
200067437,0,0,0,1,0,1,1,1,1,1,1,1,0,1,0,0,1,0,1,1,1,0,1,1,0,1
200067445,0,0,0,1,0,1,1,NA,1,1,1,1,NA,1,0,0,1,1,1,0,1,1,1,1,1,1
200067452,1,0,1,1,1,1,0,NA,NA,0,0,NA,NA,0,0,0,1,1,1,1,0,0,0,0,0,1
200067460,1,0,0,0,0,1,1,0,1,0,0,0,1,0,0,0,0,1,1,0,1,1,1,1,1,0
200067478,1,1,1,0,0,1,0,NA,0,0,0,0,1,0,0,0,0,1,1,1,0,0,0,0,0,0
200067486,0,1,1,1,0,1,1,1,1,0,0,0,1,1,0,0,1,0,0,1,0,0,0,0,1,0
200067502,0,0,0,1,0,1,1,1,1,1,1,1,0,1,0,0,1,0,1,0,1,1,1,1,1,0
200067544,0,0,0,1,0,1,1,NA,1,1,1,1,1,1,0,0,1,1,1,1,1,0,1,1,1,0
200067551,1,1,1,1,1,0,0,0,0,0,0,0,0,0,1,1,1,0,0,1,0,0,0,0,0,1
200067593,0,0,0,1,0,1,1,NA,1,1,1,1,1,1,0,0,0,1,1,0,1,0,1,1,1,0
200067627,1,1,1,0,1,0,0,NA,0,0,0,0,NA,0,1,1,0,0,0,0,0,0,0,0,0,0
200067635,1,1,1,0,1,0,0,0,0,0,0,0,0,0,1,1,0,0,0,0,0,1,0,0,0,0
200067643,1,1,0,0,0,0,0,NA,0,0,0,NA,NA,0,1,1,0,0,0,0,1,1,0,0,1,0
200067650,1,1,1,0,1,0,0,NA,0,0,0,0,NA,0,1,1,1,0,0,0,0,0,0,0,1,0
200067668,1,1,0,0,1,1,1,NA,1,1,0,0,NA,0,0,0,1,0,1,0,0,1,0,0,1,0
200067676,1,0,0,0,0,1,1,0,0,0,1,0,0,0,0,0,0,0,1,1,0,1,0,0,1,0
200067684,0,1,1,1,1,0,1,0,1,0,0,0,0,0,1,0,0,1,0,1,0,0,0,1,0,0
200067692,0,0,0,1,0,1,1,NA,1,1,1,1,NA,1,0,0,0,1,1,1,0,0,1,0,1,0
200067700,0,0,0,0,0,1,1,1,1,1,1,1,0,1,0,0,0,0,1,0,1,0,1,1,1,0
200067742,0,0,1,1,1,1,0,NA,0,1,0,0,1,1,0,0,1,1,1,1,0,0,0,1,0,1
200067759,0,0,0,1,0,1,1,1,1,1,1,1,1,1,0,0,1,0,1,0,1,1,1,1,1,0
200067767,1,0,0,0,0,1,0,NA,NA,1,0,NA,NA,1,0,0,1,1,1,1,1,1,1,1,1,0
200067783,1,1,1,0,1,0,0,0,0,0,0,0,0,0,1,1,0,0,1,0,0,0,0,0,1,0
200067791,0,1,1,1,0,1,1,1,1,1,0,0,0,1,0,0,1,1,1,0,1,0,1,1,1,0
200067817,1,1,1,0,1,0,0,0,0,0,0,0,0,0,1,1,0,1,0,1,0,1,0,0,0,0
200067825,0,1,1,1,1,0,0,0,1,1,1,0,0,1,0,0,1,1,1,1,1,0,1,1,0,0
200067841,1,1,0,0,0,1,1,0,1,0,0,0,0,0,1,1,1,0,1,0,0,0,0,0,1,0
200067866,1,1,0,0,1,0,0,0,0,0,0,0,0,0,1,1,0,0,0,1,0,1,0,0,0,0
200067874,1,1,1,1,1,0,0,0,0,0,0,0,0,0,1,1,0,0,0,0,0,0,0,0,0,0
200067882,0,0,0,1,0,1,1,NA,1,1,1,1,1,1,0,0,0,1,1,1,1,0,1,1,1,0
200067890,0,0,0,1,0,1,1,NA,1,1,1,1,1,1,0,0,0,1,1,1,1,0,1,0,1,0
200067908,0,0,0,0,0,1,1,NA,0,0,1,1,NA,1,0,0,0,1,1,1,1,1,1,0,1,0
200067916,0,0,0,1,0,1,1,1,1,1,1,0,0,1,0,0,0,1,1,1,1,0,1,1,1,0
200067924,1,1,1,0,1,0,0,0,0,0,0,0,0,0,1,1,0,0,0,0,0,0,0,0,0,0
200067932,1,1,1,1,1,0,0,0,0,0,0,0,0,0,0,0,0,1,1,1,0,0,0,0,0,0
200067940,0,0,0,1,0,1,1,1,1,1,1,1,1,1,0,0,1,1,1,1,1,0,1,1,1,1
200067957,1,1,1,0,1,0,0,NA,0,0,0,NA,NA,0,1,1,0,0,0,1,0,0,0,0,0,0
200067965,0,1,1,1,1,0,1,1,1,1,0,0,0,1,1,1,1,0,0,0,1,1,1,1,0,0
200067973,1,1,1,0,1,0,0,0,0,0,0,0,NA,0,1,1,1,0,0,0,0,1,0,0,0,0
200067981,0,0,0,0,0,1,1,0,1,1,1,1,1,1,0,0,0,1,1,0,1,1,1,1,1,0
200067999,0,0,1,1,1,0,1,1,1,1,1,1,0,1,1,1,1,0,0,0,1,1,1,1,0,0
200068005,0,0,0,0,0,1,1,1,0,0,0,0,NA,1,1,1,1,1,0,0,1,1,1,1,1,0
200068047,0,0,0,1,0,1,1,1,1,1,1,1,1,1,1,1,1,0,0,0,1,1,1,1,1,1
200068070,1,1,1,0,1,0,0,NA,0,0,0,0,0,0,1,1,0,1,1,0,0,1,0,0,1,0
200068088,1,0,0,0,0,1,1,NA,0,0,1,1,0,0,0,0,0,0,1,0,1,0,1,1,1,0
200068096,0,0,0,1,0,1,0,NA,1,0,1,0,NA,1,0,0,1,1,1,1,0,0,0,0,1,0
200068104,0,1,1,1,1,1,1,1,1,1,0,1,1,1,0,0,1,1,1,1,0,1,0,1,0,1
200068112,1,1,1,1,1,0,0,0,0,0,0,0,0,0,1,1,0,0,0,0,0,0,0,0,0,0
200068120,1,1,1,0,1,0,0,0,0,0,0,0,0,0,0,1,1,0,1,0,1,1,1,1,0,0
200068146,1,0,0,0,0,1,1,0,1,1,0,0,0,0,0,1,0,0,1,0,1,0,1,1,1,0
200068229,0,0,1,1,0,1,1,1,1,1,1,1,1,1,0,0,1,1,1,1,1,0,1,1,0,1
200068278,0,0,0,1,0,1,1,NA,0,1,1,0,0,1,0,0,1,0,1,0,1,1,1,1,1,0
200068294,1,0,0,0,0,0,0,NA,0,0,0,0,NA,0,0,0,1,0,1,0,1,1,1,0,1,0
200068369,0,0,0,0,0,1,1,1,1,1,0,0,NA,1,0,0,0,1,1,0,1,1,1,1,1,0
200068377,0,0,0,1,0,1,1,1,1,1,1,1,0,1,0,0,1,0,1,1,1,0,1,1,0,0
200068435,1,0,0,0,0,1,0,NA,0,0,0,0,NA,0,0,0,1,1,1,1,0,1,0,0,1,0
200068443,0,0,0,0,0,1,0,NA,1,1,1,1,1,1,0,0,0,1,1,1,0,0,0,0,1,0
200068450,0,0,0,0,0,1,1,1,1,1,1,0,0,1,0,0,0,1,1,0,1,1,1,1,1,0
200068468,0,0,0,1,0,1,1,1,1,1,1,1,0,1,0,0,0,0,1,0,1,1,1,1,1,0
200068484,0,0,0,0,0,1,1,NA,0,1,1,1,1,1,0,0,0,1,1,1,0,0,1,0,1,0
200068500,0,0,0,1,0,1,1,1,1,1,1,1,0,1,0,0,1,1,1,0,1,1,1,1,1,0
200068534,1,1,0,0,0,0,0,0,0,0,0,0,0,0,1,1,0,1,0,0,0,1,0,0,1,0
200068542,1,1,1,0,1,0,0,0,0,0,0,0,0,0,1,1,1,0,0,0,0,1,0,0,0,0
200068559,0,0,0,0,0,1,1,1,1,1,1,1,1,1,0,0,1,1,1,0,1,1,1,1,1,0
200068567,1,1,1,0,1,0,0,0,0,0,0,0,0,0,1,1,1,0,0,0,0,1,0,0,1,0
200068625,0,0,0,1,0,1,1,NA,1,1,1,1,1,1,0,0,1,1,1,1,1,0,1,1,1,1
200068641,1,1,1,1,1,0,0,0,0,0,0,0,0,0,1,1,1,0,0,0,1,1,0,1,0,0
200068658,0,0,0,1,1,0,1,1,1,0,0,0,0,1,0,0,0,0,1,0,1,0,1,1,0,0
200068666,0,0,0,0,0,1,1,1,1,1,1,1,0,1,0,0,1,0,1,0,1,1,1,1,1,0
200068674,1,1,1,1,1,0,0,0,0,0,0,0,0,0,1,1,0,0,1,1,0,0,0,0,0,0
200068682,1,1,0,0,1,0,1,0,0,0,0,0,NA,0,0,0,1,0,1,0,0,0,0,1,0,0
200068757,0,0,0,1,0,0,1,1,1,1,1,0,0,1,0,0,1,0,1,0,1,1,1,1,0,0
200068765,0,0,0,1,0,1,1,1,1,1,1,1,1,1,0,0,1,1,1,1,1,0,1,1,1,1
200068773,0,0,0,0,0,1,1,NA,1,1,1,1,1,1,0,0,1,1,1,0,1,0,1,1,1,0
200068781,0,1,1,1,1,0,1,1,1,1,1,1,0,1,0,0,1,0,0,1,1,1,1,1,0,1
200068799,0,0,0,0,0,1,1,0,0,1,1,1,1,1,0,0,0,1,1,0,1,1,1,1,1,0
200068807,1,1,1,0,1,0,0,0,0,0,0,0,1,0,1,1,1,0,0,0,1,1,0,0,0,0
200068815,1,1,1,1,0,1,0,0,0,0,0,0,1,0,1,1,1,0,0,0,1,1,1,1,1,0
200068831,1,0,0,0,0,1,0,NA,0,0,0,0,1,0,0,0,0,1,1,1,0,1,0,0,1,0
200068856,0,0,0,1,0,1,1,NA,1,1,1,1,NA,1,0,0,1,1,1,0,1,1,1,1,1,0
200068864,1,1,1,0,1,0,0,NA,0,0,0,0,NA,0,1,1,0,0,0,1,0,0,0,0,0,0
200068872,0,0,0,0,0,1,1,1,1,1,1,1,1,1,0,0,0,0,1,0,1,0,1,1,1,0
200068880,1,0,0,0,0,1,1,NA,NA,0,NA,NA,NA,0,0,0,0,1,1,1,0,0,0,0,1,0
200068914,1,0,0,0,0,1,1,0,0,0,0,1,1,1,0,0,0,0,1,0,1,0,1,1,1,0
200068922,0,0,0,1,0,1,1,NA,1,1,1,1,1,1,0,0,1,1,1,1,1,1,1,1,1,0
200068930,0,0,0,1,0,1,1,1,1,1,1,1,1,1,0,0,1,1,1,1,1,1,1,1,1,0
200068948,0,0,0,1,0,1,1,1,1,1,1,1,1,1,0,0,1,1,1,1,1,0,1,1,1,0
200068955,1,0,0,0,0,0,0,NA,0,0,0,0,NA,0,1,1,1,0,0,0,1,1,0,0,1,0
200068963,1,1,1,0,1,0,0,NA,0,0,0,0,NA,0,1,1,0,0,0,0,0,1,0,0,0,0
200068989,1,1,0,0,0,0,0,0,0,0,0,0,0,0,0,0,1,1,1,1,0,1,0,1,1,0
200068997,1,1,1,1,1,0,0,0,0,0,0,0,0,0,1,1,1,1,0,1,0,0,0,0,0,1
200069003,1,1,1,1,1,0,1,NA,0,0,0,0,NA,0,0,0,0,1,0,1,0,0,0,0,0,0
200069029,0,0,1,1,1,0,1,0,1,1,1,0,0,1,0,0,1,1,1,1,1,0,1,1,0,0
200069037,0,0,0,1,0,1,1,1,1,1,1,1,1,1,0,1,1,0,0,0,1,1,1,1,1,0
200069052,0,1,1,1,1,0,1,1,1,1,1,1,0,1,1,1,1,0,0,0,1,1,1,1,0,1
200069060,1,1,1,0,1,0,0,NA,0,0,0,NA,NA,0,1,1,1,0,1,0,0,0,0,0,0,0
200069086,1,0,0,0,0,1,0,0,0,0,0,0,1,0,0,0,1,1,1,0,0,1,0,0,1,0
200069094,0,0,0,1,0,1,1,NA,1,1,1,1,1,1,0,0,1,0,1,0,1,0,1,1,1,0
200069102,0,0,0,0,0,1,0,NA,NA,NA,NA,NA,NA,1,0,0,0,1,1,0,0,1,1,0,1,0
200069110,1,1,1,1,1,0,0,0,0,0,0,0,0,0,1,1,0,0,0,1,0,0,0,1,0,0
200069128,0,0,0,0,0,1,0,NA,NA,1,NA,NA,NA,1,0,0,0,1,1,1,1,1,1,1,1,0
200069136,0,0,0,1,0,1,1,NA,1,1,1,1,NA,1,0,0,1,1,1,1,1,0,1,1,1,1
200069144,0,0,0,1,0,1,0,NA,NA,1,NA,NA,NA,1,0,0,0,1,1,1,1,0,1,0,1,0
200069151,0,0,0,1,0,1,1,NA,1,1,1,1,NA,1,0,0,1,1,1,1,1,0,1,1,1,1
200069169,0,0,0,0,0,1,0,NA,0,0,0,1,1,1,0,0,0,1,0,1,0,0,0,0,1,0
200069177,1,1,1,0,1,0,0,NA,0,0,0,0,0,0,1,1,0,0,0,1,0,0,0,0,0,0
200069185,0,0,0,0,0,1,0,NA,1,0,0,0,1,1,0,0,0,1,1,1,1,0,1,1,1,0
200069193,1,1,1,0,1,0,0,0,0,0,0,0,NA,0,1,1,0,0,0,1,0,1,0,0,0,0
200069227,1,1,1,1,1,1,1,NA,0,1,0,1,0,0,0,0,0,1,1,1,0,0,1,0,0,0
200069235,0,0,0,0,0,1,1,1,1,1,1,1,1,1,0,0,0,1,0,1,1,1,1,1,1,0
200069250,0,0,1,1,0,0,1,1,1,1,1,1,0,1,0,0,1,1,1,0,1,1,1,1,0,0
200069268,1,0,0,0,0,1,0,NA,NA,0,NA,NA,NA,0,0,0,0,1,1,1,0,1,0,0,1,0
200069300,0,0,0,1,0,0,1,1,1,1,1,1,1,1,0,0,1,0,1,0,1,0,1,1,1,0
200069383,0,0,0,1,0,1,1,1,1,1,1,1,1,1,0,0,0,1,1,1,1,0,1,1,1,0
200069391,1,1,0,0,1,0,0,0,0,0,0,0,1,0,0,0,0,1,1,1,0,1,0,0,1,0
200069409,1,1,1,1,1,0,1,1,0,0,0,0,0,0,0,0,1,1,1,0,1,1,1,1,0,0
200069417,1,0,0,0,0,1,0,NA,0,0,0,0,1,0,0,0,1,1,1,0,0,1,0,0,1,0
200069425,1,0,0,0,0,1,0,0,0,0,1,0,1,0,0,0,0,1,1,1,1,1,1,1,1,0
200069433,0,0,0,0,0,1,1,NA,1,1,1,1,1,1,0,0,1,1,1,0,1,1,1,1,1,0
200069441,1,1,1,0,0,0,1,0,0,0,0,0,0,0,1,1,1,0,0,0,0,0,0,0,1,0
200069458,0,0,0,1,0,1,1,NA,1,1,1,1,1,1,0,0,1,1,1,1,1,1,1,1,1,0
200069482,1,1,1,0,1,1,0,0,0,0,0,0,1,0,1,1,0,1,0,1,0,1,0,0,0,0
200069516,1,1,1,0,1,0,0,NA,NA,0,0,NA,NA,0,1,1,0,1,0,0,0,1,0,0,0,0
200069524,1,0,0,0,0,0,0,0,0,0,0,0,0,0,1,1,1,0,0,0,1,1,0,0,1,0
200069532,0,0,0,0,0,1,1,1,1,1,1,1,0,1,0,0,1,0,1,0,1,1,1,1,1,0
200069540,1,1,1,0,1,0,0,NA,NA,NA,NA,NA,NA,0,1,1,0,1,0,1,0,0,0,0,0,0
200069565,1,1,1,1,1,0,0,NA,NA,NA,NA,NA,NA,0,1,1,1,0,0,0,0,0,0,0,0,1
200069581,1,1,0,0,0,0,0,0,0,0,0,0,1,0,1,1,1,0,0,0,1,1,1,1,1,0
200069599,0,0,0,1,0,1,1,NA,0,1,1,1,1,1,0,0,1,1,0,1,1,1,1,1,1,0
200069615,1,1,1,0,1,0,0,NA,0,0,0,0,1,0,0,0,0,1,1,0,0,0,0,0,1,0
200069623,1,1,1,1,1,0,0,NA,0,0,0,0,0,0,1,1,1,1,1,0,0,0,0,0,1,0
200069631,1,0,0,0,0,1,0,NA,0,0,0,0,1,0,0,0,1,1,1,0,0,1,0,0,1,0
200069649,1,0,0,0,0,1,0,NA,0,0,0,0,1,0,0,0,0,1,1,1,0,1,1,0,1,0
200069656,0,0,0,0,0,1,1,NA,1,1,1,1,1,1,0,0,1,1,1,0,1,1,1,1,1,0
200069664,0,0,0,0,0,1,1,NA,1,1,1,0,NA,1,0,0,0,1,1,0,1,1,1,0,1,0
200069672,0,0,0,1,0,1,1,1,1,1,1,1,1,1,0,0,1,1,1,0,1,1,1,1,1,0
200069698,1,1,1,1,1,0,1,NA,0,0,0,0,NA,0,0,0,0,1,1,1,0,0,0,0,0,0
200069722,0,0,0,0,0,1,1,0,1,1,1,1,1,1,0,0,0,1,1,0,1,1,1,1,1,0
200069730,0,0,0,0,0,1,1,0,0,1,1,1,0,1,0,0,1,0,1,0,1,1,1,1,1,0
200069748,1,0,0,0,0,1,0,NA,0,0,0,0,1,0,1,1,0,1,0,0,1,1,0,0,1,0
200069755,0,0,0,0,0,1,1,0,0,0,1,1,1,1,0,0,0,1,1,0,1,1,1,1,1,0
200069763,1,1,0,0,0,0,0,0,0,0,0,0,1,0,1,1,0,0,0,0,0,1,0,0,1,0
200069821,0,0,0,0,0,0,1,1,1,1,1,0,0,1,0,0,1,0,1,0,1,1,1,1,1,0
200069839,1,0,1,1,1,0,0,0,0,0,0,0,0,0,0,0,0,1,1,0,1,1,1,0,0,0
200069847,1,1,0,0,0,0,0,NA,0,0,0,0,NA,0,1,1,0,1,0,0,0,1,0,0,1,0
200069854,0,1,1,1,1,0,1,1,1,1,0,0,0,1,1,1,0,0,1,0,1,1,1,1,0,0
200069912,1,0,0,0,0,1,0,NA,NA,0,NA,NA,NA,0,0,0,1,1,1,0,1,1,0,1,1,0
200069953,1,1,1,0,1,0,0,0,0,0,0,0,0,0,1,1,0,0,0,0,0,0,0,0,0,0
200069961,0,0,0,1,0,0,1,1,1,1,1,0,0,1,0,0,0,1,1,1,1,1,1,1,1,0
200069995,0,0,0,0,0,1,1,1,1,1,1,1,1,1,0,0,1,1,1,0,1,1,1,1,1,0
200070035,0,0,0,0,0,1,1,1,1,1,1,1,1,1,0,0,0,1,1,1,1,1,1,1,1,0
200070043,0,0,0,1,0,1,1,0,1,1,1,1,1,1,0,0,0,1,1,1,0,0,1,0,1,0
200070068,0,0,0,0,0,1,1,0,0,0,1,1,1,1,0,1,0,0,0,1,1,1,1,1,1,0
200070092,0,0,0,1,0,1,1,1,1,1,1,1,1,1,1,0,1,1,0,0,1,1,1,1,1,0
200070100,1,1,1,0,1,0,0,0,0,0,0,1,NA,0,1,1,0,0,1,0,0,1,0,0,0,0
200070118,1,1,1,0,1,0,0,NA,0,0,0,NA,NA,0,1,1,0,0,0,1,0,1,0,0,0,0
200070126,1,1,0,0,0,0,0,NA,0,0,NA,NA,NA,0,1,0,1,1,0,1,0,1,0,0,0,0
200070142,1,1,0,0,1,0,0,NA,0,0,0,0,NA,0,1,1,1,0,0,0,0,1,0,0,1,0
200070159,1,1,1,0,1,0,0,NA,0,0,0,0,NA,0,1,1,0,1,0,1,0,1,0,0,1,0
200070167,1,0,0,0,0,1,1,NA,1,0,1,0,NA,1,0,0,1,1,1,0,1,1,1,1,1,0
200070183,1,1,1,0,1,0,0,0,0,0,0,0,0,0,1,1,0,0,0,1,0,1,0,0,0,0
200070233,1,1,0,0,1,0,0,0,0,0,0,0,0,0,1,1,0,0,0,1,0,1,0,0,1,0
200070282,0,0,0,1,0,1,1,NA,1,1,1,1,1,1,0,0,1,1,1,1,1,0,1,1,1,0
200070290,0,0,1,1,0,1,1,1,1,1,1,1,1,1,0,0,1,0,0,1,0,0,1,0,1,1
200070308,0,1,1,1,1,0,1,0,1,1,1,0,0,1,0,0,0,1,1,1,1,1,1,1,0,0
200070316,0,0,0,0,0,1,1,NA,1,1,1,1,0,1,0,0,0,1,1,0,0,0,1,1,1,0
200070324,0,0,0,1,0,1,1,1,1,1,1,1,0,1,0,0,1,0,1,0,1,1,1,1,1,0
200070332,0,0,0,0,0,1,1,NA,1,1,1,1,1,1,0,0,0,1,1,1,0,0,1,0,1,0
200070340,1,1,1,0,1,0,0,NA,NA,0,NA,NA,NA,0,0,0,1,1,1,1,0,0,0,0,0,0
200070365,0,0,0,1,0,1,1,1,1,1,1,1,1,1,0,0,1,1,1,0,1,1,1,1,1,1
200070373,0,0,0,0,0,1,1,0,1,1,1,1,0,1,0,0,1,1,1,0,1,1,1,1,1,0
200070407,1,1,0,0,0,1,0,0,0,0,0,0,0,0,0,0,1,1,1,1,1,1,1,1,1,0
200070431,1,1,1,0,1,0,0,0,0,0,0,0,0,0,1,1,1,0,0,1,0,1,0,0,0,0
200070449,1,1,1,0,1,0,0,0,0,0,0,0,0,0,1,1,0,1,0,0,0,0,0,0,0,0
200070464,1,1,1,0,1,0,0,NA,0,0,0,0,NA,0,0,0,1,1,1,1,0,0,0,0,0,0
200070506,0,0,0,0,0,1,1,NA,0,0,1,1,1,1,0,0,0,1,1,0,0,0,1,0,1,0
200070514,1,1,1,1,1,0,0,0,0,0,0,0,0,0,0,0,0,1,1,1,1,0,1,1,0,0
200070530,0,0,0,1,0,1,1,1,1,1,1,1,1,1,0,0,1,1,1,0,1,0,1,1,1,0
200070548,1,0,0,0,0,1,0,NA,1,0,0,0,0,0,0,0,0,1,1,1,0,0,0,0,1,0
200070555,1,1,1,0,1,0,0,NA,0,0,0,0,NA,0,1,1,0,0,0,1,0,1,0,0,0,0
200070563,1,1,1,1,1,0,1,1,0,0,0,0,0,0,1,1,0,0,0,0,1,1,1,1,0,0
200070571,1,1,0,0,1,0,NA,NA,NA,NA,NA,NA,NA,0,1,1,0,0,1,0,0,0,0,0,1,0
200070589,1,1,1,0,1,0,0,NA,0,0,0,NA,NA,0,1,1,0,1,0,1,0,0,0,0,0,0
200070647,0,0,0,1,0,1,1,1,1,1,1,1,1,1,0,0,1,1,1,1,1,1,1,1,1,0
200070662,1,1,0,0,0,0,0,NA,0,0,0,0,1,0,1,1,0,0,0,0,1,1,0,0,1,0
200070670,1,0,0,0,0,1,1,0,0,0,1,0,1,0,0,0,0,1,1,1,1,1,1,1,1,0
200070688,1,0,0,0,0,1,0,NA,0,0,0,0,1,0,0,0,0,1,0,0,1,1,1,1,1,0
200070712,0,0,0,1,0,1,1,1,1,1,1,1,1,1,0,0,1,0,1,0,1,1,1,1,1,0
200070720,0,1,1,1,1,1,1,1,1,1,1,0,1,1,0,0,1,1,1,1,0,0,1,0,0,0
200070738,1,1,1,0,1,0,0,NA,0,0,0,0,NA,0,1,1,0,0,0,1,0,0,0,0,0,0
200070746,0,1,1,1,1,0,1,1,1,1,0,0,0,1,1,1,1,0,0,0,1,0,1,1,0,0
200070753,1,1,1,0,1,0,0,0,0,0,0,0,0,0,1,1,0,0,0,0,0,0,0,0,0,0
200070761,0,0,0,1,0,1,1,0,1,1,1,1,1,1,0,0,0,0,1,1,0,0,1,0,1,0
200070779,1,1,1,0,1,0,0,NA,0,0,0,0,NA,0,1,1,0,0,0,0,0,0,0,0,0,0
200070787,0,0,0,0,0,1,1,NA,1,1,0,1,1,1,0,0,1,1,1,0,1,0,1,1,1,0
200070795,0,0,0,1,0,1,1,NA,NA,1,1,1,1,1,0,0,0,1,1,1,1,0,1,1,1,0
200070803,1,1,0,0,1,1,0,NA,0,0,0,0,1,0,0,0,0,1,1,0,0,0,0,0,1,0
200070811,1,0,0,0,0,1,0,NA,1,1,0,0,0,0,0,0,1,1,1,1,0,0,0,0,1,0
200070829,0,0,0,1,0,1,1,NA,NA,1,NA,1,NA,1,0,0,1,1,1,0,0,0,1,0,1,0
200070845,0,0,0,1,0,1,1,1,1,1,1,1,1,1,0,0,1,0,1,1,1,1,1,1,1,0
200070852,1,1,1,1,1,0,0,NA,0,0,0,0,NA,0,1,1,1,0,0,0,0,0,0,0,1,1
200070894,1,1,1,0,1,0,0,NA,0,0,0,0,NA,0,1,1,0,1,0,1,0,0,0,0,0,0
200070902,1,1,0,0,0,0,0,0,0,0,0,0,NA,0,1,1,1,0,1,0,1,1,0,0,1,0
200070910,1,1,0,0,1,0,NA,NA,NA,NA,NA,NA,NA,0,0,0,0,1,1,1,0,1,0,0,1,0
200070928,0,0,0,0,0,1,1,1,1,1,1,1,NA,1,1,1,1,1,0,0,1,1,1,1,1,0
200070936,0,0,0,1,0,1,1,0,1,1,1,1,1,1,0,0,1,1,1,1,1,1,1,0,1,0
200070944,0,0,0,0,0,1,1,1,1,1,1,0,0,1,0,0,1,0,1,0,1,1,1,1,1,0
200070951,0,0,0,1,0,1,1,1,1,1,1,0,0,1,1,0,1,1,0,0,1,1,1,1,1,0
200070969,1,1,1,0,1,0,0,NA,0,0,0,0,NA,0,1,1,0,1,0,1,0,1,0,0,0,0
200070977,0,0,0,1,0,1,1,1,1,1,1,1,NA,1,1,0,1,1,0,0,1,1,1,1,1,0
200070985,0,0,0,1,0,1,1,1,1,1,1,1,0,1,0,0,1,0,1,0,1,1,1,1,1,0
200070993,0,0,0,1,0,1,1,1,1,1,1,1,0,1,0,0,1,1,1,1,1,1,1,1,1,0
200071017,1,0,0,0,0,1,0,NA,1,0,1,0,NA,0,0,0,0,1,1,1,0,0,1,0,1,0
200071025,0,0,1,1,0,1,1,NA,1,1,1,1,NA,1,0,0,1,1,1,1,0,0,1,1,1,1
200071033,0,1,1,1,0,1,0,NA,NA,NA,NA,NA,NA,1,0,0,1,1,1,1,1,0,1,1,1,1
200071041,0,0,0,1,0,1,1,NA,1,1,0,1,NA,1,0,0,0,1,1,1,1,1,1,1,1,0
200071058,0,0,0,1,0,1,1,1,1,1,1,1,1,1,0,0,1,1,1,1,1,1,1,1,1,0
200071066,0,0,0,1,0,1,1,1,1,1,1,1,0,1,0,0,1,0,1,0,1,1,1,1,1,0
200071074,1,1,1,1,1,0,0,0,0,0,0,0,NA,0,1,1,1,0,0,0,0,1,0,0,0,0
200071082,0,0,0,1,0,1,1,1,1,1,1,1,0,1,0,0,0,0,1,1,1,0,1,1,1,0
200071116,0,1,1,1,1,0,1,0,1,1,0,0,0,1,0,0,0,0,1,1,1,0,1,1,0,0
200071140,0,0,0,1,0,0,1,1,1,1,1,0,0,1,0,0,0,0,1,1,1,1,1,1,1,0
200071157,1,0,0,0,0,0,1,0,0,0,0,0,0,0,0,0,1,0,1,1,0,0,0,0,1,0
200071165,1,1,1,1,1,0,0,0,0,0,0,0,0,0,0,0,0,1,1,1,0,0,0,0,0,0
200071173,0,0,0,0,0,1,1,NA,1,1,1,NA,NA,1,0,0,0,1,1,1,0,0,1,0,1,0
200071181,0,0,0,1,0,1,1,0,0,1,0,1,1,1,1,1,0,1,0,0,1,1,1,0,1,0
200071199,1,1,0,0,0,1,0,NA,0,0,0,0,NA,0,1,1,1,0,0,0,0,1,0,0,1,0
200071207,1,1,1,0,0,1,0,NA,NA,0,1,NA,NA,0,0,0,0,1,1,1,0,1,0,0,1,0
200071215,0,0,0,0,0,1,1,NA,0,1,1,1,1,1,0,0,0,1,1,1,0,0,1,0,1,0
200071223,1,0,0,0,0,1,1,1,0,0,0,0,0,0,1,1,1,0,0,0,1,1,1,0,1,0
200071298,1,1,1,0,1,0,0,NA,0,0,0,0,1,0,1,1,1,0,0,1,0,1,0,0,0,0
200071314,1,1,1,1,1,0,0,0,0,0,0,0,1,0,1,1,0,0,0,0,0,1,0,0,0,1
200071363,0,0,1,1,0,1,1,1,1,1,1,1,0,1,0,0,0,0,1,1,1,0,1,1,0,0
200071371,1,1,1,0,1,0,0,NA,0,0,0,0,NA,0,1,1,0,0,0,1,0,1,0,0,0,0
200071389,0,0,0,0,0,1,1,0,0,1,1,1,1,1,0,0,1,0,1,1,1,1,1,1,1,0
200071405,0,0,0,1,0,1,1,1,1,1,1,0,0,1,0,1,1,0,0,0,1,1,1,1,1,1
200071413,0,0,0,1,0,1,1,1,1,1,0,1,0,1,0,0,1,0,1,1,1,1,1,1,1,1
200071454,0,1,1,1,1,0,1,1,1,1,1,0,0,1,1,1,1,0,0,0,1,1,1,1,0,0
200071470,0,0,0,0,0,1,1,0,1,1,1,1,1,1,0,0,0,1,1,1,1,1,1,1,1,0
200071496,0,0,0,1,0,1,1,NA,1,1,1,1,1,1,0,0,1,1,1,1,1,1,1,1,1,0
200071504,0,0,0,0,0,1,0,NA,1,1,1,0,NA,0,0,0,1,1,1,0,0,0,0,0,1,0
200071512,0,0,0,0,0,1,1,1,1,1,1,1,0,1,0,0,0,1,1,1,1,0,1,1,1,0
200071520,0,0,0,0,0,1,1,NA,0,1,1,1,1,1,0,0,0,1,1,1,1,1,1,1,1,0
200071538,1,1,0,0,1,1,0,NA,0,0,0,0,1,0,0,1,0,0,1,0,0,1,0,0,1,0
200071546,1,0,0,0,0,0,0,NA,0,0,0,0,1,0,1,1,1,0,0,0,1,1,0,0,1,0
200071553,1,1,1,0,1,0,0,0,0,0,0,0,0,0,1,1,0,1,0,0,0,1,0,0,1,0
200071579,0,0,0,0,0,1,0,1,1,0,0,0,1,1,0,0,1,0,1,0,1,1,1,1,1,0
200071587,0,0,0,0,0,1,1,1,1,0,1,0,0,1,0,0,1,1,1,1,1,0,1,1,1,0
200071595,1,1,1,0,0,0,0,NA,0,0,0,0,0,0,0,0,0,1,1,1,0,0,0,0,1,0
200071629,1,0,0,0,0,0,0,0,0,0,0,0,0,0,0,0,1,1,1,1,0,1,0,0,1,0
200071645,1,0,1,0,0,1,1,NA,NA,0,NA,NA,NA,0,0,0,0,1,1,1,0,1,0,0,1,0
200071652,0,0,0,0,0,1,0,NA,NA,NA,NA,NA,NA,1,0,0,0,1,1,1,0,1,0,0,1,0
200071678,1,0,0,0,0,0,0,0,0,0,0,0,0,0,1,1,0,0,0,0,1,1,0,1,1,0
200071751,1,1,1,1,1,0,0,0,0,0,0,0,0,0,1,1,0,0,1,1,1,1,0,1,0,0
200071769,0,0,0,0,0,1,1,1,0,1,1,0,NA,1,0,0,1,0,1,0,1,1,1,1,1,0
200071777,1,0,1,1,1,0,0,NA,0,0,0,NA,NA,0,0,0,0,1,0,1,1,1,0,1,0,0
200071785,0,0,0,1,0,1,1,1,1,1,1,1,1,1,0,0,1,0,1,0,1,1,1,1,1,0
200071819,0,0,0,1,0,1,1,NA,1,1,1,1,1,1,0,0,0,1,1,1,1,0,1,1,1,0
200071827,0,0,1,1,1,0,1,1,1,1,1,0,0,1,0,0,1,0,1,0,1,1,1,1,0,0
200071843,1,1,0,0,1,0,0,0,0,0,0,0,NA,0,1,1,1,0,0,0,1,1,1,1,1,0
200071850,1,1,0,0,1,1,0,0,0,0,0,0,NA,0,1,1,1,0,1,0,0,1,0,0,1,0
200071868,1,0,0,0,0,0,0,0,0,0,0,0,0,0,1,1,1,0,0,0,1,1,0,1,1,0
200071876,0,0,0,0,0,1,1,1,1,1,0,0,0,1,0,0,1,1,1,0,1,1,1,1,1,0
200071884,0,0,0,0,0,1,1,0,1,0,1,0,1,1,0,0,0,1,1,1,1,0,1,1,1,0
200071892,0,0,0,1,0,1,1,1,1,1,1,1,0,1,0,0,1,1,1,0,1,1,1,1,1,0
200071900,1,1,0,0,1,0,0,0,0,0,0,0,0,0,0,0,1,0,1,1,0,0,0,0,0,0
200071918,1,1,0,0,0,0,0,NA,0,0,0,0,1,0,1,1,0,0,0,0,0,1,0,0,1,0
200071926,0,0,0,1,0,1,1,1,1,1,1,1,1,1,0,0,1,1,1,1,1,0,1,1,1,0
200071934,0,0,0,0,0,1,1,0,1,1,1,0,0,1,0,0,1,1,1,0,1,1,1,1,1,0
200071942,0,0,0,1,0,1,1,1,1,1,1,1,1,1,0,0,0,1,1,1,1,0,1,1,1,0
200071967,1,1,1,1,1,0,0,NA,0,0,0,0,0,0,1,1,1,0,0,1,0,0,0,0,0,1
200071983,0,0,0,1,0,1,1,1,1,1,1,1,NA,1,0,0,1,1,1,1,1,1,1,1,1,0
200071991,1,1,1,0,1,0,0,0,0,0,0,0,0,0,1,1,1,0,0,0,1,1,0,1,1,0
200072007,0,0,0,1,0,1,1,NA,NA,NA,1,NA,NA,1,0,0,1,1,1,1,1,0,1,1,1,0
200072015,1,1,0,0,0,0,1,1,1,0,0,0,0,0,0,0,1,0,1,1,1,1,1,1,1,0
200072023,0,0,0,0,0,1,1,0,1,0,1,1,1,1,0,0,0,1,1,1,1,0,1,1,1,0
200072031,0,0,0,1,1,1,1,1,1,1,1,1,0,1,1,0,1,1,0,1,1,1,1,1,0,0
200072049,0,0,0,1,0,1,1,1,1,1,1,1,1,1,0,0,0,1,1,0,1,0,1,1,1,0
200072056,1,0,0,0,0,1,0,NA,0,0,0,NA,NA,0,0,0,0,0,1,0,0,1,0,1,1,0
200072064,1,0,0,0,0,1,1,0,0,0,0,0,0,0,0,0,0,0,1,0,0,0,1,0,1,0
200072072,1,1,1,0,1,0,1,0,1,0,0,0,0,0,0,0,0,0,1,0,0,0,1,1,0,0
200072080,0,0,0,1,0,1,1,NA,1,1,1,1,1,1,0,0,1,1,1,1,1,0,1,1,1,0
200072098,1,1,0,0,1,0,0,NA,0,0,0,0,1,0,1,1,1,0,0,0,0,1,0,0,1,0
200072106,0,0,0,0,0,1,1,NA,1,1,1,1,1,1,0,0,1,1,1,0,1,0,1,1,1,0
200072130,0,1,1,1,1,0,1,0,1,1,0,1,0,1,1,1,1,0,0,0,1,1,1,1,0,1
200072304,0,0,0,1,1,1,0,NA,1,1,1,1,NA,1,0,0,1,1,1,1,0,0,0,1,0,1
200072312,1,1,1,1,1,0,1,0,1,0,0,0,0,0,1,1,1,0,0,0,1,1,1,1,0,0
200072320,0,0,0,1,0,1,1,NA,NA,1,0,1,1,1,0,0,0,1,1,1,0,0,1,0,1,0
200072346,1,1,1,1,1,0,0,0,0,0,0,0,0,0,1,1,0,1,0,1,0,0,0,0,0,0
200072452,1,0,0,0,0,0,0,0,0,0,0,0,0,0,0,0,0,0,1,0,1,1,1,1,1,0
200072460,0,0,0,1,0,1,1,1,1,1,1,1,1,1,1,1,1,0,0,0,1,1,1,1,1,0
200072478,0,0,0,0,0,1,1,1,1,1,1,1,1,1,1,1,1,1,0,0,1,1,1,1,1,0
200072544,1,1,1,0,1,0,1,0,0,0,0,0,NA,0,1,1,1,0,0,0,1,1,0,0,1,0
200072635,0,0,0,1,0,1,1,NA,1,1,1,1,1,1,0,0,1,1,1,1,0,0,1,1,1,0
200072643,0,0,0,1,0,1,1,1,1,1,1,1,1,1,0,0,1,1,1,1,1,1,1,1,1,0
200072650,1,1,1,0,1,0,0,0,0,0,0,0,0,0,1,1,0,0,0,0,0,1,0,0,0,0
200072668,0,0,0,0,0,1,1,0,1,1,1,0,0,1,0,0,1,1,1,0,1,1,1,1,1,0
200072676,0,0,0,0,0,1,1,0,1,1,1,0,0,1,0,0,0,0,1,0,1,1,1,1,1,0
200072684,1,1,0,0,1,0,0,0,0,0,0,0,NA,0,1,1,0,0,1,0,0,1,0,0,1,0
200072692,1,0,0,0,0,0,1,NA,0,0,0,0,NA,0,0,0,0,0,1,0,0,0,0,1,1,0
200072700,1,0,0,0,0,1,1,0,0,0,0,0,0,0,0,0,1,1,1,0,1,1,0,0,1,0
200072718,1,0,0,0,0,1,1,NA,0,0,0,0,NA,0,1,1,0,1,0,0,0,1,0,0,1,0
200072726,0,0,0,0,0,1,1,0,1,1,0,0,1,1,0,0,0,1,0,0,1,1,1,1,1,0
200072734,1,1,1,0,1,0,0,NA,0,0,0,0,NA,0,1,1,0,0,0,0,0,1,0,0,1,0
200072825,1,1,1,0,1,0,0,NA,NA,0,NA,NA,NA,0,1,1,0,1,0,1,0,1,0,0,0,0
200072874,1,1,1,0,1,0,0,NA,0,0,0,0,NA,0,1,1,0,0,0,0,0,0,0,0,0,0
200072882,1,1,0,0,0,0,0,0,0,0,0,0,1,0,1,1,0,0,0,0,0,1,0,0,1,0
200072981,1,0,0,0,0,1,0,0,0,0,0,0,1,0,0,1,0,0,1,0,1,1,0,1,1,0
200072999,0,0,0,0,0,0,1,0,0,1,0,0,1,1,0,0,0,1,1,1,1,0,1,1,1,0
200073013,1,1,1,0,1,0,0,NA,0,0,0,0,NA,0,1,1,0,0,0,0,0,0,0,0,0,0
200073096,1,1,1,0,1,0,0,0,0,0,0,0,0,0,1,1,1,1,0,1,1,1,0,1,0,0
200073104,0,0,1,1,0,1,1,NA,1,1,1,1,1,1,0,0,1,1,1,1,0,0,1,1,0,1
200073112,1,0,0,0,0,1,1,0,1,1,1,0,0,1,0,0,1,0,1,0,1,1,0,1,1,0
200073120,0,0,1,1,0,1,1,NA,NA,1,1,1,NA,1,0,0,1,1,1,1,1,0,1,1,0,1
200073138,0,0,0,1,0,1,1,NA,NA,NA,NA,1,1,1,0,0,1,1,1,1,1,0,1,1,1,1
200073146,0,0,0,1,0,1,1,NA,1,1,1,1,1,1,0,0,1,0,1,0,1,0,1,1,1,0
200073161,1,1,1,0,1,0,0,0,0,0,0,0,NA,0,1,1,0,0,0,0,0,0,0,0,0,0
200073237,1,1,1,0,1,0,0,NA,0,0,0,0,NA,0,1,1,0,0,0,0,0,1,0,0,0,0
200073245,0,0,0,1,0,1,1,1,1,1,1,1,0,1,0,0,1,1,1,1,1,0,1,1,0,1
200073252,0,0,0,1,0,1,1,NA,1,1,1,1,1,1,0,0,1,1,1,0,1,0,1,1,1,1
200073260,1,0,0,0,0,1,0,0,0,0,0,0,0,0,0,0,1,1,1,0,0,1,0,0,1,0
200073344,1,1,1,1,1,0,0,0,0,0,0,0,0,0,1,1,0,0,0,1,0,0,0,0,0,0
200073393,0,0,0,0,0,1,1,NA,1,1,1,1,1,1,0,0,1,1,1,1,1,0,1,1,1,0
200073401,1,0,0,0,0,1,0,NA,0,0,1,0,NA,0,0,0,0,1,1,1,1,1,0,0,1,0
200073419,0,0,0,0,0,1,1,1,0,1,0,0,0,1,0,0,0,1,1,1,1,1,1,1,1,0
200073427,1,1,0,0,0,0,0,NA,0,0,0,0,0,0,1,1,0,1,0,1,0,1,0,0,0,0
200077014,1,1,1,1,1,0,1,0,0,0,0,0,0,0,1,1,0,0,0,1,0,1,0,1,0,0
200083392,1,1,1,0,1,0,1,0,0,0,0,0,0,0,1,1,0,0,0,0,1,1,0,1,0,0
200084952,0,0,1,1,1,0,1,1,1,1,1,1,0,1,1,1,1,0,1,0,1,1,1,1,0,0
200085728,0,0,0,0,0,1,1,1,1,1,0,1,1,1,0,0,1,1,1,1,1,1,1,1,1,0
200085751,1,1,1,1,1,1,1,0,1,1,0,0,0,0,1,1,1,0,0,0,1,1,0,1,1,1
200089456,0,1,1,1,1,0,1,0,1,1,1,0,0,1,1,1,1,0,0,0,1,1,1,1,0,0
200090504,1,1,1,1,1,0,0,0,0,0,0,0,0,0,1,1,1,0,0,0,0,1,0,0,0,0
200090561,0,0,0,1,0,1,1,1,1,1,1,1,0,1,0,0,1,0,1,0,1,1,1,1,1,0
200090579,1,1,0,0,1,1,0,NA,0,0,0,0,1,0,0,0,1,1,1,0,0,1,0,0,1,0
200090751,0,0,0,1,0,1,1,1,1,1,1,1,0,1,0,0,1,0,0,0,1,1,1,1,1,0
200093201,0,0,1,1,1,0,1,1,1,1,1,1,0,1,1,1,1,0,0,1,1,1,1,1,0,0
240100610,1,1,1,0,1,0,0,NA,0,0,0,0,NA,0,1,1,0,0,0,0,0,1,0,0,0,0
240100750,0,1,1,1,1,1,0,0,0,0,1,1,0,0,1,1,1,0,0,0,0,0,0,0,0,1
240100800,1,1,1,1,1,0,0,NA,0,0,0,0,NA,0,1,1,0,0,0,1,0,0,0,0,0,0
240100883,1,1,1,0,1,0,0,0,0,0,0,0,0,0,1,1,0,0,0,0,0,1,0,0,0,0
240100891,0,1,1,1,0,0,0,0,0,1,1,1,NA,1,1,1,1,0,0,0,0,0,0,0,1,1
240200444,0,0,0,1,0,1,1,1,1,1,1,1,1,1,0,0,1,1,1,1,1,1,1,1,1,0
240200469,0,0,0,0,0,1,1,1,1,1,1,0,NA,1,0,0,1,1,0,1,1,1,1,1,1,0
240200477,0,0,0,1,0,0,1,1,1,1,1,1,0,1,0,0,1,0,1,0,1,1,1,1,1,0
240200493,0,0,0,1,0,1,1,1,1,1,1,1,0,1,0,0,1,1,0,0,1,1,1,1,1,0
240200501,1,0,0,0,0,0,0,0,0,0,0,0,NA,0,1,1,1,0,0,0,1,1,1,1,1,0
240200519,1,1,0,0,0,0,0,NA,NA,NA,NA,NA,NA,0,1,1,1,1,0,0,0,1,0,0,1,0
240200576,1,0,0,0,0,0,0,0,0,0,0,0,NA,0,1,1,1,1,0,0,1,1,1,1,1,0
240200584,1,1,1,1,1,1,0,NA,0,0,0,0,NA,0,1,1,1,1,0,1,1,1,0,0,0,1
240200592,0,0,0,0,0,1,1,NA,NA,1,NA,NA,NA,1,1,1,1,0,0,0,1,1,1,1,1,0
240200600,0,0,0,1,0,1,1,1,1,1,1,1,1,1,0,0,1,0,1,0,1,1,1,1,1,0
240200634,0,0,0,1,0,1,1,NA,1,1,1,1,NA,1,0,0,1,1,1,1,1,1,1,1,1,0
240300491,0,0,0,0,0,1,1,NA,1,1,1,1,NA,1,0,0,0,1,1,1,1,1,1,1,1,0
240300558,0,0,0,1,0,1,1,NA,1,1,1,1,NA,1,0,0,1,1,1,1,1,0,1,1,1,0
240300566,1,0,0,0,0,1,1,NA,NA,NA,NA,NA,NA,0,0,0,0,1,1,0,1,1,1,0,1,0
240300657,0,0,0,0,0,1,1,NA,1,0,1,NA,NA,1,0,0,0,1,1,0,1,1,1,1,1,0
240400440,0,0,1,1,0,1,1,NA,1,1,1,1,NA,1,0,0,1,1,1,1,1,0,1,1,0,1
240500439,0,0,1,1,1,1,0,NA,1,1,0,0,NA,1,0,0,1,1,1,1,0,0,1,1,0,0
240500462,0,0,0,1,0,1,0,NA,NA,1,NA,NA,NA,1,0,0,1,1,1,1,0,0,0,0,1,1
240600551,0,1,1,1,1,1,0,0,1,1,1,1,1,1,1,1,1,0,0,1,0,0,0,0,0,1
240600585,0,1,1,1,1,1,0,0,0,0,0,1,0,0,1,1,1,1,0,1,0,0,0,0,0,1
240600593,1,1,1,1,1,1,0,NA,0,0,0,0,0,0,1,1,1,1,0,1,0,0,0,0,0,1
240700302,0,0,0,1,0,1,1,NA,1,1,1,1,NA,1,0,0,1,1,1,1,1,0,1,1,1,1
240700617,0,0,0,1,0,1,1,NA,NA,1,1,NA,NA,1,0,0,1,1,1,1,1,1,1,1,1,1
240700716,1,0,0,0,0,1,1,NA,NA,NA,NA,NA,NA,0,0,0,1,0,1,0,0,1,0,0,1,0
240700815,0,0,0,0,0,1,1,NA,NA,1,NA,NA,NA,1,0,0,1,0,1,1,1,1,1,1,1,1
240700864,0,0,1,1,0,1,1,NA,1,1,1,1,1,1,0,0,1,0,1,1,1,1,1,1,0,1
240800821,0,0,0,1,0,1,1,1,1,1,1,1,1,1,0,0,1,0,1,1,1,1,1,1,1,0
240800847,0,0,0,1,0,1,1,1,1,1,1,1,1,1,0,0,1,0,0,1,1,1,1,1,1,0
240800862,0,0,0,1,0,1,1,0,0,1,1,1,1,1,0,0,0,1,0,1,1,1,1,1,1,0
240800920,0,0,0,1,0,1,1,1,1,1,1,1,1,1,0,0,0,1,1,1,1,1,1,1,1,0
240900431,0,0,0,1,0,1,1,NA,NA,1,1,1,NA,1,0,0,1,0,1,0,1,0,1,1,1,0
240900464,0,0,0,1,0,1,1,1,1,1,1,1,1,1,0,0,1,0,1,0,1,0,1,1,1,0
241000223,1,1,1,0,1,0,0,NA,NA,NA,NA,NA,NA,0,1,0,0,1,0,1,0,1,0,0,0,0
241000405,0,0,1,1,0,0,1,NA,1,1,0,1,NA,1,0,0,0,1,1,1,1,0,1,1,0,0
241000447,0,0,0,1,0,1,1,NA,1,0,1,NA,NA,1,0,0,1,1,1,0,1,1,1,1,1,0
241000488,1,1,1,0,1,0,0,NA,0,NA,NA,NA,NA,0,1,0,1,1,1,1,0,1,0,0,1,0
241100593,0,0,0,1,0,1,1,1,1,1,1,1,1,1,0,0,1,1,1,1,1,1,1,1,1,0
241200187,1,1,1,1,1,0,1,1,0,0,0,0,0,0,0,0,0,1,1,1,1,0,1,1,0,0
241200542,0,0,0,1,0,1,1,NA,NA,1,1,NA,NA,1,0,0,0,1,1,1,1,0,1,0,1,0
241200567,0,0,0,1,0,0,1,1,1,1,0,1,0,1,0,0,1,1,1,1,1,1,1,1,1,0
241200625,1,0,0,0,0,1,0,NA,NA,NA,NA,NA,NA,0,0,0,0,1,1,1,0,1,0,0,1,0
241200641,1,1,1,1,0,1,0,NA,0,0,0,0,1,0,0,0,0,1,1,1,0,0,0,0,0,0
241200658,1,1,0,0,1,1,0,NA,NA,NA,NA,NA,NA,0,1,0,0,1,0,1,0,0,0,0,1,0
241200674,1,0,0,0,0,1,0,NA,NA,NA,NA,NA,NA,0,0,0,0,1,1,1,0,1,0,0,1,0
241200765,0,0,0,1,0,1,0,NA,NA,NA,1,NA,NA,1,0,0,0,1,1,1,0,0,0,0,1,0
241200807,0,0,0,1,0,1,1,NA,NA,1,NA,NA,NA,1,0,0,0,1,1,1,1,0,1,1,1,1
241200906,0,0,0,1,0,1,1,NA,NA,1,1,NA,NA,1,0,0,1,1,1,1,1,1,1,1,1,0
241200914,0,0,0,1,0,1,1,NA,NA,NA,NA,NA,NA,1,0,0,1,1,1,1,1,0,1,1,1,0
241300375,0,1,1,1,1,1,0,0,0,0,1,1,1,1,0,0,1,1,1,1,0,0,0,0,0,0
241300417,0,0,0,1,0,1,1,1,1,1,1,1,1,1,0,0,1,1,1,1,1,1,1,1,0,1
241400415,0,1,1,1,1,1,0,NA,1,1,1,1,0,1,0,0,1,1,1,1,0,0,0,0,0,0
241400514,1,0,0,0,0,1,0,0,0,0,1,0,0,0,0,0,1,0,1,0,1,1,1,1,1,0
241400555,1,1,1,1,1,0,0,0,0,0,0,0,0,0,0,0,0,1,1,1,1,0,1,1,0,0
241400860,1,1,1,1,1,0,0,NA,0,0,0,0,NA,0,0,0,0,1,1,1,0,0,0,0,0,0
241400878,1,1,1,1,1,1,0,NA,0,0,0,0,NA,0,1,0,1,1,1,1,0,0,0,0,0,0
241500230,1,1,1,0,1,0,0,0,0,0,0,0,0,0,0,0,0,1,1,1,1,0,1,1,0,0
241500255,0,0,0,0,0,1,0,NA,NA,1,1,1,NA,1,0,0,0,1,1,1,0,0,1,0,1,0
241500271,0,0,0,0,0,1,0,NA,NA,NA,NA,NA,NA,1,0,0,0,1,1,1,1,0,1,1,1,0
241501055,0,0,0,0,0,1,0,NA,NA,1,1,1,NA,1,0,0,0,1,1,1,1,0,1,1,1,0
241501089,1,0,0,1,0,1,0,NA,NA,NA,NA,NA,NA,0,0,0,0,1,1,1,0,0,1,0,1,0
241501139,0,0,0,0,0,1,1,NA,NA,NA,1,1,1,1,0,0,0,1,1,1,1,0,1,0,1,0
241600303,0,0,0,1,0,1,1,NA,1,0,0,0,NA,1,0,0,1,1,1,1,1,1,1,1,1,0
241700434,1,1,1,1,1,0,0,1,0,0,0,0,0,0,0,0,1,1,1,1,0,0,1,1,0,0
241700459,1,1,1,1,1,0,0,NA,1,0,1,0,NA,0,0,0,1,1,1,1,0,0,0,0,0,0
241700517,1,0,0,0,0,1,0,NA,0,0,0,0,1,0,0,0,1,1,1,1,1,1,1,0,1,0
241700624,0,1,1,1,1,1,0,NA,1,1,1,0,0,1,0,0,1,1,1,1,0,0,0,0,0,0
241700632,1,0,0,0,0,1,0,NA,0,0,0,0,1,0,0,0,1,1,1,1,1,1,1,1,1,0
241700640,1,1,1,1,1,1,0,0,1,1,1,0,0,0,0,0,1,1,1,1,0,0,0,0,0,0
241700699,0,0,0,0,0,1,0,NA,0,1,1,0,1,1,0,0,1,1,1,1,1,0,1,1,1,0
241800374,1,1,0,0,0,0,0,NA,0,0,NA,NA,NA,0,1,1,0,1,0,0,1,1,1,1,1,0
241800424,1,0,0,0,0,1,1,NA,NA,0,NA,NA,NA,0,0,0,0,0,1,1,1,1,1,1,1,0
241800432,0,0,0,1,0,1,1,NA,NA,1,NA,NA,NA,1,0,0,0,0,1,1,1,0,1,1,1,0
241800457,1,0,0,0,0,1,1,NA,0,0,0,0,NA,0,0,0,0,0,1,0,1,1,1,1,1,0
241800507,0,1,1,1,1,0,1,1,1,1,0,0,0,1,0,0,0,0,1,0,1,0,1,1,0,0
241900133,0,0,0,0,0,1,1,NA,1,1,1,1,NA,1,0,0,0,0,1,0,0,0,1,1,1,0
241927201,1,1,0,0,1,0,1,1,0,0,0,0,0,0,0,0,0,0,1,0,0,0,1,1,1,0
241927243,0,0,0,0,0,1,1,NA,0,0,1,1,1,1,0,0,0,1,1,0,0,0,0,0,1,0
242000354,0,0,1,1,0,1,1,1,1,1,1,1,1,1,0,0,0,1,1,1,1,0,1,1,0,1
242000495,0,0,1,1,0,1,1,NA,NA,1,1,1,NA,1,0,0,1,1,1,1,0,0,1,0,0,1
242000503,1,1,1,1,1,1,0,NA,NA,NA,NA,NA,NA,0,1,1,0,1,1,1,0,0,1,0,0,1
242010056,0,1,1,1,1,1,0,0,1,0,1,1,1,1,1,1,0,1,0,1,1,0,1,1,0,0
242010130,0,0,1,1,0,1,1,NA,1,1,1,1,1,1,0,0,1,1,1,1,1,0,1,1,0,1
242020071,0,0,1,1,0,1,1,NA,NA,1,1,1,NA,1,0,0,0,1,0,1,1,0,1,1,0,0
242020105,0,0,1,1,0,1,1,NA,1,1,1,1,1,1,0,0,1,1,1,1,1,0,1,1,0,1
242100154,1,1,1,0,1,0,0,NA,NA,0,0,NA,NA,0,1,1,0,1,0,0,0,1,0,0,0,0
242100410,0,1,1,1,1,0,1,1,1,1,0,0,0,1,1,1,0,0,1,0,1,0,1,1,0,0
242101434,0,0,0,1,0,1,1,NA,1,1,1,0,0,1,0,0,0,1,1,1,1,0,1,1,1,0
242101442,0,0,0,1,0,1,1,NA,NA,NA,NA,NA,NA,1,0,0,0,1,1,1,1,0,1,1,1,0
242101459,1,0,0,0,0,0,1,NA,NA,1,NA,NA,NA,0,0,0,0,1,1,1,1,1,1,1,1,0
242101491,1,0,0,0,0,0,1,NA,0,0,0,0,NA,0,0,0,0,1,1,0,1,0,1,1,1,0
242101509,1,0,0,0,0,1,0,NA,0,0,0,0,1,0,0,1,1,0,1,0,0,1,0,0,1,0
242200715,0,0,0,1,0,1,1,NA,1,1,1,1,1,1,0,0,1,1,1,0,1,1,1,1,1,0
242300135,0,0,0,1,0,1,1,NA,1,1,1,1,1,1,0,0,1,1,1,1,1,0,1,1,1,0
242320000,0,0,0,1,0,1,1,NA,NA,1,1,NA,1,1,0,0,0,1,1,0,1,0,1,1,1,0
242320109,0,0,0,1,0,1,1,NA,NA,1,1,1,1,1,0,0,0,1,1,0,0,0,1,0,1,0
242400752,0,0,0,1,0,1,1,NA,1,1,1,1,1,1,0,0,0,1,1,1,0,0,1,1,1,0
242400935,0,0,0,1,0,1,1,NA,1,1,1,1,NA,1,0,0,1,1,1,0,1,1,1,1,1,0
242401024,0,0,0,1,0,1,1,NA,1,1,1,1,1,1,0,0,0,1,1,0,0,0,1,0,1,0
242500320,1,1,1,1,1,0,NA,NA,NA,NA,NA,NA,NA,0,1,1,0,1,0,0,0,0,0,0,0,1
242500338,1,1,1,1,1,0,0,0,0,0,0,0,NA,0,1,1,1,0,0,0,0,0,0,0,0,1
242500361,0,1,1,1,1,0,1,1,1,1,0,0,0,1,1,1,0,1,0,0,1,1,1,1,0,0
242504116,1,1,1,1,1,0,0,NA,0,0,NA,NA,NA,0,1,1,1,0,0,0,0,0,0,0,0,1
242504181,1,1,1,0,1,0,0,NA,0,0,0,0,0,0,1,1,0,1,0,0,0,1,0,0,0,1
242504355,1,1,1,1,1,NA,NA,NA,NA,NA,NA,NA,NA,0,1,1,1,0,0,0,0,0,0,0,0,1
242504371,1,1,1,0,0,1,NA,NA,NA,NA,NA,NA,NA,0,1,0,1,1,0,0,0,1,0,0,1,0
242504447,1,1,0,0,1,0,0,NA,0,0,0,0,NA,0,1,1,0,1,0,1,1,1,0,0,1,0
242504488,1,1,1,0,1,0,NA,NA,NA,NA,NA,NA,NA,0,1,1,1,1,0,0,0,1,0,0,0,1
242504496,1,1,1,1,1,NA,NA,NA,NA,NA,NA,NA,NA,0,1,1,1,1,0,0,0,0,0,0,0,1
242600252,1,1,1,0,0,1,0,0,0,0,0,0,0,0,1,0,1,1,0,1,0,1,0,0,0,1
242600492,0,0,1,1,0,1,1,NA,1,1,1,1,NA,1,0,0,1,1,1,1,0,0,0,1,0,1
242600534,0,0,0,1,0,1,1,NA,1,1,1,1,NA,1,0,0,1,1,1,1,1,0,1,1,1,1
242700276,1,1,0,0,1,0,0,NA,0,0,0,0,NA,0,1,1,1,0,0,0,1,1,1,1,1,0
242700607,1,1,1,0,1,0,0,NA,0,0,0,0,NA,0,1,1,0,0,0,0,0,1,0,0,0,0
242852465,1,1,0,0,1,0,0,NA,0,0,NA,NA,NA,0,0,0,0,1,1,1,0,1,0,0,1,0
242900074,1,1,1,0,1,0,0,NA,0,0,0,0,0,0,0,0,0,1,1,0,0,1,0,0,0,0
242900314,0,1,1,1,1,0,1,1,1,0,0,0,0,1,1,1,1,0,1,0,1,1,1,1,0,0
242900553,1,1,1,0,1,0,0,NA,0,0,0,0,0,0,1,1,0,1,1,0,0,1,0,0,0,0
242900561,0,0,0,0,0,1,1,NA,1,1,1,1,1,1,0,0,1,1,1,0,1,1,1,1,1,0
242900629,1,0,0,0,0,1,0,NA,NA,1,0,0,1,0,0,0,0,1,1,1,0,0,0,0,1,0
242900645,0,0,0,0,0,1,1,NA,1,1,1,0,0,1,0,0,1,1,1,0,1,0,1,1,1,0
242900660,1,1,1,1,1,0,0,NA,0,0,0,0,0,0,0,0,0,1,1,1,0,0,0,0,0,0
242900694,1,1,0,0,0,0,0,0,0,0,0,0,0,0,0,0,1,1,1,0,0,1,0,0,1,0
242900702,1,1,1,0,1,0,0,NA,0,0,0,0,0,0,0,0,0,1,1,1,0,0,0,0,0,0
242900710,1,1,0,0,0,0,0,NA,0,0,0,0,0,0,0,0,1,1,1,0,0,1,0,0,1,0
242900744,0,0,0,0,0,1,1,NA,0,1,1,1,1,1,0,0,0,1,1,0,1,1,1,1,1,0
242900751,1,0,0,0,0,1,0,0,0,0,0,0,1,0,1,1,1,1,0,0,1,1,1,1,1,0
242900769,1,1,1,0,1,0,0,0,0,0,0,0,0,0,0,0,1,0,1,1,0,0,0,0,0,0
242900793,1,1,0,0,0,0,0,NA,0,0,0,0,0,0,0,0,1,1,1,0,0,1,0,0,1,0
242900801,1,1,1,0,1,0,0,0,0,0,0,0,0,0,1,1,0,1,0,0,0,1,0,0,0,0
242900835,1,1,0,0,0,1,1,0,0,0,0,0,0,0,0,0,1,1,1,1,1,0,1,1,0,0
243000270,0,0,0,1,0,1,1,NA,1,1,1,1,NA,1,0,0,1,1,1,0,1,1,1,1,1,1
243000296,0,1,1,1,1,1,1,1,1,0,1,1,1,1,1,1,1,0,0,1,1,1,1,1,0,1
243000569,1,1,1,1,1,0,0,NA,0,0,0,0,0,0,1,1,1,1,0,0,0,1,0,0,0,0
243000585,0,0,0,1,0,1,1,1,1,1,1,1,1,1,0,0,1,1,0,0,1,1,1,1,1,1
243000593,0,0,0,1,0,1,1,0,1,1,1,1,1,1,1,1,1,0,0,0,1,1,1,1,1,1
243000643,0,0,1,1,0,1,1,1,1,1,1,1,1,1,0,0,1,1,1,1,1,1,1,1,0,1
243000650,0,0,1,1,1,1,0,NA,1,1,1,1,0,1,0,0,1,1,1,1,0,0,1,1,0,0
243000684,0,0,1,1,0,1,1,0,0,0,1,1,1,1,1,1,1,1,0,1,1,1,1,1,0,1
243100518,0,1,1,1,1,0,1,1,1,1,1,1,0,1,1,1,1,1,0,1,1,0,1,1,0,0
243100567,0,0,0,1,0,1,1,NA,1,1,1,1,1,1,0,0,1,1,1,1,1,0,1,1,1,0
243100633,1,1,1,1,1,0,0,1,0,0,0,0,0,0,1,1,0,1,0,1,0,0,0,0,0,0
243100732,1,1,1,1,1,0,0,NA,0,0,0,0,NA,0,1,1,0,1,0,1,0,0,0,0,0,0
243100773,1,1,0,0,0,0,0,NA,0,0,0,0,NA,0,1,1,1,0,0,0,1,1,0,1,1,1
243100781,1,1,1,1,1,0,0,0,0,0,0,0,0,0,1,1,0,0,0,0,0,0,0,0,0,0
243100815,1,1,1,1,1,0,0,NA,0,0,0,NA,NA,0,1,1,0,1,0,1,0,0,0,0,0,0
243200391,0,0,0,1,0,1,1,NA,1,1,1,1,1,1,0,0,1,1,1,1,1,0,1,1,1,0
243200409,0,0,0,1,0,1,1,NA,NA,1,1,1,1,1,0,0,0,1,1,1,1,0,1,1,1,0
243200417,0,0,0,1,0,1,1,NA,1,1,1,1,1,1,0,0,1,1,1,1,1,0,1,1,1,0
243200425,0,0,0,1,0,1,1,NA,NA,1,1,1,1,1,0,0,0,1,1,1,1,0,1,1,1,0
243200458,0,0,0,1,0,1,1,NA,1,1,1,1,1,1,0,0,1,1,1,1,1,0,1,1,1,0
243200508,0,0,0,1,0,1,1,NA,NA,1,1,1,1,1,0,0,0,1,1,1,1,0,1,1,1,0
243200599,1,1,1,0,0,1,0,NA,NA,0,0,NA,NA,0,0,0,0,1,1,1,0,0,0,0,1,0
243200607,0,0,0,1,0,1,1,NA,NA,1,1,1,1,1,0,0,0,1,1,1,1,0,1,1,1,0
243300316,0,1,1,1,1,0,0,1,1,1,0,0,0,1,1,1,1,1,0,1,1,0,1,1,0,0
243300563,1,1,1,1,1,0,0,0,0,0,0,0,0,0,0,0,1,1,1,1,0,0,0,0,0,0
243300811,0,0,0,1,0,1,1,1,1,1,1,1,1,1,0,0,1,1,1,0,1,1,1,1,1,0
243301165,1,1,1,0,1,0,0,NA,0,0,0,0,NA,0,1,1,0,0,1,0,0,0,0,0,0,0
243301181,0,0,0,0,0,1,0,NA,0,0,0,1,1,0,1,1,1,0,0,0,1,1,1,1,1,1
243301215,1,1,1,0,1,0,0,NA,0,0,0,NA,NA,0,1,1,1,0,0,0,0,1,0,0,0,0
243301223,1,1,0,0,0,0,0,0,0,0,0,0,1,0,1,1,1,0,0,0,1,1,1,1,1,0
243301249,1,1,1,0,1,0,0,NA,0,0,0,0,NA,0,1,1,1,0,0,1,0,0,0,0,0,0
243301264,1,1,1,0,1,0,0,NA,0,0,0,0,0,0,1,1,0,0,0,0,0,0,0,0,0,0
243301355,1,1,1,1,1,0,0,NA,0,0,0,NA,NA,0,1,1,1,0,0,1,0,0,0,0,0,0
243301371,0,0,0,1,0,1,1,1,1,1,1,1,1,1,0,0,1,1,1,1,1,1,1,1,1,0
243301389,1,1,0,0,1,0,0,NA,0,0,0,0,NA,0,1,1,1,0,0,0,0,1,0,0,1,0
243301397,1,1,1,0,1,0,0,NA,0,0,0,0,NA,0,1,1,1,1,0,0,0,1,0,0,0,0
243301405,1,1,1,0,1,0,0,NA,0,0,0,0,NA,0,1,1,1,0,0,0,0,1,0,0,0,0
243301439,1,1,1,1,1,0,0,NA,0,0,0,0,NA,0,1,1,1,1,0,1,0,0,0,0,0,0
243301447,1,1,1,0,1,0,0,NA,0,0,0,0,NA,0,1,1,1,0,0,0,0,1,0,0,0,0
243301454,0,0,0,1,0,1,1,NA,1,1,1,1,1,1,0,0,1,1,1,1,1,1,1,1,1,0
243301504,1,1,1,0,1,0,0,0,0,0,0,0,0,0,0,0,1,1,1,1,0,0,0,0,0,0
243400017,0,0,1,1,1,0,1,1,1,1,1,1,0,1,1,1,1,1,0,1,1,1,1,1,0,1
243400355,0,0,0,1,0,1,1,1,1,1,1,1,1,1,0,0,1,1,1,1,1,1,1,1,1,1
243400470,1,1,1,1,1,0,0,1,0,0,1,0,0,0,0,0,1,1,1,1,0,0,1,0,0,0
243400488,0,0,0,1,0,1,1,1,1,1,1,1,1,1,0,0,1,1,1,1,1,1,1,1,1,0
243400520,0,0,0,1,0,1,1,1,1,1,1,1,1,1,1,1,1,0,0,0,1,1,1,1,1,1
243400694,0,0,0,1,0,1,1,1,1,1,1,1,1,1,1,1,1,1,0,0,1,1,1,1,1,1
243400736,0,0,0,1,0,1,1,1,1,1,1,1,1,1,0,0,1,1,1,1,1,1,1,1,1,1
243400769,0,0,0,1,0,1,1,1,1,1,1,1,1,1,0,0,1,1,1,1,1,1,1,1,1,1
243400819,0,0,0,1,0,1,1,1,1,1,1,1,1,1,0,0,1,1,1,1,1,1,1,1,0,1
243500139,0,1,1,1,1,0,1,1,1,0,0,0,0,1,1,1,1,0,0,1,1,0,1,1,0,0
243500550,1,1,0,0,1,0,0,NA,0,0,0,NA,NA,0,1,1,0,0,0,0,0,1,0,0,1,0
243500618,1,1,0,0,1,0,0,NA,0,0,0,NA,NA,0,1,1,1,0,0,0,0,1,0,0,1,0
243500634,1,1,0,0,0,0,0,NA,0,0,0,0,0,0,1,1,0,1,0,0,1,1,0,0,1,0
243500659,1,1,1,0,1,0,0,NA,0,0,0,NA,NA,0,1,1,0,0,0,0,0,1,0,0,0,0
243500667,1,1,1,0,1,0,0,0,0,0,0,0,NA,0,1,1,0,0,0,0,0,1,0,0,0,0
243500725,1,1,1,1,1,0,0,NA,0,0,0,0,0,0,0,0,0,1,1,1,0,0,0,0,0,0
243500733,1,1,0,0,0,0,0,NA,0,0,0,0,1,0,1,1,1,0,0,0,1,1,0,0,1,0
243500741,1,0,0,0,0,1,1,0,0,0,0,0,1,0,0,0,1,0,1,0,1,1,1,1,1,0
243500774,1,1,1,0,1,0,0,NA,0,0,0,NA,NA,0,1,1,0,0,0,0,0,1,0,0,0,0
243500782,1,1,1,1,1,0,0,0,0,0,0,0,0,0,0,0,1,1,1,1,0,0,1,1,0,0
243600202,1,0,0,0,0,1,1,NA,NA,NA,NA,NA,NA,1,0,0,0,1,1,0,1,0,1,1,1,0
243600236,1,0,0,0,0,0,1,1,0,1,0,0,0,0,0,0,0,0,1,0,1,0,1,1,1,0
243600293,1,0,0,0,0,1,0,NA,NA,NA,NA,NA,NA,0,0,0,0,0,1,1,0,1,0,0,1,0
243600301,1,0,0,0,0,0,1,NA,0,0,0,0,NA,0,0,0,0,0,1,0,1,0,1,1,1,0
243600319,0,0,0,0,0,1,1,NA,1,1,1,1,1,1,0,0,0,1,1,0,1,0,1,1,1,0
243600327,0,0,0,1,1,0,1,1,1,1,1,0,0,1,0,0,0,0,1,0,1,1,1,1,0,0
243600343,0,0,0,0,0,1,0,NA,NA,NA,NA,NA,NA,1,0,0,0,1,1,0,1,0,1,1,1,0
243600350,0,0,0,0,0,1,1,NA,1,1,1,1,1,1,0,0,1,1,1,1,1,0,1,1,1,0
243700499,1,1,0,0,0,0,0,NA,0,0,0,0,NA,0,1,1,1,0,0,0,1,1,1,1,1,0
243700754,0,1,1,1,1,0,1,1,1,1,1,1,0,1,1,1,1,0,1,0,1,0,1,1,0,0
243700820,1,1,1,0,1,0,0,NA,0,0,0,0,NA,0,1,1,0,0,1,0,0,0,0,0,0,0
243800604,0,1,1,1,1,0,1,0,1,1,0,0,0,1,1,1,1,0,0,0,1,1,1,1,0,1
243800745,1,1,1,1,1,1,0,NA,NA,0,0,NA,NA,0,1,0,1,1,0,1,0,0,0,0,0,0
243800935,1,1,1,0,1,0,1,NA,0,0,0,0,NA,0,1,1,1,0,0,0,1,1,0,0,0,1
243800984,1,1,1,1,1,0,0,0,0,0,0,0,0,0,1,1,0,0,0,1,0,0,0,0,0,0
243801024,1,1,1,1,1,0,0,NA,NA,0,0,NA,NA,0,1,1,1,1,0,1,0,0,0,0,0,0
243801073,1,1,1,0,1,0,0,NA,0,0,0,0,NA,0,1,1,1,0,0,0,0,1,0,0,1,0
243801255,1,1,1,0,1,0,0,NA,0,0,0,NA,NA,0,1,1,0,0,0,1,0,0,0,0,0,0
243900354,1,1,1,1,1,NA,0,NA,NA,NA,NA,NA,NA,0,1,1,1,0,0,0,0,0,0,0,0,1
243900420,1,0,0,0,0,0,0,NA,NA,0,NA,NA,NA,0,0,0,0,0,1,0,1,1,0,0,1,0
243900479,1,1,1,1,1,0,0,NA,NA,0,0,NA,NA,0,1,1,1,0,0,0,0,0,0,0,0,1
243900560,1,1,0,0,1,0,0,NA,0,0,0,NA,NA,0,1,1,0,0,0,0,1,1,0,0,1,0
243900610,1,1,1,1,1,NA,0,NA,NA,NA,NA,NA,NA,0,1,1,1,0,0,0,0,0,0,0,0,1
243901089,1,0,0,0,0,1,1,NA,1,0,0,NA,NA,0,0,0,0,0,1,0,1,1,0,0,1,0
244000543,1,0,0,0,0,1,0,NA,1,1,1,0,NA,0,0,0,1,0,1,1,0,0,1,1,1,0
244000659,1,1,1,0,1,0,0,NA,0,0,0,0,NA,0,1,1,1,0,1,0,0,0,0,0,0,0
244000675,0,0,1,1,0,0,0,1,1,1,0,0,0,1,0,0,1,1,1,0,1,0,1,1,0,0
244000691,0,0,0,0,0,0,0,NA,1,0,0,0,NA,0,0,0,1,0,1,1,1,0,1,1,1,0
244000766,1,0,0,0,0,1,0,NA,0,0,0,0,1,0,0,0,1,0,1,0,1,1,1,1,1,0
244000774,1,0,0,0,0,1,0,NA,NA,NA,NA,NA,NA,0,0,0,0,1,1,0,0,1,1,0,1,0
244000808,1,1,1,1,1,0,1,0,0,1,0,0,0,0,0,1,0,0,1,0,1,1,1,1,0,0
244000824,1,0,0,0,0,0,0,NA,NA,NA,NA,NA,NA,0,0,0,0,1,1,0,0,1,0,0,1,0
244000857,1,1,1,1,1,0,0,NA,0,0,0,0,NA,0,0,0,1,0,1,1,0,0,0,0,1,0
244000865,1,1,1,1,1,0,0,0,0,0,0,0,0,0,0,0,1,1,1,1,0,0,0,0,0,0
244000873,1,1,1,0,1,0,0,NA,0,0,0,0,0,0,0,0,1,0,1,1,0,0,0,0,0,0
244000881,0,0,0,0,0,1,1,NA,NA,0,NA,NA,NA,1,0,0,1,1,1,1,0,0,1,0,1,0
244100293,1,0,0,0,0,1,0,NA,NA,NA,NA,NA,NA,0,0,0,0,1,1,1,0,0,1,0,1,0
244100780,1,0,1,0,0,0,0,NA,NA,0,NA,NA,NA,0,0,0,1,0,1,1,0,0,0,0,1,0
244100798,1,1,1,0,1,0,0,NA,0,0,0,NA,NA,0,1,1,0,0,1,0,0,0,0,0,0,0
244100806,1,0,0,0,0,0,1,NA,1,1,0,0,NA,0,0,0,1,0,1,0,0,0,0,0,0,0
244200614,1,0,0,0,0,1,1,NA,NA,NA,NA,NA,NA,0,0,0,0,1,1,1,1,1,1,1,1,0
244200622,1,1,1,0,1,0,0,NA,0,0,0,NA,NA,0,1,1,0,1,0,1,0,1,0,0,0,0
244200630,1,0,0,0,0,1,0,NA,0,0,0,NA,NA,0,0,1,0,0,0,1,1,1,0,0,1,0
244200770,0,0,0,1,0,0,1,1,1,1,1,1,0,1,0,0,1,0,1,0,1,1,1,1,0,1
244200820,0,0,0,0,0,1,0,NA,NA,NA,NA,NA,NA,1,0,0,0,1,1,1,0,1,1,0,1,0
244200895,1,1,1,0,1,0,0,NA,0,0,0,NA,NA,0,1,1,0,0,0,1,0,0,0,0,0,0
244300307,1,0,0,0,0,0,0,NA,NA,0,NA,NA,NA,0,0,0,0,1,1,1,0,1,0,0,1,0
244301016,1,0,0,0,0,1,0,NA,0,0,0,0,1,0,0,0,1,1,1,1,1,1,1,1,1,0
244301099,0,0,0,0,0,1,1,NA,1,0,1,NA,NA,1,0,0,1,0,1,0,1,1,1,1,1,0
244301107,0,0,0,0,0,1,0,NA,NA,1,0,1,NA,1,0,0,0,1,1,1,0,0,1,1,1,0
244301123,0,0,0,0,0,1,0,NA,NA,NA,NA,NA,NA,1,0,0,0,1,1,1,1,1,1,0,1,0
244301131,1,1,0,0,1,0,0,NA,0,0,0,0,NA,0,1,1,0,0,0,0,0,1,0,0,1,0
244400404,1,1,1,1,1,0,0,1,0,0,0,0,0,0,1,1,1,0,0,0,1,0,1,1,0,0
244400438,1,1,1,0,1,0,0,0,0,0,0,0,0,0,1,1,0,0,0,0,0,1,0,0,1,0
244400453,1,1,0,0,0,0,0,NA,0,0,0,NA,NA,0,1,1,1,0,0,0,1,1,1,1,1,0
244400503,1,1,1,0,1,0,0,0,0,0,0,0,0,0,1,1,0,0,0,1,0,1,0,0,0,0
244400537,1,0,0,0,0,1,0,NA,0,0,0,0,NA,0,1,1,1,0,0,0,1,1,0,1,1,0
244400552,1,1,0,0,0,0,0,0,0,0,0,0,1,0,1,1,0,0,0,0,1,1,0,0,1,0
244400586,1,1,0,0,1,0,0,0,0,0,0,0,0,0,0,1,1,0,1,1,0,1,0,0,0,0
244400610,1,1,1,1,1,0,0,0,0,0,0,0,0,0,0,0,0,1,1,1,0,0,0,0,0,0
244400644,1,1,1,1,1,0,1,0,1,0,0,0,0,0,0,0,1,0,1,0,1,1,1,1,0,0
244500203,0,0,0,1,0,1,1,1,1,1,1,1,0,1,0,0,1,0,1,0,1,1,1,1,0,1
244500211,0,0,0,1,1,1,1,0,1,1,1,1,0,1,0,0,1,0,1,0,1,1,1,1,1,0
244500419,1,1,0,0,1,1,0,NA,0,0,0,0,NA,0,0,0,1,0,1,0,0,1,0,0,1,0
244500427,1,1,1,0,1,0,0,0,0,0,0,0,0,0,1,1,0,0,0,0,0,1,0,0,0,0
244500468,0,1,1,1,1,0,1,1,1,1,0,0,0,1,1,1,1,0,0,0,1,1,1,1,0,0
244500484,1,1,1,0,1,0,0,NA,NA,0,NA,NA,NA,0,1,1,0,0,0,0,0,1,0,0,0,0
244500542,1,1,1,0,1,0,0,NA,NA,NA,NA,NA,NA,0,1,1,1,1,0,1,0,1,0,0,1,0
244600433,0,0,1,1,0,1,1,NA,1,1,1,1,1,1,0,0,1,1,1,1,0,0,1,0,1,0
244600482,0,0,0,1,0,1,1,NA,1,1,1,1,1,1,0,0,1,1,1,1,0,0,1,1,1,0
244600532,0,0,0,1,0,1,1,NA,NA,1,1,1,NA,1,0,0,1,1,1,1,0,0,0,0,1,0
244600573,0,0,0,1,0,1,1,NA,NA,NA,NA,NA,NA,1,0,0,0,1,1,1,0,0,1,0,1,0
244700449,0,0,0,1,0,1,1,NA,NA,1,1,1,NA,1,0,0,1,1,1,1,1,0,1,1,1,0
244700464,0,0,0,1,0,1,1,NA,1,1,1,1,1,1,0,0,0,1,1,1,1,0,1,1,1,0
244701355,0,0,0,0,0,1,1,NA,1,0,1,1,1,1,0,0,1,1,1,1,0,0,1,1,1,0
244701405,0,0,0,1,0,1,1,NA,1,1,1,1,NA,1,0,0,1,1,1,1,1,1,1,1,1,1
244800405,1,1,1,0,1,0,0,0,0,0,0,0,NA,0,1,1,0,1,0,1,1,0,1,1,0,0
244800470,1,0,0,0,0,0,0,NA,NA,0,NA,NA,NA,0,0,0,0,1,1,1,1,0,1,1,1,0
244900015,0,1,1,1,1,0,1,1,1,1,0,0,0,1,1,1,1,0,0,0,1,1,1,1,0,0
244900809,1,0,0,0,0,1,1,0,0,0,0,0,0,0,0,0,1,1,0,0,1,1,1,1,1,0
244900882,1,0,0,0,0,1,0,0,0,0,0,0,1,0,0,0,1,1,1,0,1,1,0,1,1,0
245100615,1,1,1,1,1,0,0,NA,NA,NA,0,NA,NA,0,1,0,0,1,0,1,0,0,0,0,0,0
245100888,1,0,0,0,0,1,0,NA,0,0,NA,NA,NA,0,0,0,1,1,0,1,1,1,1,1,1,0
245100979,0,0,1,1,1,0,1,NA,NA,1,NA,NA,NA,1,0,0,1,1,0,1,1,1,0,1,0,0
245200597,1,0,0,0,0,1,0,NA,NA,NA,NA,NA,NA,0,0,0,0,1,1,1,0,0,0,0,1,0
245300223,1,0,0,0,0,1,0,NA,0,0,0,NA,NA,0,1,1,0,1,0,0,1,1,0,0,1,0
245300355,1,0,0,0,0,1,0,NA,0,0,0,0,1,0,0,0,0,1,0,1,1,1,0,0,1,0
245300389,0,0,0,0,0,1,1,NA,0,1,1,1,1,1,0,0,0,1,1,1,1,1,0,0,1,0
245300447,1,0,0,0,0,0,0,0,0,0,0,0,0,0,1,1,0,1,0,0,1,1,0,1,1,0
245400171,1,1,1,0,1,0,0,NA,0,0,0,0,NA,0,1,1,0,0,1,0,0,0,0,0,0,0
245400189,1,1,0,0,1,0,1,0,0,0,0,0,NA,0,1,1,0,0,1,0,1,1,1,1,0,0
245400262,0,1,1,1,0,1,1,1,1,1,1,1,1,1,0,0,0,0,0,1,0,0,1,1,1,1
245400510,1,0,0,0,0,1,0,NA,0,0,0,NA,NA,0,1,1,0,0,0,0,1,1,0,0,1,0
245400601,1,1,1,0,1,0,1,0,1,0,0,0,0,0,1,1,0,0,1,0,0,0,0,1,0,0
245400676,0,1,1,1,1,0,1,1,1,1,1,1,0,1,1,1,0,1,0,1,1,0,1,1,0,0
245400759,1,1,0,0,0,0,0,NA,NA,NA,NA,NA,NA,0,0,0,0,0,0,1,0,1,0,0,1,0
245500327,0,0,0,1,0,1,1,NA,1,1,1,1,NA,1,0,0,0,1,1,0,1,1,1,1,1,0
245501176,1,0,0,0,0,1,0,NA,NA,NA,NA,NA,NA,1,0,0,1,1,1,1,0,1,0,0,1,0
245501184,1,0,0,0,0,1,1,NA,NA,1,NA,NA,NA,0,0,0,0,1,1,0,1,1,1,1,1,0
245501242,0,0,0,0,0,1,1,NA,NA,0,1,NA,NA,1,0,0,0,1,0,1,1,1,1,1,1,0
245501259,0,1,1,1,0,1,1,NA,1,0,NA,NA,NA,1,0,0,0,0,0,1,0,0,1,0,1,1
245600440,1,1,1,0,1,0,0,NA,0,0,0,NA,NA,0,0,0,1,1,1,0,0,0,0,0,0,0
245600465,1,1,1,1,1,1,0,NA,NA,NA,NA,NA,NA,0,0,0,1,1,1,1,0,0,0,0,0,0
245614383,1,0,0,0,0,1,0,NA,0,0,0,0,0,0,0,0,1,1,1,0,1,1,0,0,1,0
245614417,0,0,0,0,0,1,1,1,1,1,1,1,1,1,0,0,1,1,1,1,1,1,1,1,1,0
245614433,1,0,0,0,0,0,1,0,0,0,0,0,0,0,0,0,0,1,1,0,1,1,1,1,1,0
245700133,1,1,0,0,1,1,0,0,0,1,0,0,0,0,0,1,1,0,1,0,0,1,0,0,1,0
245700372,0,0,1,1,0,1,1,1,1,1,1,1,1,1,0,0,1,0,1,0,1,1,1,1,1,1
245700398,0,0,0,1,0,1,1,1,1,1,1,1,1,1,0,0,1,0,1,0,1,1,1,1,1,1
245700695,1,1,1,1,0,1,0,NA,0,0,0,0,NA,0,0,0,0,0,0,1,0,0,0,0,1,0
245700950,1,1,0,0,1,0,0,NA,0,0,0,0,NA,0,1,1,0,0,0,0,0,0,0,0,1,0
245701164,0,0,0,1,0,1,1,1,1,1,1,1,0,1,0,0,1,0,1,0,1,1,1,1,1,0
245701206,1,0,0,0,0,1,1,1,0,0,0,0,0,1,0,0,0,1,0,0,1,1,1,1,1,0
245701222,0,0,1,1,0,1,1,1,1,1,1,1,1,1,0,0,1,0,0,1,1,0,1,1,1,1
245701271,0,0,0,1,0,1,1,1,1,1,0,0,0,1,0,0,1,0,0,1,1,0,1,1,1,0
245701354,1,1,1,1,0,0,0,0,0,0,0,0,NA,0,0,0,0,0,0,1,0,0,0,0,1,0
245701362,0,1,1,1,0,0,1,0,1,1,1,0,0,1,0,0,0,0,0,1,0,0,0,1,1,0
245701404,0,1,1,1,0,1,1,1,1,1,1,1,1,1,0,0,0,0,0,1,0,0,0,0,1,1
245801063,1,1,1,0,1,0,NA,NA,NA,NA,NA,NA,NA,0,1,1,0,0,1,0,0,0,0,0,0,0
245804406,0,0,0,1,0,0,1,1,1,1,1,1,0,1,0,0,0,0,1,0,1,1,1,1,0,0
245804497,0,0,0,0,0,1,1,NA,1,NA,NA,NA,NA,1,0,0,0,0,1,0,1,1,1,1,1,0
245900428,0,0,0,1,0,0,1,1,1,1,1,1,0,1,0,1,1,0,1,0,1,1,1,1,1,0
245900758,1,1,1,0,1,0,1,0,0,0,0,0,0,0,1,1,1,0,0,0,1,1,0,0,0,0
245901038,0,0,0,1,0,1,1,NA,1,1,1,1,1,1,1,1,1,1,0,0,1,1,1,1,1,0
245901152,0,0,0,1,0,1,1,1,1,1,1,1,1,1,0,1,1,0,0,0,1,1,1,1,1,0
245901160,0,0,0,1,0,1,1,1,1,1,1,1,1,1,0,0,1,0,0,0,1,1,1,1,1,0
246000129,1,1,0,0,1,0,0,0,0,0,0,0,NA,0,1,1,1,0,0,0,1,1,1,1,1,1
246000376,1,1,1,0,1,0,0,0,0,0,0,0,NA,0,1,1,0,0,0,0,1,1,1,0,0,0
246000566,1,1,0,0,1,0,0,0,0,0,0,0,NA,0,1,1,0,0,0,0,1,1,1,1,1,0
246000582,1,1,1,0,1,0,1,0,0,0,0,1,NA,0,1,1,1,0,0,0,1,1,0,0,1,1
246000707,1,1,1,0,1,0,0,NA,0,0,0,0,NA,0,1,1,1,0,0,0,0,1,0,0,0,0
246000749,1,1,1,0,1,0,0,NA,0,0,0,NA,NA,0,1,1,0,0,0,0,0,1,0,0,0,0
246000756,0,0,0,1,0,1,1,1,1,1,1,1,0,1,0,0,1,0,1,0,1,1,1,1,1,0
246000764,1,1,1,1,1,0,0,0,0,0,0,0,NA,0,1,1,0,1,0,1,0,0,0,0,0,0
246000772,1,1,0,0,1,0,1,0,0,0,0,0,NA,0,1,1,0,0,1,0,1,1,1,0,0,0
246000848,0,0,0,0,0,1,1,1,0,0,0,0,0,1,1,1,1,1,0,0,1,1,1,1,1,0
246000855,1,1,1,0,1,0,0,NA,0,0,0,0,NA,0,1,1,1,0,0,0,0,1,0,0,0,0
246000871,1,1,1,0,1,0,0,0,0,0,0,0,0,0,1,1,0,0,0,0,0,1,0,0,0,0
246000897,1,1,1,0,1,0,0,NA,0,0,0,NA,NA,0,1,1,0,0,0,0,0,0,0,0,0,0
246000913,1,1,0,0,1,0,0,NA,0,0,0,0,NA,0,1,1,1,0,0,0,0,1,0,0,1,0
246000921,1,1,1,1,1,0,0,0,0,0,0,0,NA,0,1,1,1,0,0,0,0,1,0,0,0,0
246100390,1,0,0,0,0,1,0,NA,NA,NA,NA,NA,NA,1,0,0,0,1,1,1,0,1,0,0,1,0
246100663,0,0,0,1,0,0,1,1,1,1,1,0,0,1,0,0,0,0,1,1,1,1,1,1,0,0
246200299,0,0,0,0,0,1,1,1,1,1,1,1,1,1,0,1,1,0,0,0,1,1,1,1,1,0
246200364,0,0,0,1,0,1,1,1,1,1,1,1,1,1,0,0,1,0,0,0,1,1,1,1,1,0
246200380,0,0,0,1,0,1,1,0,1,1,0,1,1,1,1,1,1,1,0,1,1,1,1,1,1,0
246200729,0,0,0,1,0,0,1,1,1,1,1,1,1,1,0,0,1,0,1,0,1,1,1,1,0,0
246200844,1,0,0,0,1,1,1,0,0,0,0,0,NA,1,1,1,1,1,0,0,1,1,0,1,1,0
246201016,0,0,0,0,0,1,1,0,0,1,0,1,1,1,1,1,0,0,0,0,1,1,1,1,1,0
246300701,0,1,1,1,1,0,1,1,1,1,1,0,0,1,1,1,0,0,1,1,1,0,1,1,0,0
246300966,0,0,1,1,0,1,0,NA,NA,1,1,1,1,1,0,0,1,1,1,1,0,0,0,0,0,0
246301097,1,1,1,0,1,0,0,NA,0,0,0,0,NA,0,1,1,1,0,0,0,0,1,0,0,1,0
246400337,1,0,0,0,0,1,0,NA,0,0,0,0,NA,0,0,0,1,1,1,1,0,0,0,0,1,0
246401756,1,1,1,0,1,0,0,NA,0,0,0,0,0,0,1,1,0,0,1,0,0,1,1,0,0,0
246500482,0,0,0,1,0,1,1,NA,1,0,1,1,1,1,0,0,1,1,1,0,0,0,1,1,1,0
246500573,0,0,1,1,0,1,0,NA,NA,1,1,NA,NA,1,0,0,1,1,1,1,0,0,0,0,1,0
246600282,0,0,1,1,1,1,1,1,1,1,1,1,0,1,0,0,1,1,1,1,1,0,1,1,0,0
246600373,0,0,0,1,0,1,1,1,1,1,1,1,1,1,0,0,1,1,1,1,1,0,1,1,0,0
246600399,0,0,0,1,0,1,0,NA,1,1,1,NA,NA,1,1,0,1,1,0,1,1,0,1,1,0,1
246600415,0,0,0,1,0,1,1,1,1,1,1,1,1,1,0,0,1,1,1,0,1,1,1,1,1,1
246600423,0,0,0,1,0,1,1,NA,1,1,1,1,1,1,0,0,1,1,1,0,1,1,1,1,1,1
246600449,0,0,0,1,0,1,1,1,1,1,1,1,1,1,0,0,1,1,1,1,1,1,1,1,1,1
246600464,0,0,0,1,1,1,1,NA,NA,1,1,NA,NA,1,0,0,1,1,1,1,0,0,0,1,0,0
246600548,0,0,0,1,0,1,1,NA,1,1,1,1,1,1,0,0,1,1,1,1,1,0,1,1,1,0
246700306,1,1,0,0,1,0,0,NA,0,0,0,0,NA,0,1,1,0,0,1,0,0,0,0,0,1,0
246700488,0,0,1,1,1,0,1,1,1,1,1,1,0,1,1,1,1,1,0,1,1,1,1,1,0,0
246700744,1,1,1,1,1,0,0,NA,NA,0,NA,NA,NA,0,1,1,0,1,0,1,0,0,0,0,0,0
246700777,1,1,1,0,1,0,0,NA,NA,0,NA,NA,NA,0,1,1,0,0,1,0,0,0,0,0,0,0
246700843,1,1,1,0,1,0,0,NA,NA,0,NA,NA,NA,0,1,1,0,0,0,0,0,0,0,0,0,0
246700926,1,1,1,1,1,0,0,NA,1,0,0,0,NA,0,1,1,0,1,0,0,0,0,0,0,0,0
246700959,1,1,1,0,1,0,0,NA,NA,0,NA,NA,NA,0,1,1,0,0,0,0,0,0,0,0,0,0
246700967,1,1,1,1,1,0,0,0,0,0,0,0,0,0,1,1,0,0,0,1,0,0,0,0,0,0
246701064,1,1,1,1,1,0,0,0,0,0,0,0,NA,0,1,1,0,0,0,0,0,0,0,0,0,0
246701080,1,1,1,1,1,0,0,NA,0,0,0,0,NA,0,1,1,0,0,0,1,0,0,0,0,0,0
246701098,1,1,1,0,1,0,0,1,0,0,0,0,NA,0,1,1,0,0,1,0,0,0,0,0,0,0
246800205,1,1,1,0,1,0,0,NA,0,0,0,NA,NA,0,0,0,1,0,1,0,0,0,0,0,1,0
246800395,0,0,0,1,0,0,1,NA,1,1,1,NA,NA,1,0,0,1,0,1,0,1,1,1,1,1,0
246800445,1,1,1,0,1,0,0,NA,0,0,NA,NA,NA,0,1,1,1,0,0,0,0,0,0,0,0,0
246800494,1,1,1,1,1,0,0,NA,NA,0,NA,NA,NA,0,1,1,0,1,0,1,0,0,0,0,0,0
246800551,1,1,1,0,1,0,0,NA,0,0,0,NA,NA,0,1,1,0,1,1,1,0,0,0,0,0,0
246800569,1,1,1,1,1,0,0,0,0,0,0,0,0,0,1,1,1,0,0,0,0,0,0,0,0,0
246800577,1,1,1,1,1,0,0,NA,0,0,0,NA,NA,0,1,1,0,1,0,1,0,0,0,0,0,0
246800585,1,1,1,0,1,0,0,NA,0,0,0,0,NA,0,0,0,0,0,1,1,0,0,0,0,0,0
246800676,1,1,1,0,1,0,0,NA,0,0,NA,NA,NA,0,1,1,1,0,0,0,0,0,0,0,0,0
246800726,0,1,1,1,1,0,0,1,1,1,0,0,0,1,1,1,0,0,0,1,0,0,1,1,0,0
246900575,1,1,1,0,1,0,0,NA,0,0,0,0,NA,0,1,1,0,0,0,1,0,0,0,0,0,0
246900625,1,1,1,1,1,0,0,0,0,0,0,0,NA,0,1,1,0,0,0,1,0,0,0,0,0,0
246900724,1,1,1,1,1,0,0,NA,0,0,0,0,NA,0,1,1,0,0,0,1,0,0,0,0,0,0
246900740,1,1,1,0,1,0,0,NA,0,0,0,0,NA,0,1,1,0,1,0,1,0,0,0,0,0,0
246900757,1,1,1,1,1,0,0,0,0,0,0,0,NA,0,1,1,0,0,0,1,0,0,0,0,0,0
246900765,1,1,1,0,1,0,0,NA,0,0,0,NA,NA,0,1,1,0,0,0,1,0,0,0,0,0,0
247000011,0,0,1,1,1,0,1,1,1,1,1,0,0,1,0,0,0,0,1,0,1,0,1,1,0,0
247000367,1,0,0,0,0,0,0,NA,NA,0,NA,NA,NA,0,0,0,0,1,1,0,0,1,0,0,1,0
247000623,1,0,0,0,0,1,1,NA,1,0,1,NA,NA,0,0,0,0,1,1,1,0,1,0,0,1,0
247000664,0,0,0,0,0,1,1,0,1,1,0,0,0,1,0,1,1,0,1,0,1,1,1,1,1,0
247000698,1,0,0,0,0,1,0,NA,NA,NA,NA,NA,NA,0,1,1,0,0,0,0,0,1,0,0,1,0
247000706,1,1,1,0,1,0,0,NA,NA,0,NA,NA,NA,0,1,1,0,0,0,0,0,1,0,0,1,0
247000714,1,0,0,0,0,1,1,NA,NA,0,NA,NA,NA,0,0,0,1,1,1,0,1,1,1,0,1,0
247000722,1,1,0,0,1,0,1,NA,0,0,0,0,NA,0,1,1,1,0,1,0,1,1,0,1,1,0
247000755,0,0,0,1,0,1,1,1,1,1,1,1,NA,1,0,0,1,0,1,0,1,1,1,1,1,0
247000821,1,0,0,0,0,0,1,NA,0,0,0,0,NA,0,1,1,1,0,1,0,0,1,0,0,1,0
247000854,0,0,0,0,0,1,1,NA,NA,0,1,1,NA,1,0,0,1,0,1,0,0,0,1,0,1,0
247100290,0,0,0,0,0,0,1,1,1,1,1,0,0,1,0,0,1,0,1,0,1,1,1,1,1,0
247100589,0,1,1,1,1,0,1,0,1,1,0,0,0,1,0,0,0,1,1,0,1,1,1,1,0,0
247100639,1,0,0,0,0,1,0,NA,NA,1,NA,NA,NA,1,0,0,0,1,1,1,0,1,0,0,1,0
247100647,0,0,0,0,0,1,0,NA,NA,NA,NA,NA,NA,1,0,0,0,1,1,1,0,0,1,0,1,0
247103765,1,1,1,0,1,0,0,NA,NA,0,0,0,NA,0,0,0,0,1,1,0,0,0,0,0,0,0
247103864,1,0,1,1,0,1,1,NA,NA,NA,NA,NA,NA,0,0,0,0,1,1,1,0,0,0,0,1,0
247104094,1,1,1,1,1,0,0,NA,NA,0,0,NA,NA,0,0,0,0,1,1,1,0,0,0,0,0,0
247200090,1,0,0,0,0,0,1,0,1,0,0,0,0,0,0,1,0,0,0,1,1,1,0,1,1,0
247200132,0,0,1,1,1,0,1,1,1,1,1,0,0,1,0,0,0,0,1,0,1,1,1,1,0,0
247200348,1,0,0,0,0,0,1,0,0,0,0,0,0,0,0,0,0,0,1,0,1,1,0,1,1,0
247200421,1,1,1,0,1,0,0,NA,0,0,0,NA,NA,0,1,1,0,1,0,0,0,1,0,0,0,0
247200447,1,1,0,0,1,0,0,NA,0,0,0,NA,NA,0,1,1,0,0,0,0,0,1,0,0,1,0
247200629,1,1,0,0,1,0,0,NA,0,0,0,0,NA,0,1,1,0,0,0,0,0,1,0,0,1,0
247200686,1,0,0,0,0,0,0,0,0,0,0,0,0,0,0,1,0,0,1,0,0,1,0,0,1,0
247300015,1,1,1,0,1,NA,0,NA,NA,NA,NA,NA,NA,0,1,1,1,1,0,1,0,0,0,0,0,0
247300254,1,1,1,1,1,1,0,NA,0,0,0,0,NA,0,1,0,1,1,0,1,0,0,0,0,0,0
247300262,1,1,1,0,1,0,0,NA,NA,NA,NA,NA,NA,0,1,1,0,1,0,0,0,0,0,0,0,0
247300361,1,1,1,0,1,0,0,NA,NA,NA,NA,NA,NA,0,1,1,0,0,1,0,0,0,0,0,0,0
247300452,1,1,1,0,1,NA,NA,NA,NA,NA,NA,NA,NA,0,0,0,1,1,1,1,0,0,0,0,0,0
247300528,1,1,1,0,1,0,0,NA,0,0,0,NA,NA,0,1,1,1,0,0,1,0,1,0,0,1,0
247300668,1,1,1,0,1,0,NA,NA,NA,NA,NA,NA,NA,0,1,1,1,1,0,1,0,0,0,0,0,0
247300676,1,1,0,0,1,0,0,NA,NA,NA,NA,NA,NA,0,1,1,1,0,1,0,0,1,0,0,1,1
247300817,1,1,1,0,1,0,0,NA,NA,0,0,NA,NA,0,1,1,1,1,0,1,0,0,0,0,0,0
247400047,1,1,1,1,1,0,0,NA,NA,NA,NA,NA,NA,0,1,1,1,0,0,0,0,0,0,0,0,1
247400112,1,1,1,1,1,0,0,NA,NA,0,NA,NA,NA,0,1,1,0,0,0,0,0,0,0,0,0,1
247400567,1,1,1,1,1,0,0,NA,0,0,NA,NA,NA,0,1,1,1,0,0,0,0,0,0,0,0,1
247400583,1,1,1,1,1,0,0,NA,0,0,0,0,NA,0,1,1,1,0,0,0,0,0,0,0,0,1
247400617,1,1,1,1,1,0,0,NA,0,0,0,NA,NA,0,1,1,0,1,0,1,0,0,0,0,0,0
247400666,1,1,1,1,1,0,0,NA,0,0,0,NA,NA,0,1,1,1,0,0,0,0,0,0,0,0,1
247400682,1,1,1,1,1,0,0,NA,0,0,0,NA,NA,0,1,1,1,1,0,1,0,0,0,0,0,0
247400690,1,1,1,1,0,0,0,0,0,0,0,0,0,0,1,1,1,0,0,0,0,0,0,0,1,1
247400724,1,1,1,1,1,0,0,NA,0,0,0,0,NA,0,1,1,0,0,0,0,0,0,0,0,0,1
247400740,1,1,1,0,1,0,0,NA,0,0,0,0,NA,0,1,1,0,0,0,0,0,0,0,0,0,1
247400773,1,1,1,0,1,0,0,NA,0,0,0,NA,NA,0,1,1,1,0,1,1,0,0,0,0,0,0
247600505,1,1,1,0,1,0,0,NA,NA,0,NA,NA,NA,0,1,1,0,1,0,0,0,1,0,0,1,0
247600588,0,0,0,0,0,0,1,1,1,1,1,0,0,1,0,0,1,0,1,1,1,0,1,1,1,0
247600604,0,0,0,0,0,1,1,NA,1,NA,NA,NA,NA,1,0,0,0,1,1,0,1,1,1,1,1,0
247600620,1,1,1,0,1,0,0,0,0,0,0,0,NA,0,1,1,0,0,0,0,1,1,1,1,0,0
247600646,1,1,0,0,1,0,0,0,0,0,0,0,NA,0,1,1,1,0,0,0,1,1,1,1,1,0
247600729,1,0,0,0,1,0,0,0,0,0,0,0,NA,0,1,1,1,1,0,0,1,1,0,0,1,0
247600786,0,0,1,1,0,0,1,1,1,1,1,1,0,1,0,0,1,0,1,0,1,1,1,1,1,0
247700032,1,1,1,1,1,0,0,0,0,0,0,0,0,0,1,1,0,0,0,0,0,0,0,0,0,0
247700057,0,1,1,1,1,0,1,1,1,1,1,1,0,1,1,1,1,0,0,0,1,1,1,1,0,1
247700065,1,1,1,1,1,0,1,NA,0,0,0,0,NA,0,1,1,1,0,0,0,1,1,0,0,0,1
247700107,0,0,0,1,0,1,1,1,1,1,1,1,0,1,1,1,1,0,0,0,1,1,1,1,1,1
247700339,1,1,1,1,1,0,0,0,0,0,0,0,NA,0,1,1,0,0,0,0,0,0,0,0,0,0
247700594,1,1,1,1,1,0,0,0,0,0,0,0,0,0,1,1,1,0,0,0,0,0,0,0,0,0
247700644,1,1,1,1,1,0,0,NA,0,0,0,0,NA,0,1,1,0,0,0,0,0,0,0,0,0,0
247700701,1,1,1,0,1,0,1,1,0,0,0,0,NA,0,1,1,1,0,0,0,1,1,0,0,0,1
247800550,1,1,1,1,1,0,0,NA,0,0,0,0,NA,0,1,1,0,0,0,1,0,0,0,0,0,0
247800584,1,1,1,1,1,0,0,0,0,0,0,0,0,0,1,1,0,0,0,1,0,0,0,0,0,0
247800618,1,1,1,1,1,0,0,NA,0,0,0,0,NA,0,1,1,0,0,0,1,0,0,0,0,0,0
247900798,0,0,0,0,0,1,1,1,1,1,0,0,1,1,0,0,0,1,1,0,1,1,1,1,1,0
248000499,1,1,0,0,1,0,0,0,0,0,0,0,NA,0,1,1,0,0,0,0,0,1,0,0,0,0
248000531,0,0,1,1,1,0,1,1,1,1,1,1,0,1,1,1,1,1,0,1,1,1,1,1,0,0
248000747,0,0,0,1,0,1,1,1,1,1,1,1,0,1,0,0,1,1,1,0,1,1,1,1,1,0
248100158,1,0,0,0,0,1,0,NA,0,0,0,0,1,0,0,0,1,0,1,1,1,1,1,0,1,0
248100430,0,0,0,1,0,1,1,1,1,1,1,1,1,1,0,0,1,1,1,1,1,1,1,1,1,0
248100497,0,0,0,0,0,1,1,NA,NA,NA,1,NA,NA,1,0,0,1,1,1,1,1,1,1,1,1,0
248100737,0,1,1,1,1,0,1,1,1,1,1,0,0,1,0,0,0,1,1,1,1,0,1,1,0,0
248100745,0,0,0,0,0,1,1,NA,NA,NA,NA,NA,NA,1,0,0,0,0,1,1,1,0,1,1,1,0
248200016,0,0,0,1,0,1,1,1,1,1,1,1,1,1,0,0,1,1,1,0,1,1,1,1,1,0
248200057,0,0,0,1,0,1,1,1,1,1,1,1,1,1,0,0,1,1,1,0,1,1,1,1,1,1
248200065,0,0,0,1,0,1,1,NA,1,1,1,1,1,1,0,0,0,1,1,1,1,1,1,1,1,0
248200099,0,0,1,1,0,1,1,1,1,1,1,1,1,1,0,0,1,1,1,1,1,1,1,1,0,1
248200107,0,0,0,1,0,1,1,NA,1,1,1,1,1,1,0,0,1,1,1,1,1,0,1,1,1,1
248300394,1,1,1,1,1,0,0,0,0,0,0,0,0,0,0,0,1,1,1,1,0,0,0,0,0,0
248300410,1,1,1,1,1,0,0,0,0,0,0,0,0,0,1,0,1,1,1,1,0,0,0,0,0,1
248300493,0,0,1,1,1,1,1,1,1,1,1,1,1,1,0,0,1,1,1,1,1,1,1,1,0,1
248300543,0,0,1,1,1,0,1,1,1,1,1,1,0,1,0,0,1,1,1,1,1,0,1,1,0,1
248300550,0,0,0,1,0,1,1,1,1,1,1,1,1,1,0,0,1,1,1,1,1,1,1,1,1,1
248400053,0,0,1,1,0,1,1,1,1,1,1,1,1,1,0,0,1,1,1,1,1,1,1,1,0,1
248400160,1,1,1,1,1,1,0,NA,0,0,0,0,NA,0,1,0,1,1,0,1,0,1,0,0,0,1
248400236,0,0,0,1,0,1,1,1,1,1,1,1,1,1,0,0,1,1,0,1,1,1,1,1,0,1
248400251,0,0,1,1,0,1,1,1,1,1,1,1,1,1,0,0,1,1,0,1,1,1,1,1,0,1
248400285,0,1,1,1,1,1,0,NA,1,0,0,1,1,1,0,0,1,1,1,1,0,0,0,0,0,1
248400293,0,0,0,1,0,1,1,1,1,1,1,1,1,1,1,1,1,0,0,1,1,1,1,1,0,1
248400319,0,1,1,1,1,1,0,0,0,1,1,1,1,1,0,0,1,1,1,1,0,0,1,1,0,1
248400335,0,0,1,1,0,1,1,NA,1,1,1,1,1,1,0,0,1,1,1,1,0,0,0,1,0,1
248500191,1,1,1,1,1,1,0,NA,NA,0,0,0,NA,0,0,0,1,1,1,1,0,0,0,0,0,0
248500258,1,1,1,0,1,1,0,NA,0,0,0,0,0,0,0,0,1,1,1,1,0,0,0,0,0,0
248500340,1,0,0,0,0,0,0,NA,0,0,0,0,1,0,1,1,0,0,0,0,1,1,0,0,1,0
248500415,1,0,0,0,0,1,1,NA,0,0,0,1,1,1,0,0,0,1,1,0,1,1,0,0,1,0
248500464,1,0,0,0,0,0,0,0,0,0,0,0,0,0,1,1,0,1,0,0,0,1,0,0,1,0
248500530,1,0,0,0,0,0,0,NA,0,0,0,0,NA,0,1,1,1,0,0,0,0,1,0,0,1,0
248500563,1,0,0,0,0,1,0,NA,0,0,0,0,1,0,0,0,1,1,1,0,0,1,0,0,1,0
248500589,1,1,0,0,1,0,1,0,0,0,0,0,0,0,1,1,0,0,0,0,1,1,1,1,0,0
248500621,1,1,0,0,0,0,0,NA,0,0,0,0,0,0,1,1,0,0,0,0,0,1,0,0,1,0
248500662,1,1,0,0,0,0,0,NA,0,0,0,0,NA,0,1,1,0,0,0,0,0,1,0,0,1,0
248600413,0,0,0,1,0,0,1,1,1,1,1,0,0,1,0,0,0,0,1,0,1,1,1,1,1,0
248600447,0,0,0,0,0,1,1,1,1,1,1,1,1,1,0,0,1,1,1,1,1,1,1,1,1,0
248700189,0,0,0,1,0,1,1,NA,1,1,1,0,1,1,0,0,0,1,1,0,0,0,1,0,1,0
248719262,0,0,0,0,0,1,1,NA,NA,NA,NA,NA,NA,1,0,0,0,1,1,0,1,0,1,0,1,0
248719288,1,1,1,0,1,0,0,NA,0,0,0,NA,NA,0,1,1,0,0,1,0,0,0,0,0,0,0
248719312,0,1,1,1,1,0,1,1,1,1,1,0,0,1,0,0,0,0,1,0,1,0,1,1,0,0
248719338,0,0,0,0,0,1,1,NA,NA,NA,NA,NA,NA,1,0,0,0,1,1,0,1,0,1,0,1,0
248719353,0,0,0,1,0,1,1,NA,NA,1,NA,1,NA,1,0,0,1,1,1,1,1,0,1,1,1,0
248719361,1,0,0,0,0,1,1,NA,0,0,0,0,NA,0,0,0,0,1,1,0,0,0,0,0,1,0
248900334,0,0,0,1,1,0,1,1,1,1,1,1,0,1,0,0,1,1,1,0,1,1,1,1,0,0
248900383,0,0,0,0,0,1,1,1,1,1,1,1,NA,1,0,0,1,0,1,0,1,1,1,1,1,0
248900524,1,1,0,0,1,0,0,NA,NA,0,NA,NA,NA,0,0,0,0,0,1,0,0,0,0,0,1,0
248900664,1,0,0,0,1,1,1,NA,0,1,0,NA,NA,0,0,0,1,1,1,0,0,1,0,0,1,0
248900748,1,1,0,0,1,1,0,NA,0,0,0,0,NA,0,1,1,1,0,1,0,0,1,0,0,0,1
248900896,1,1,0,0,1,0,0,NA,0,0,0,0,NA,0,1,1,0,0,1,0,0,1,0,0,0,0
248900938,0,0,0,1,0,1,1,1,1,1,1,1,0,1,0,0,1,0,1,0,1,1,1,1,1,0
249000241,1,1,1,1,1,0,1,0,0,0,0,0,NA,0,1,1,1,0,0,0,0,0,0,0,0,1
249100074,1,1,1,0,1,0,0,NA,NA,0,0,NA,NA,0,1,1,0,0,0,1,0,0,0,0,0,0
249100157,1,1,1,0,1,0,0,NA,NA,0,0,NA,NA,0,1,1,0,0,1,1,0,0,0,0,0,0
249100546,1,1,1,0,1,0,0,0,0,0,0,0,NA,0,1,1,0,0,0,0,0,0,0,0,0,0
249100553,1,1,1,0,1,0,0,NA,0,0,0,0,NA,0,1,1,0,0,0,0,0,0,0,0,0,0
249100595,1,1,1,1,1,0,0,NA,0,0,0,0,NA,0,1,1,0,0,0,0,0,0,0,0,0,0
249500109,0,1,1,1,1,0,1,1,1,1,1,1,0,1,1,1,1,0,0,0,1,1,1,1,0,1
249500430,1,1,1,1,1,0,0,NA,0,0,0,NA,NA,0,1,1,0,0,0,1,0,0,0,0,0,0
249500455,1,1,1,1,1,0,0,NA,0,0,0,0,NA,0,1,1,0,0,0,1,0,0,0,0,0,0
249500489,0,1,0,1,1,0,1,0,0,1,1,1,0,1,1,1,1,0,0,0,1,1,0,1,0,1
249500513,1,1,1,1,1,0,0,NA,0,0,0,0,NA,0,1,1,1,0,0,0,0,0,0,0,0,0
13001,0,1,1,1,1,0,0,1,0,1,1,1,0,1,1,1,1,1,0,1,0,0,0,1,0,1
13002,1,1,1,1,1,0,0,NA,0,0,0,0,NA,0,1,1,0,1,1,1,0,0,0,0,0,1
13003,1,1,1,1,1,NA,NA,NA,NA,NA,NA,NA,NA,0,1,1,1,1,0,1,0,0,0,0,0,1
13005,0,0,1,1,1,0,0,1,1,1,1,1,0,1,1,1,1,0,1,1,1,1,1,1,0,1
13007,1,1,1,1,1,0,0,NA,0,0,0,NA,NA,0,1,1,1,1,0,1,0,0,0,0,0,1
13014,0,0,0,1,0,1,1,NA,1,1,1,1,1,1,1,1,1,0,0,0,1,1,1,1,1,1
13015,1,1,1,1,1,0,0,NA,NA,0,NA,NA,NA,0,1,1,0,1,0,1,0,0,0,0,0,0
13016,1,1,1,1,1,NA,0,NA,NA,NA,NA,NA,NA,0,1,1,1,1,0,1,0,0,0,0,0,1
13019,1,1,1,1,1,0,0,NA,NA,NA,NA,NA,NA,0,1,1,0,1,0,1,0,0,0,0,0,0
13020,1,1,1,0,1,NA,NA,NA,NA,NA,NA,NA,NA,NA,1,1,1,0,0,0,0,0,0,0,0,1
13021,1,1,1,1,1,NA,0,NA,NA,NA,NA,NA,NA,0,0,0,0,1,1,1,0,0,0,0,0,0
13022,1,1,1,1,1,0,0,NA,NA,NA,NA,NA,NA,0,0,0,0,1,1,1,0,0,0,0,0,0
13023,1,1,1,1,1,NA,0,NA,NA,NA,NA,NA,NA,0,1,1,1,1,0,1,0,0,0,0,0,1
13024,1,1,1,1,1,NA,1,NA,NA,NA,NA,NA,NA,0,1,1,1,0,0,0,1,1,0,1,0,1
13025,1,1,1,1,1,NA,NA,NA,NA,NA,NA,NA,NA,NA,1,1,0,1,0,1,0,0,0,0,0,0
13026,1,1,1,1,1,0,0,0,0,0,0,1,NA,0,1,1,1,0,0,0,1,1,1,1,0,1
13028,0,1,1,1,1,0,0,0,1,1,1,1,0,1,0,0,1,0,1,1,0,0,1,1,0,1
13030,1,1,1,1,1,NA,0,NA,NA,NA,NA,NA,NA,0,1,1,1,0,0,0,0,1,0,0,0,1
13031,1,1,1,0,1,NA,NA,NA,NA,NA,NA,NA,NA,0,1,1,0,0,1,0,0,0,0,0,0,1
13032,1,1,1,1,1,NA,0,NA,NA,NA,NA,NA,NA,0,1,1,1,1,0,1,0,0,0,0,0,0
13033,1,1,1,1,1,NA,0,NA,NA,NA,NA,NA,NA,0,1,1,1,1,0,1,0,0,0,0,0,1
13035,1,1,1,1,1,0,0,NA,NA,NA,NA,NA,NA,0,1,1,1,0,0,1,0,0,0,0,0,1
13037,1,1,1,1,1,0,0,NA,NA,NA,NA,NA,NA,0,1,1,1,0,0,0,0,0,0,0,0,1
13039,1,1,1,0,1,0,0,NA,0,0,0,NA,NA,0,1,1,1,0,0,0,1,1,0,1,1,1
13040,1,1,1,1,1,0,0,NA,NA,0,NA,NA,NA,0,1,1,1,1,0,1,0,0,0,0,0,1
13041,0,1,1,1,1,0,0,0,0,1,0,0,1,1,1,1,1,0,0,0,1,1,1,1,0,1
13042,1,1,1,1,1,NA,0,NA,NA,NA,NA,NA,NA,0,1,0,0,1,1,1,0,0,0,0,0,1
13043,0,1,1,1,1,1,0,NA,0,0,1,1,NA,1,1,1,1,0,0,0,1,1,1,1,0,1
13044,1,1,1,1,1,NA,0,NA,NA,NA,NA,NA,NA,0,1,1,1,1,0,1,0,0,0,0,0,1
13046,1,1,1,1,1,NA,NA,NA,NA,NA,NA,NA,NA,0,1,1,0,0,0,1,0,0,0,0,0,1
13047,1,1,1,1,1,0,0,0,1,1,0,0,0,1,1,1,1,0,0,0,1,1,1,1,0,1
13048,1,1,1,1,1,NA,0,NA,NA,NA,NA,NA,NA,0,1,1,1,0,1,1,0,0,0,0,0,1
13049,1,1,1,1,1,NA,NA,NA,NA,NA,NA,NA,NA,NA,1,1,0,1,0,1,0,0,0,0,0,1
13050,1,1,1,1,1,0,0,NA,NA,0,0,NA,NA,0,1,1,1,0,0,1,0,0,0,0,0,1
13051,1,1,1,1,1,0,0,NA,NA,0,NA,NA,NA,0,1,1,1,0,0,0,0,0,0,0,0,1
13053,1,1,1,1,1,1,0,NA,NA,0,NA,NA,NA,0,1,1,1,0,0,1,0,0,0,0,0,1
13054,0,0,0,1,1,1,1,1,1,1,1,1,1,1,1,1,1,0,0,0,1,1,1,1,0,1
13056,0,1,1,1,1,0,1,1,1,1,1,1,0,1,0,1,1,0,1,0,1,1,1,1,0,1
13059,1,1,1,1,1,NA,0,NA,NA,NA,NA,NA,NA,0,1,1,1,0,0,1,0,0,0,0,0,1
13060,1,1,1,1,1,NA,0,NA,NA,NA,NA,NA,NA,0,1,1,1,1,0,1,0,0,0,0,0,1
13062,1,1,1,1,1,NA,NA,NA,NA,NA,NA,NA,NA,0,1,1,1,1,0,1,0,0,0,0,0,1
13063,0,0,0,1,0,0,1,1,1,1,1,1,1,1,0,1,1,0,0,0,1,1,1,1,1,1
13069,1,1,1,1,1,0,0,NA,NA,0,NA,NA,NA,0,1,1,1,0,0,1,0,0,0,0,0,1
13070,1,1,1,1,1,NA,0,NA,NA,NA,NA,NA,NA,0,1,1,1,0,1,0,0,0,0,0,0,1
13071,1,1,1,1,1,0,0,NA,0,0,0,0,NA,0,1,1,0,0,1,1,0,0,0,0,0,1
13072,1,1,1,1,1,NA,NA,NA,NA,NA,NA,NA,NA,NA,1,1,1,1,0,1,0,0,0,0,0,1
13073,1,1,1,0,1,NA,0,NA,NA,NA,NA,NA,NA,0,1,1,1,0,0,0,0,0,0,0,0,1
13074,1,1,1,1,1,0,0,NA,NA,NA,NA,NA,NA,0,1,1,1,0,0,0,0,1,0,0,0,1
13075,1,1,1,1,1,0,0,NA,NA,0,NA,NA,NA,0,0,0,0,1,1,1,0,0,0,0,0,1
13077,0,0,0,1,0,1,1,1,1,1,1,1,1,1,0,0,1,0,1,0,1,1,1,1,1,1
13078,0,0,0,1,0,0,1,NA,1,1,1,1,NA,1,1,1,1,0,0,0,1,1,1,1,1,1
13080,1,1,1,1,1,NA,0,NA,NA,NA,NA,NA,NA,0,1,1,1,1,0,1,0,0,0,0,0,1
13081,1,1,1,0,1,0,0,NA,0,0,0,NA,NA,0,1,1,1,0,0,0,0,1,0,0,0,1
13082,1,1,1,1,1,NA,0,NA,NA,NA,NA,NA,NA,0,1,1,1,1,0,1,0,0,0,0,0,0
13084,0,1,1,1,0,NA,0,NA,NA,1,NA,NA,NA,1,1,1,1,0,0,0,1,1,1,1,1,1
13085,1,1,1,1,1,NA,0,NA,NA,NA,NA,NA,NA,0,1,1,1,1,0,0,0,0,0,0,0,1
13086,1,1,1,1,1,0,0,NA,NA,0,0,NA,NA,0,1,1,1,1,0,1,0,0,0,0,0,1
13087,1,1,1,1,1,NA,0,NA,NA,NA,NA,NA,NA,0,1,1,1,0,0,1,0,0,0,0,0,1
13088,1,1,1,1,1,NA,0,NA,NA,NA,NA,NA,NA,0,1,1,1,0,0,1,0,0,0,0,0,1
13091,1,1,1,1,1,NA,0,NA,NA,NA,NA,NA,NA,0,1,1,1,1,0,1,0,0,0,0,0,0
13092,1,1,1,1,1,0,0,NA,NA,0,NA,NA,NA,0,1,1,1,0,0,0,0,0,0,1,0,1
13098,1,1,1,1,1,NA,0,NA,NA,NA,NA,NA,NA,0,1,1,1,1,1,1,0,0,0,0,0,1
13101,1,1,1,0,1,NA,NA,NA,NA,NA,NA,NA,NA,NA,1,1,1,0,0,1,0,0,0,0,0,1
13102,0,1,1,1,1,1,0,NA,1,1,NA,NA,NA,1,1,1,1,0,0,0,1,1,1,1,0,1
13103,0,0,1,1,1,0,1,1,1,1,1,1,1,1,1,1,1,0,0,0,1,1,1,1,0,1
13104,1,1,1,1,1,0,0,NA,NA,NA,NA,NA,NA,0,0,0,1,0,1,1,0,0,0,0,0,0
13105,0,0,1,1,0,1,0,NA,0,NA,NA,NA,NA,1,1,1,1,0,0,1,1,1,1,1,0,1
13106,0,1,0,1,1,1,1,NA,1,1,1,1,NA,1,1,1,1,0,0,0,1,1,1,1,0,1
13107,1,1,1,1,1,NA,0,NA,NA,NA,NA,NA,NA,0,1,1,0,1,0,1,0,0,0,0,0,1
13109,1,1,1,1,1,NA,NA,NA,NA,NA,NA,NA,NA,NA,1,1,0,1,0,1,0,0,0,0,0,0
13110,1,1,1,1,1,0,0,NA,0,0,0,NA,NA,0,1,1,1,0,0,1,0,0,0,0,0,1
13112,1,1,1,1,1,NA,0,NA,NA,NA,NA,NA,NA,0,1,1,1,0,0,0,0,0,0,0,0,0
13113,1,1,1,1,1,0,0,NA,NA,NA,NA,NA,NA,0,1,1,0,1,1,1,0,0,0,0,0,0
13114,1,1,1,1,1,NA,NA,NA,NA,NA,NA,NA,NA,0,1,1,1,1,0,1,0,0,0,0,0,0
13115,1,1,1,0,1,NA,NA,NA,NA,NA,NA,NA,NA,NA,1,1,1,0,0,1,0,1,0,0,0,1
13117,0,0,0,1,1,0,1,1,1,1,1,1,1,1,1,1,1,0,0,0,1,1,1,1,1,1
13118,1,1,1,0,1,NA,NA,NA,NA,NA,NA,NA,NA,NA,1,1,1,0,0,0,0,0,0,0,0,0
13119,1,1,1,1,1,NA,0,NA,NA,NA,NA,NA,NA,0,1,1,1,1,1,1,0,0,0,0,0,0
13201,0,0,0,1,0,1,1,1,1,1,1,1,1,1,1,0,1,1,0,0,1,1,1,1,0,1
13202,0,0,0,1,0,1,1,1,1,1,1,1,1,1,1,0,1,0,0,0,1,1,1,1,0,1
13203,0,0,0,1,0,1,1,1,1,1,1,1,1,1,0,0,1,0,0,0,1,1,1,1,1,1
13204,0,0,0,1,0,1,1,1,1,1,1,1,1,1,1,1,1,0,0,0,1,1,1,1,0,1
13205,0,0,0,1,0,1,1,1,1,1,1,1,1,1,1,1,1,0,0,0,1,0,1,1,0,1
13206,0,1,1,1,1,1,1,1,1,1,1,1,1,1,1,1,1,1,0,1,1,0,1,1,0,1
13207,0,1,1,1,1,0,0,1,0,0,1,1,0,1,1,1,1,1,0,1,0,0,0,0,0,0
13208,0,1,1,1,1,0,0,0,0,0,0,0,0,0,1,0,0,1,1,1,0,0,0,0,0,0
13209,0,1,1,1,1,0,1,1,1,1,1,1,0,1,1,1,0,1,1,1,1,0,1,1,0,1
13210,0,0,0,1,0,1,1,1,1,1,1,1,1,1,1,1,1,0,0,0,1,1,1,1,0,1
13211,0,0,1,1,1,0,1,1,1,1,1,1,1,1,1,1,1,1,0,0,1,1,1,1,0,1
13212,1,1,1,1,1,0,0,0,0,0,0,0,0,0,1,1,0,1,0,1,0,0,0,0,0,1
13213,0,0,0,1,0,1,1,1,1,1,1,1,1,1,1,1,1,0,0,0,1,1,1,1,0,1
13214,0,0,0,1,0,1,1,1,1,1,1,1,1,1,0,0,1,0,0,0,1,1,1,1,1,1
13215,0,0,0,1,0,1,1,1,1,1,1,1,1,1,0,0,1,0,0,0,1,1,1,1,1,1
13216,0,0,0,1,0,1,1,1,1,1,1,1,1,1,1,0,1,0,0,0,1,1,1,1,1,1
69003,1,1,1,1,1,NA,NA,NA,NA,NA,NA,NA,NA,0,1,1,1,0,0,1,0,0,0,0,0,0
69029,0,0,1,1,1,1,1,1,1,1,1,1,0,1,1,1,1,0,0,0,1,1,1,1,0,1
69033,1,1,1,1,1,NA,NA,NA,NA,NA,NA,NA,NA,NA,1,1,0,1,0,1,0,0,0,0,0,0
69034,1,1,1,1,1,0,0,0,0,0,0,0,0,0,1,1,0,1,0,1,0,0,0,0,0,0
69040,1,1,1,1,1,NA,0,NA,NA,NA,NA,NA,NA,0,1,1,0,0,1,1,0,0,0,0,0,0
69044,1,1,1,1,1,NA,NA,NA,NA,NA,NA,NA,NA,0,1,1,0,1,0,1,0,0,0,0,0,0
69046,1,1,1,1,1,NA,NA,NA,NA,NA,NA,NA,NA,NA,1,1,0,1,0,1,0,0,0,0,0,0
69063,1,1,1,1,1,NA,NA,NA,NA,NA,NA,NA,NA,0,1,1,0,1,0,1,0,0,0,0,0,0
69068,1,1,1,1,1,NA,NA,NA,NA,NA,NA,NA,NA,0,1,1,1,1,0,1,0,0,0,0,0,0
69069,1,1,1,1,1,NA,0,NA,NA,0,NA,NA,NA,0,1,1,0,0,0,1,0,0,0,0,0,0
69072,1,1,1,1,1,NA,0,NA,NA,NA,NA,NA,NA,0,1,1,0,1,0,1,0,0,0,0,0,0
69081,1,1,1,1,1,0,0,NA,1,0,0,NA,NA,0,0,1,0,1,1,1,0,0,0,0,0,0
69087,1,1,1,1,1,NA,NA,NA,NA,NA,NA,NA,NA,NA,1,1,0,0,0,1,0,0,0,0,0,0
69088,1,1,1,1,1,NA,0,NA,NA,0,NA,NA,NA,0,1,1,1,0,0,1,0,0,0,0,0,0
69089,1,1,1,1,1,NA,0,NA,0,0,NA,NA,NA,0,1,1,0,1,0,1,0,0,0,0,0,0
69091,0,0,0,1,0,1,1,1,1,1,1,1,1,1,0,0,1,0,0,0,1,1,1,1,1,1
69096,0,0,0,0,1,0,1,NA,1,1,1,NA,NA,1,1,1,1,0,0,0,1,1,1,1,1,1
69100,1,1,1,1,1,0,0,NA,0,0,0,NA,NA,0,1,1,0,0,0,1,0,1,0,0,0,0
69116,1,1,1,1,1,NA,NA,NA,NA,NA,NA,NA,NA,NA,1,1,0,1,0,1,0,0,0,0,0,0
69117,1,1,1,1,1,NA,NA,NA,NA,NA,NA,NA,NA,NA,1,1,0,1,0,1,0,0,0,0,0,0
69127,1,1,1,1,1,NA,NA,NA,NA,NA,NA,NA,NA,NA,1,1,0,0,0,1,0,0,0,0,0,0
69142,0,0,1,1,1,NA,1,NA,1,1,1,NA,NA,1,1,1,1,1,0,1,1,0,1,1,0,1
69143,0,1,1,1,1,NA,0,NA,NA,1,NA,NA,NA,1,1,1,1,0,0,0,1,0,1,1,0,0
69149,0,1,1,1,1,0,0,0,0,1,1,0,NA,1,1,1,1,0,0,0,1,1,1,1,0,0
69152,0,0,0,1,1,1,1,1,1,1,1,1,NA,1,1,1,1,0,0,0,1,1,1,1,1,1
69163,1,1,1,0,1,NA,NA,NA,NA,NA,NA,NA,NA,NA,1,1,0,0,0,0,0,0,0,0,0,0
69191,1,1,1,1,1,NA,0,NA,NA,NA,NA,NA,NA,0,1,1,0,1,0,1,0,0,0,0,0,0
69194,1,1,1,1,1,NA,NA,NA,NA,NA,NA,NA,NA,0,1,1,0,1,0,1,0,0,0,0,0,0
69199,0,0,0,1,0,1,1,1,1,1,1,1,1,1,0,0,1,0,0,0,1,1,1,1,1,1
69202,1,1,1,1,1,0,0,NA,0,0,0,NA,NA,0,1,1,0,1,0,1,0,0,0,0,0,0
69204,1,1,1,1,1,0,0,NA,0,0,0,0,NA,0,1,1,0,0,0,1,0,0,0,0,0,0
69205,1,1,1,1,1,NA,NA,NA,NA,NA,NA,NA,NA,0,1,1,0,0,0,1,0,0,0,0,0,0
69207,1,1,1,1,1,NA,0,NA,NA,NA,NA,NA,NA,0,1,1,1,0,0,1,0,1,0,0,0,0
69244,1,1,1,1,1,0,0,NA,0,0,0,0,NA,0,1,1,0,0,0,1,0,0,0,0,0,0
69250,1,1,1,1,1,NA,NA,NA,NA,NA,NA,NA,NA,NA,1,1,0,0,1,1,0,0,0,0,0,0
69256,0,0,0,1,0,1,1,1,1,1,1,1,1,1,1,1,1,0,0,0,1,1,1,1,1,1
69259,0,0,0,1,0,1,1,1,1,1,1,1,1,1,0,1,1,0,0,0,1,1,1,1,1,1
69260,1,1,1,1,1,NA,1,NA,NA,NA,NA,NA,NA,0,1,1,0,0,0,1,0,0,0,0,0,0
69266,0,0,1,1,1,0,1,1,1,1,1,1,1,1,1,1,1,0,0,0,1,1,1,1,0,1
69271,1,1,1,1,1,NA,0,NA,NA,NA,NA,NA,NA,0,1,1,0,0,0,1,0,0,0,0,0,0
69273,1,1,1,0,1,0,0,NA,0,0,NA,NA,NA,0,1,1,1,0,0,0,0,1,0,0,0,1
69275,0,0,0,1,1,0,1,0,1,1,1,1,0,1,1,1,1,0,0,0,1,1,1,1,0,1
69276,0,1,0,0,1,1,0,NA,1,1,1,NA,NA,1,1,1,1,0,0,0,1,1,1,1,1,1
69278,1,1,1,1,1,NA,0,NA,NA,NA,NA,NA,NA,0,1,1,0,0,0,0,0,0,0,0,0,0
69279,1,1,1,0,1,0,NA,NA,NA,NA,NA,NA,NA,0,1,1,0,0,0,1,0,0,0,0,0,0
69282,1,1,1,1,1,0,0,0,0,1,0,0,0,0,1,1,1,0,0,0,1,1,0,0,0,1
69283,1,1,1,0,1,0,0,NA,0,0,NA,NA,NA,0,1,1,0,0,0,0,0,1,0,0,0,0
69284,1,1,1,1,1,NA,NA,NA,NA,NA,NA,NA,NA,NA,1,1,0,0,0,1,0,0,0,0,0,0
69286,0,0,1,1,0,0,1,1,1,1,1,1,1,1,1,1,1,0,0,0,1,1,1,1,0,1
69290,0,0,0,1,1,0,1,0,1,1,1,1,0,1,1,1,1,0,0,0,1,1,1,1,1,1
69292,1,1,1,0,1,NA,0,NA,NA,NA,NA,NA,NA,0,1,1,0,0,0,0,1,1,0,1,0,0
69293,1,1,1,1,1,NA,NA,NA,NA,NA,NA,NA,NA,NA,1,1,0,1,0,1,0,0,0,0,0,0
69296,1,1,1,1,1,NA,NA,NA,NA,NA,NA,NA,NA,NA,1,1,0,0,0,1,0,0,0,0,0,0
69381,0,1,1,1,1,0,0,1,0,0,1,1,1,1,1,1,1,1,0,1,0,0,1,1,0,0
69382,1,1,1,1,1,0,0,0,0,0,0,0,NA,0,1,1,0,1,0,1,0,0,0,0,0,0
69383,0,1,1,1,1,0,0,1,0,0,1,1,0,1,1,1,1,1,0,1,0,0,0,1,0,0
69384,1,1,1,1,1,0,0,1,0,0,0,0,NA,0,1,1,1,1,0,1,0,0,0,0,0,0
69385,0,1,1,1,1,0,0,1,0,1,0,0,0,0,1,1,1,1,0,1,0,0,0,1,0,0
69386,1,1,1,1,1,0,0,0,0,0,0,0,0,0,1,1,0,1,0,1,0,0,0,0,0,0
69387,0,1,1,1,1,0,0,1,0,1,1,1,0,1,1,1,1,0,0,0,1,0,1,1,0,0
69388,0,0,1,1,1,0,1,1,1,1,1,1,1,1,1,1,1,0,0,0,1,1,1,1,0,1
69389,0,0,1,1,1,0,1,1,1,1,1,1,1,1,1,1,1,0,0,0,1,1,1,1,0,1
75101,1,1,1,1,1,0,0,0,0,0,0,0,NA,0,1,1,0,1,0,1,0,0,0,0,0,0
75102,0,1,1,1,1,1,0,0,0,0,1,1,NA,1,1,1,1,1,0,1,0,0,0,0,0,0
75103,0,1,1,1,1,1,0,0,0,0,1,1,0,0,1,1,1,1,0,1,0,0,0,0,0,0
75104,0,1,1,1,1,0,0,0,0,0,0,1,0,0,1,1,0,1,0,1,0,0,0,0,0,0
75105,1,1,1,1,1,0,0,1,0,0,0,0,0,0,1,1,0,1,0,1,0,0,0,0,0,0
75106,1,1,1,1,1,0,0,1,0,0,0,0,0,0,1,1,0,1,0,1,0,0,0,0,0,0
75107,1,1,1,1,1,0,0,0,0,0,0,0,0,0,1,1,0,1,0,1,0,0,0,0,0,0
75108,1,1,1,1,1,0,0,0,0,0,0,0,0,0,1,1,0,1,0,1,0,0,0,0,0,0
75109,1,1,1,1,1,0,0,0,0,0,0,1,0,0,1,1,1,1,0,1,0,0,0,0,0,0
75110,0,1,1,1,1,1,0,0,0,1,1,1,1,1,1,1,1,1,0,1,0,0,0,0,0,0
75111,0,1,1,1,1,0,0,0,0,1,1,1,1,1,1,1,1,1,0,1,0,0,0,0,0,0
75112,0,1,1,1,1,0,0,0,0,0,1,1,0,1,1,1,0,1,0,1,0,0,0,0,0,0
75113,0,1,1,1,1,0,0,0,0,1,1,1,1,1,1,1,0,0,0,1,0,0,0,1,0,0
75114,0,1,1,1,1,0,0,0,0,0,1,1,0,0,1,1,0,1,0,1,0,0,0,0,0,0
75115,1,1,1,1,1,0,0,0,0,0,1,1,0,0,1,1,0,1,0,1,0,0,0,0,0,0
75116,1,1,1,1,1,0,0,1,0,0,0,0,0,0,1,1,0,1,0,1,0,0,0,0,0,0
75117,0,1,1,1,1,0,0,0,0,0,1,1,0,1,1,1,0,1,0,1,0,0,0,0,0,0
75118,0,1,1,1,1,1,1,0,0,1,1,1,1,1,1,1,1,1,0,1,0,0,1,1,0,0
75119,0,0,1,1,1,1,1,0,1,1,1,1,1,1,1,1,1,1,0,0,1,0,1,1,0,0
75120,0,1,1,1,1,0,0,0,0,1,1,1,1,1,1,1,1,0,0,0,1,0,1,1,0,0
83120,1,1,1,1,1,NA,0,NA,NA,NA,NA,NA,NA,0,1,1,1,1,0,1,0,0,0,0,0,1
84089,0,1,1,1,1,0,0,1,1,1,1,1,0,1,1,1,1,0,0,1,1,0,1,1,0,1
91027,0,1,1,1,1,0,0,0,1,1,1,1,NA,1,1,1,1,0,0,0,1,1,1,1,0,1
91326,0,1,1,1,1,0,0,0,1,1,1,0,NA,1,1,1,1,0,0,0,0,0,0,1,0,1
91432,1,1,1,1,1,0,0,NA,0,0,0,NA,NA,0,1,1,0,0,0,0,0,0,0,0,0,1
91479,1,1,1,1,1,0,0,NA,NA,0,NA,NA,NA,0,1,1,0,0,0,1,0,0,0,0,0,1
91589,0,1,1,1,1,0,1,1,1,1,0,0,NA,1,1,1,0,0,0,0,0,0,0,0,0,1
91687,0,0,1,1,1,0,1,0,1,1,1,0,NA,1,1,1,1,0,0,0,1,1,1,1,0,1
92002,1,1,1,1,1,0,0,0,0,0,0,0,0,0,1,1,0,0,0,1,0,0,0,0,0,0
92004,0,1,1,1,1,0,0,0,0,1,1,1,1,1,1,1,1,0,0,0,0,0,0,0,0,1
92007,0,0,1,1,1,0,0,0,1,1,1,1,0,1,1,1,1,0,0,0,1,1,1,1,0,1
92009,1,1,1,1,1,0,0,0,0,0,0,0,NA,0,1,1,1,0,0,0,0,0,0,0,0,0
92012,1,1,1,1,1,0,0,0,0,0,0,0,0,0,1,1,0,1,0,1,0,0,0,0,0,0
92014,1,1,1,1,1,0,0,NA,0,0,0,0,NA,0,1,1,0,0,0,1,0,0,0,0,0,0
92019,1,1,1,1,1,0,0,0,0,1,0,1,NA,0,1,1,1,0,0,0,0,0,0,0,0,0
92020,1,1,1,1,1,0,0,0,0,0,0,0,NA,0,1,1,0,0,0,0,0,0,0,0,0,1
92022,1,1,1,1,1,0,0,NA,0,0,0,0,NA,0,1,1,0,0,0,1,0,0,0,0,0,0
92023,1,1,1,1,1,0,0,0,0,0,0,1,0,0,1,1,0,0,0,1,0,0,0,0,0,0
92024,0,0,1,1,1,1,1,0,1,1,1,1,1,1,1,1,1,0,0,0,1,1,1,1,0,1
92025,0,1,1,1,1,0,1,0,1,1,1,1,1,1,1,1,1,0,0,0,1,1,1,1,0,1
92026,1,1,1,1,1,0,0,0,0,0,0,1,0,0,1,1,0,0,0,1,0,0,0,0,0,0
92032,1,1,1,1,1,0,0,0,1,0,0,0,NA,0,1,1,0,0,0,0,0,0,0,0,0,0
92033,1,1,1,1,1,0,0,NA,0,0,0,NA,NA,0,1,1,0,1,0,1,0,0,0,0,0,0
92035,1,1,1,1,1,0,0,0,0,0,0,0,NA,0,1,1,0,0,0,1,0,0,0,0,0,0
92036,0,0,0,1,0,1,1,1,1,1,1,1,1,1,1,1,1,0,0,0,1,1,1,1,1,1
92040,1,1,1,1,1,0,0,0,0,0,0,0,0,0,1,1,0,0,0,0,0,0,0,0,0,0
92044,1,1,1,1,1,0,0,0,0,0,0,0,0,0,1,1,0,1,0,1,0,0,0,0,0,0
92046,0,1,1,1,1,0,0,0,0,0,0,1,0,1,1,1,1,0,0,0,0,0,0,1,0,0
92048,1,1,1,1,1,0,0,0,0,0,0,0,0,0,1,1,0,0,0,1,0,0,0,0,0,0
92049,1,1,1,1,1,0,0,0,0,0,0,1,0,0,1,1,0,0,0,0,0,0,0,0,0,0
92050,0,0,1,1,1,0,1,0,1,1,1,1,1,1,1,1,1,0,0,0,1,1,1,1,0,1
92051,1,1,1,1,1,0,0,0,0,0,0,0,0,0,1,1,0,1,0,1,0,0,0,0,0,0
92060,1,1,1,1,1,0,0,NA,0,0,0,0,NA,0,1,1,0,0,0,0,0,0,0,0,0,0
92062,1,1,1,1,1,0,0,0,0,0,0,1,0,0,1,1,1,0,0,0,0,0,0,0,0,0
92063,1,1,1,1,1,0,0,0,0,0,0,0,0,0,1,1,0,0,0,1,0,0,0,0,0,0
92064,1,1,1,1,1,0,0,NA,0,0,0,0,NA,0,1,1,0,1,0,1,0,0,0,0,0,0
92071,1,1,1,1,1,0,0,NA,0,0,0,NA,NA,0,1,1,0,1,0,1,0,0,0,0,0,0
92072,1,1,1,1,1,0,0,NA,0,0,0,0,NA,0,1,1,0,0,0,1,0,0,0,0,0,0
92073,1,1,1,1,1,0,0,0,0,0,0,1,0,0,1,1,1,0,0,1,0,0,0,0,0,0
92075,1,1,1,1,1,0,0,0,0,0,0,0,NA,0,1,1,0,0,0,1,0,0,0,0,0,0
92076,1,1,1,1,1,NA,0,NA,NA,NA,NA,NA,NA,0,1,1,0,1,0,1,0,0,0,0,0,0
92077,1,1,1,1,1,NA,0,NA,NA,NA,NA,NA,NA,0,1,1,0,1,0,1,0,0,0,0,0,0
92078,0,0,0,1,0,1,1,1,1,1,1,1,1,1,1,1,1,0,0,0,1,1,1,1,1,1
93001,0,0,0,1,0,1,1,1,1,1,1,1,1,1,1,1,1,0,0,0,1,1,1,1,1,1
93005,0,0,0,1,0,1,1,1,1,1,1,1,1,1,1,1,1,0,0,0,1,1,1,1,0,1
93006,0,0,0,1,0,1,1,1,1,1,1,1,1,1,1,1,1,0,0,0,1,1,1,1,0,1
93007,0,0,0,1,0,1,1,1,1,1,1,1,1,1,1,1,1,0,0,0,1,1,1,1,1,1
93008,0,0,0,1,0,1,1,1,1,1,1,1,1,1,1,1,1,0,0,0,1,1,1,1,1,1
93010,0,0,0,1,0,1,1,1,1,1,1,1,1,1,1,1,1,0,0,0,1,1,1,1,1,1
93013,0,0,0,1,0,1,1,1,1,1,1,1,NA,1,1,1,1,0,0,0,1,1,1,1,0,1
93014,0,0,0,1,0,1,1,1,1,1,1,1,1,1,1,1,1,0,0,0,1,1,1,1,1,1
93015,1,1,1,0,1,NA,NA,NA,NA,NA,NA,NA,NA,0,1,1,0,0,0,0,0,0,0,0,0,1
93027,0,0,0,1,0,1,1,1,1,1,1,1,1,1,1,1,1,0,0,0,1,1,1,1,1,1
93029,0,0,0,1,0,1,1,1,1,1,1,1,1,1,1,1,1,0,0,0,1,1,1,1,1,1
93030,0,0,0,1,0,1,1,NA,1,1,1,1,NA,1,1,1,1,0,0,0,1,1,1,1,1,1
93031,0,0,0,1,0,1,1,1,1,1,1,1,1,1,1,1,1,0,0,0,1,1,1,1,1,1
93032,0,1,1,1,1,1,1,1,1,1,1,1,0,1,1,1,1,0,0,0,1,1,1,1,0,1
93033,1,1,1,1,1,NA,0,NA,NA,NA,NA,NA,NA,0,1,1,0,0,0,1,0,0,0,0,0,0
93039,0,0,0,1,0,NA,1,NA,1,1,1,1,NA,1,1,1,1,0,0,0,1,1,1,1,1,1
93045,0,1,1,1,1,1,0,0,1,1,1,1,NA,1,1,1,1,1,0,1,0,0,0,1,0,0
93046,0,0,1,1,1,1,1,1,1,1,1,1,0,1,1,1,1,0,0,0,1,1,1,1,0,1
93047,0,0,0,1,1,1,1,1,1,1,1,1,1,1,1,1,1,0,0,0,1,1,1,1,0,1
93048,0,0,1,1,1,1,1,1,1,1,1,1,1,1,1,1,1,0,0,0,1,1,1,1,0,1
93049,0,1,1,1,1,0,1,1,0,1,0,0,NA,1,1,1,1,0,0,0,0,0,0,1,0,0
93050,0,0,0,1,1,1,1,1,1,1,1,1,0,1,1,1,1,0,0,0,1,1,1,1,0,1
93051,0,1,1,1,1,0,1,0,1,1,1,1,0,1,1,1,1,0,0,0,1,1,1,1,0,1
93053,0,0,0,1,0,1,1,1,1,1,1,1,1,1,1,1,1,0,0,0,1,1,1,1,1,1
93055,0,0,1,1,1,1,1,1,1,1,1,1,1,1,1,1,1,0,0,0,1,1,1,1,0,1
93057,0,0,1,1,1,1,1,1,1,1,1,1,NA,1,1,1,1,0,0,0,1,1,1,1,0,1
93059,0,0,0,1,0,1,1,1,1,1,1,1,1,1,1,1,1,0,0,0,1,1,1,1,1,1
93061,0,0,1,1,1,1,1,1,1,1,1,1,NA,1,1,1,1,0,0,0,1,1,1,1,0,1
93062,0,1,1,1,1,0,0,1,1,1,0,NA,NA,1,1,1,0,1,0,1,0,0,0,0,0,0
93063,0,0,1,1,1,1,1,1,1,1,1,1,1,1,1,1,1,0,0,0,1,1,1,1,0,1
93064,0,0,1,1,1,1,1,1,1,1,1,1,0,1,1,1,1,0,0,0,1,1,1,1,0,1
93066,0,0,0,1,0,1,1,1,1,1,1,1,1,1,1,1,1,0,0,0,1,1,1,1,1,1
93070,0,0,1,1,1,1,1,1,1,1,1,1,1,1,1,1,1,0,0,0,1,1,1,1,0,1
93071,0,0,0,1,0,1,1,1,1,1,1,1,1,1,1,1,1,0,0,0,1,1,1,1,1,1
93072,0,0,0,1,0,1,1,1,1,1,1,1,1,1,1,1,1,0,0,0,1,1,1,1,1,1
93073,0,0,0,1,1,1,1,0,1,1,1,1,0,1,1,1,1,0,0,0,1,1,1,1,0,1
93074,0,1,1,1,1,1,0,NA,0,0,NA,NA,NA,1,1,1,1,0,0,0,1,1,0,1,0,1
93077,0,1,1,1,1,0,1,1,1,1,1,1,NA,1,1,1,1,0,0,0,1,1,1,1,0,1
93078,0,0,0,1,0,1,1,1,1,1,1,1,1,1,1,1,1,0,0,0,1,1,1,1,1,1
93079,0,0,0,1,0,1,1,NA,1,1,1,1,NA,1,1,1,1,0,0,0,1,1,1,1,1,1
94001,0,1,1,1,1,0,0,NA,1,0,NA,NA,NA,1,1,1,1,0,0,0,1,1,0,1,0,1
94002,0,0,1,1,1,0,1,0,1,1,1,1,1,1,1,1,1,0,0,0,1,1,1,1,0,1
94003,0,1,1,1,1,0,0,0,1,1,1,1,NA,1,1,1,1,0,0,0,1,1,1,1,0,0
94004,0,0,1,1,1,1,1,1,1,1,1,1,NA,1,1,1,1,0,0,0,1,1,1,1,0,1
94011,0,0,0,1,1,1,1,1,1,1,1,1,NA,1,1,1,1,0,0,0,1,1,1,1,1,1
94015,1,1,1,1,1,0,0,NA,0,0,0,NA,NA,0,1,1,0,1,0,1,0,0,0,0,0,0
94016,0,1,1,1,1,0,0,0,0,1,1,1,NA,1,1,1,1,0,0,0,0,0,0,1,0,0
94017,0,0,1,1,1,0,1,1,1,1,1,1,1,1,1,1,1,0,0,0,1,1,1,1,0,1
94018,1,1,1,1,1,0,0,0,0,0,0,0,NA,0,1,1,0,1,0,1,0,0,0,0,0,0
94019,0,1,1,1,1,0,1,NA,1,1,1,1,NA,1,1,1,1,0,0,0,1,1,0,1,0,1
94021,0,1,1,1,1,0,0,NA,1,1,1,1,NA,1,1,1,1,0,0,0,1,1,1,1,0,1
94022,0,0,1,1,1,1,1,1,1,1,1,1,1,1,1,1,1,0,0,0,1,1,1,1,0,1
94028,0,0,1,1,1,1,1,1,1,1,1,1,1,1,1,1,1,0,0,0,1,1,1,1,0,1
94033,0,1,1,1,1,0,0,0,1,1,1,1,0,1,1,1,1,0,0,1,0,0,0,1,0,0
94034,0,1,1,1,1,0,0,0,0,1,1,1,NA,1,1,1,1,0,0,0,1,1,0,1,0,1
94037,0,0,1,1,1,0,0,1,1,1,1,1,NA,1,1,1,1,0,0,0,1,1,1,1,0,1
94038,0,1,1,1,1,0,1,0,1,1,1,1,0,1,1,1,0,0,0,0,0,1,0,1,0,1
94041,0,0,1,1,1,1,1,1,1,1,1,1,1,1,1,1,1,0,0,0,1,1,1,1,0,1
94042,1,1,1,1,1,0,0,NA,0,0,0,1,NA,0,1,1,0,1,0,1,0,0,0,0,0,0
94043,0,1,1,1,1,1,0,0,0,1,1,1,NA,1,1,1,1,0,0,0,1,0,1,1,0,0
94044,0,1,1,1,1,0,0,0,0,1,1,1,NA,1,1,1,1,0,0,0,1,1,1,1,0,1
94046,1,1,1,1,1,0,0,0,0,0,0,0,0,0,1,1,1,0,0,0,0,0,0,0,0,0
94047,1,1,1,1,1,NA,0,NA,NA,NA,NA,NA,NA,0,1,1,0,0,0,1,0,0,0,0,0,0
94048,1,1,1,1,1,NA,NA,NA,NA,NA,NA,NA,NA,0,1,1,0,1,0,1,0,0,0,0,0,0
94052,1,1,1,1,1,0,0,0,0,0,0,0,NA,0,1,1,0,1,0,1,0,0,0,0,0,0
94053,1,1,1,1,1,NA,NA,NA,NA,NA,NA,NA,NA,0,1,1,0,0,0,0,0,0,0,0,0,0
94054,0,0,0,1,0,1,1,1,1,1,1,1,1,1,1,1,1,0,0,0,1,1,1,1,1,1
94055,1,1,1,1,1,0,0,NA,NA,0,NA,NA,NA,0,1,1,0,0,0,1,0,0,0,0,0,0
94056,1,1,1,1,1,NA,NA,NA,NA,NA,NA,NA,NA,NA,1,1,0,1,0,0,0,0,0,0,0,0
94058,1,1,1,1,1,0,0,0,0,0,0,0,NA,0,1,1,0,1,0,1,0,0,0,0,0,0
94059,1,1,1,1,1,0,0,NA,0,0,0,0,NA,0,1,1,0,0,0,0,0,0,0,0,0,0
94060,1,1,1,1,1,0,0,NA,0,0,0,NA,NA,0,1,1,1,0,0,0,0,1,0,0,0,1
94065,1,1,1,1,1,NA,0,NA,NA,NA,NA,NA,NA,0,1,1,0,0,0,0,0,0,0,0,0,0
94067,1,1,1,1,1,0,0,NA,0,0,0,0,NA,0,1,1,0,1,0,1,0,0,0,0,0,0
94068,1,1,1,1,1,0,0,0,0,0,0,0,0,0,1,1,0,1,0,1,0,0,0,0,0,0
94069,1,1,1,1,1,0,0,NA,0,0,0,0,NA,0,1,1,1,1,0,1,0,0,0,0,0,0
94070,1,1,1,1,1,NA,NA,NA,NA,NA,NA,NA,NA,0,1,1,0,1,0,1,0,0,0,0,0,0
94071,1,1,1,1,1,0,0,NA,0,0,0,0,NA,0,1,1,0,0,0,0,0,0,0,0,0,0
94073,0,1,1,1,1,0,1,0,1,1,1,1,NA,1,1,1,0,0,0,0,0,1,0,1,0,1
94074,0,0,0,1,0,1,1,1,1,1,1,1,NA,1,1,1,1,0,0,0,1,1,1,1,1,1
94075,1,1,1,1,1,0,0,NA,0,0,NA,NA,NA,0,1,1,0,0,0,1,0,0,0,0,0,1
94076,0,0,1,1,1,1,1,1,1,1,1,1,0,1,1,1,1,0,0,0,1,1,1,1,0,1
94077,0,1,1,1,1,1,1,1,1,1,1,1,NA,1,1,1,1,0,0,0,1,1,1,1,0,1
94078,0,0,0,1,0,1,1,1,1,1,1,1,1,1,1,1,1,0,0,0,1,1,1,1,1,1
94079,0,1,1,1,1,0,1,0,1,1,1,1,0,1,1,1,1,0,0,0,1,1,1,1,0,1
94080,1,1,1,1,1,0,0,0,0,0,0,0,0,0,1,1,0,1,0,1,0,0,0,0,0,0
94081,0,0,1,1,1,1,1,1,1,1,1,1,1,1,1,1,1,0,0,0,1,1,1,1,0,1
95018,0,0,0,1,1,1,1,1,1,1,1,1,1,1,1,1,1,0,0,0,1,1,1,1,0,1
13008,NA,1,NA,NA,NA,NA,NA,NA,NA,NA,NA,NA,NA,NA,NA,NA,NA,NA,NA,NA,NA,NA,NA,NA,NA,0
13009,NA,1,NA,NA,NA,NA,NA,NA,NA,NA,NA,NA,NA,NA,NA,NA,NA,NA,NA,NA,NA,NA,NA,NA,NA,1
13012,NA,1,NA,NA,NA,NA,NA,NA,NA,NA,NA,NA,NA,NA,NA,NA,NA,NA,NA,NA,NA,NA,NA,NA,NA,0
13013,NA,1,NA,NA,NA,NA,NA,NA,NA,NA,NA,NA,NA,NA,NA,NA,NA,NA,NA,NA,NA,NA,NA,NA,NA,1
13029,NA,1,NA,NA,NA,NA,NA,NA,NA,NA,NA,NA,NA,NA,NA,NA,NA,NA,NA,NA,NA,NA,NA,NA,NA,1
13079,NA,1,NA,NA,NA,NA,NA,NA,NA,NA,NA,NA,NA,NA,NA,NA,NA,NA,NA,NA,NA,NA,NA,NA,NA,1
13090,NA,1,NA,NA,NA,NA,NA,NA,NA,NA,NA,NA,NA,NA,NA,NA,NA,NA,NA,NA,NA,NA,NA,NA,NA,0
13093,NA,1,NA,NA,NA,NA,NA,NA,NA,NA,NA,NA,NA,NA,NA,NA,NA,NA,NA,NA,NA,NA,NA,NA,NA,0
13095,NA,1,NA,NA,NA,NA,NA,NA,NA,NA,NA,NA,NA,NA,NA,NA,NA,NA,NA,NA,NA,NA,NA,NA,NA,0
13099,NA,1,NA,NA,NA,NA,NA,NA,NA,NA,NA,NA,NA,NA,NA,NA,NA,NA,NA,NA,NA,NA,NA,NA,NA,1
13111,NA,1,NA,NA,NA,NA,NA,NA,NA,NA,NA,NA,NA,NA,NA,NA,NA,NA,NA,NA,NA,NA,NA,NA,NA,0
69071,NA,1,NA,NA,NA,NA,NA,NA,NA,NA,NA,NA,NA,NA,NA,NA,NA,NA,NA,NA,NA,NA,NA,NA,NA,0
69085,NA,1,NA,NA,NA,NA,NA,NA,NA,NA,NA,NA,NA,NA,NA,NA,NA,NA,NA,NA,NA,NA,NA,NA,NA,0
69153,NA,1,NA,NA,NA,NA,NA,NA,NA,NA,NA,NA,NA,NA,NA,NA,NA,NA,NA,NA,NA,NA,NA,NA,NA,0
69168,NA,1,NA,NA,NA,NA,NA,NA,NA,NA,NA,NA,NA,NA,NA,NA,NA,NA,NA,NA,NA,NA,NA,NA,NA,0
69233,NA,1,NA,NA,NA,NA,NA,NA,NA,NA,NA,NA,NA,NA,NA,NA,NA,NA,NA,NA,NA,NA,NA,NA,NA,0
92047,NA,1,NA,NA,NA,NA,NA,NA,NA,NA,NA,NA,NA,NA,NA,NA,NA,NA,NA,NA,NA,NA,NA,NA,NA,0
